loan_id,payment_id,actual_payment_date,actual_principal,actual_interest,actual_fees,actual_total_amount,write_off_amount,penalty_amount
LOAN_001,PAY_00001,2022-03-17,416.6666666666667,57.18423013613986,5.0,478.8508968028066,0.0,0.0
LOAN_001,PAY_00002,2022-04-16,416.6666666666667,57.18423013613986,5.0,478.8508968028066,0.0,0.0
LOAN_001,PAY_00003,2022-05-16,416.6666666666667,57.18423013613986,5.0,478.8508968028066,0.0,0.0
LOAN_001,PAY_00004,2022-06-15,416.6666666666667,57.18423013613986,5.0,478.8508968028066,0.0,0.0
LOAN_001,PAY_00005,2022-08-03,416.6666666666667,57.18423013613986,5.0,478.8508968028066,0.0,0.0
LOAN_001,PAY_00006,2022-08-14,416.6666666666667,57.18423013613986,5.0,478.8508968028066,0.0,0.0
LOAN_001,PAY_00007,2022-09-18,416.6666666666667,57.18423013613986,5.0,478.8508968028066,0.0,0.0
LOAN_002,PAY_00008,2022-10-31,217.3913043478261,46.492360401313825,5.0,268.88366474913994,0.0,0.0
LOAN_002,PAY_00009,2023-01-06,217.3913043478261,46.492360401313825,5.0,268.88366474913994,0.0,0.0
LOAN_002,PAY_00010,2022-12-30,217.3913043478261,46.492360401313825,5.0,268.88366474913994,0.0,0.0
LOAN_002,PAY_00011,2023-01-29,217.3913043478261,46.492360401313825,5.0,268.88366474913994,0.0,0.0
LOAN_002,PAY_00012,2023-02-28,217.3913043478261,46.492360401313825,5.0,268.88366474913994,0.0,0.0
LOAN_002,PAY_00013,2023-04-08,217.3913043478261,46.492360401313825,5.0,268.88366474913994,0.0,0.0
LOAN_002,PAY_00014,2023-04-29,217.3913043478261,46.492360401313825,5.0,268.88366474913994,0.0,0.0
LOAN_002,PAY_00015,2023-05-29,217.3913043478261,46.492360401313825,5.0,268.88366474913994,0.0,0.0
LOAN_002,PAY_00016,2023-06-28,217.3913043478261,46.492360401313825,5.0,268.88366474913994,0.0,0.0
LOAN_002,PAY_00017,2023-07-28,217.3913043478261,46.492360401313825,5.0,268.88366474913994,0.0,0.0
LOAN_002,PAY_00018,2023-08-27,217.3913043478261,46.492360401313825,5.0,268.88366474913994,0.0,0.0
LOAN_002,PAY_00019,2023-09-26,217.3913043478261,46.492360401313825,5.0,268.88366474913994,0.0,0.0
LOAN_002,PAY_00020,2023-12-03,217.3913043478261,46.492360401313825,5.0,268.88366474913994,0.0,0.0
LOAN_002,PAY_00021,2023-11-25,217.3913043478261,46.492360401313825,5.0,268.88366474913994,0.0,0.0
LOAN_002,PAY_00022,2023-12-25,217.3913043478261,46.492360401313825,5.0,268.88366474913994,0.0,0.0
LOAN_002,PAY_00023,2024-01-24,217.3913043478261,46.492360401313825,5.0,268.88366474913994,0.0,0.0
LOAN_002,PAY_00024,2024-02-23,217.3913043478261,46.492360401313825,5.0,268.88366474913994,0.0,0.0
LOAN_002,PAY_00025,2024-03-24,217.3913043478261,46.492360401313825,5.0,268.88366474913994,0.0,0.0
LOAN_002,PAY_00026,2024-04-23,217.3913043478261,46.492360401313825,5.0,268.88366474913994,0.0,0.0
LOAN_002,PAY_00027,2024-05-23,217.3913043478261,46.492360401313825,5.0,268.88366474913994,0.0,0.0
LOAN_002,PAY_00028,2024-06-22,217.3913043478261,46.492360401313825,5.0,268.88366474913994,0.0,0.0
LOAN_003,PAY_00029,2021-06-11,1666.6666666666667,193.22525641873665,5.0,1864.8919230854035,0.0,0.0
LOAN_003,PAY_00030,2021-07-11,1666.6666666666667,193.22525641873665,5.0,1864.8919230854035,0.0,0.0
LOAN_003,PAY_00031,2021-09-11,1666.6666666666667,193.22525641873665,5.0,1864.8919230854035,0.0,0.0
LOAN_003,PAY_00032,2021-10-18,1666.6666666666667,193.22525641873665,5.0,1864.8919230854035,0.0,0.0
LOAN_003,PAY_00033,2021-10-09,1666.6666666666667,193.22525641873665,5.0,1864.8919230854035,0.0,0.0
LOAN_003,PAY_00034,2021-11-30,1666.6666666666667,193.22525641873665,5.0,1864.8919230854035,0.0,0.0
LOAN_003,PAY_00035,2021-12-08,1666.6666666666667,193.22525641873665,5.0,1864.8919230854035,0.0,0.0
LOAN_003,PAY_00036,2022-01-07,1666.6666666666667,193.22525641873665,5.0,1864.8919230854035,0.0,0.0
LOAN_004,PAY_00037,2022-01-01,416.6666666666667,57.204792099966774,5.0,478.87145876663345,0.0,0.0
LOAN_004,PAY_00038,2022-01-31,416.6666666666667,57.204792099966774,5.0,478.87145876663345,0.0,0.0
LOAN_004,PAY_00039,2022-03-02,416.6666666666667,57.204792099966774,5.0,478.87145876663345,0.0,0.0
LOAN_004,PAY_00040,2022-04-01,416.6666666666667,57.204792099966774,5.0,478.87145876663345,0.0,0.0
LOAN_004,PAY_00041,2022-05-01,416.6666666666667,57.204792099966774,5.0,478.87145876663345,0.0,0.0
LOAN_004,PAY_00042,2022-05-31,416.6666666666667,57.204792099966774,5.0,478.87145876663345,0.0,0.0
LOAN_004,PAY_00043,2022-06-30,416.6666666666667,57.204792099966774,5.0,478.87145876663345,0.0,0.0
LOAN_005,PAY_00044,2022-07-13,208.33333333333334,33.36555860501458,5.0,246.6988919383479,0.0,0.0
LOAN_005,PAY_00045,2022-08-12,208.33333333333334,33.36555860501458,5.0,246.6988919383479,0.0,0.0
LOAN_005,PAY_00046,2022-09-11,208.33333333333334,33.36555860501458,5.0,246.6988919383479,0.0,0.0
LOAN_005,PAY_00047,2022-10-11,208.33333333333334,33.36555860501458,5.0,246.6988919383479,0.0,0.0
LOAN_005,PAY_00048,2022-11-10,208.33333333333334,33.36555860501458,5.0,246.6988919383479,0.0,0.0
LOAN_005,PAY_00049,2022-12-10,208.33333333333334,33.36555860501458,5.0,246.6988919383479,0.0,0.0
LOAN_006,PAY_00050,2021-09-30,416.6666666666667,37.648398769867775,5.0,459.31506543653444,0.0,0.0
LOAN_006,PAY_00051,2021-10-30,416.6666666666667,37.648398769867775,5.0,459.31506543653444,0.0,0.0
LOAN_006,PAY_00052,2021-11-29,416.6666666666667,37.648398769867775,5.0,459.31506543653444,0.0,0.0
LOAN_006,PAY_00053,2021-12-29,416.6666666666667,37.648398769867775,5.0,459.31506543653444,0.0,0.0
LOAN_006,PAY_00054,2022-01-28,416.6666666666667,37.648398769867775,5.0,459.31506543653444,0.0,0.0
LOAN_007,PAY_00055,2022-10-26,416.6666666666667,128.18950857872412,5.0,549.8561752453908,0.0,0.0
LOAN_007,PAY_00056,2022-11-25,416.6666666666667,128.18950857872412,5.0,549.8561752453908,0.0,0.0
LOAN_007,PAY_00057,2022-12-25,416.6666666666667,128.18950857872412,5.0,549.8561752453908,0.0,0.0
LOAN_007,PAY_00058,2023-01-24,416.6666666666667,128.18950857872412,5.0,549.8561752453908,0.0,0.0
LOAN_007,PAY_00059,2023-02-23,416.6666666666667,128.18950857872412,5.0,549.8561752453908,0.0,0.0
LOAN_007,PAY_00060,2023-03-25,416.6666666666667,128.18950857872412,5.0,549.8561752453908,0.0,0.0
LOAN_007,PAY_00061,2023-04-24,416.6666666666667,128.18950857872412,5.0,549.8561752453908,0.0,0.0
LOAN_007,PAY_00062,2023-05-24,416.6666666666667,128.18950857872412,5.0,549.8561752453908,0.0,0.0
LOAN_007,PAY_00063,2023-06-23,416.6666666666667,128.18950857872412,5.0,549.8561752453908,0.0,0.0
LOAN_007,PAY_00064,2023-07-23,416.6666666666667,128.18950857872412,5.0,549.8561752453908,0.0,0.0
LOAN_007,PAY_00065,2023-08-22,416.6666666666667,128.18950857872412,5.0,549.8561752453908,0.0,0.0
LOAN_007,PAY_00066,2023-11-04,416.6666666666667,128.18950857872412,5.0,549.8561752453908,0.0,0.0
LOAN_007,PAY_00067,2023-10-21,416.6666666666667,128.18950857872412,5.0,549.8561752453908,0.0,0.0
LOAN_007,PAY_00068,2023-11-20,416.6666666666667,128.18950857872412,5.0,549.8561752453908,0.0,0.0
LOAN_007,PAY_00069,2023-12-30,416.6666666666667,128.18950857872412,5.0,549.8561752453908,0.0,0.0
LOAN_007,PAY_00070,2024-01-19,416.6666666666667,128.18950857872412,5.0,549.8561752453908,0.0,0.0
LOAN_007,PAY_00071,2024-02-18,416.6666666666667,128.18950857872412,5.0,549.8561752453908,0.0,0.0
LOAN_007,PAY_00072,2024-03-19,416.6666666666667,128.18950857872412,5.0,549.8561752453908,0.0,0.0
LOAN_007,PAY_00073,2024-04-18,416.6666666666667,128.18950857872412,5.0,549.8561752453908,0.0,0.0
LOAN_007,PAY_00074,2024-05-18,416.6666666666667,128.18950857872412,5.0,549.8561752453908,0.0,0.0
LOAN_007,PAY_00075,2024-06-17,416.6666666666667,128.18950857872412,5.0,549.8561752453908,0.0,0.0
LOAN_008,PAY_00076,2023-02-03,217.3913043478261,49.47120936026979,5.0,271.8625137080959,0.0,0.0
LOAN_008,PAY_00077,2023-01-30,217.3913043478261,49.47120936026979,5.0,271.8625137080959,0.0,0.0
LOAN_008,PAY_00078,2023-03-01,217.3913043478261,49.47120936026979,5.0,271.8625137080959,0.0,0.0
LOAN_008,PAY_00079,2023-03-31,217.3913043478261,49.47120936026979,5.0,271.8625137080959,0.0,0.0
LOAN_008,PAY_00080,2023-04-30,217.3913043478261,49.47120936026979,5.0,271.8625137080959,0.0,0.0
LOAN_008,PAY_00081,2023-05-30,217.3913043478261,49.47120936026979,5.0,271.8625137080959,0.0,0.0
LOAN_008,PAY_00082,2023-06-29,217.3913043478261,49.47120936026979,5.0,271.8625137080959,0.0,0.0
LOAN_008,PAY_00083,2023-07-29,217.3913043478261,49.47120936026979,5.0,271.8625137080959,0.0,0.0
LOAN_008,PAY_00084,2023-08-28,217.3913043478261,49.47120936026979,5.0,271.8625137080959,0.0,0.0
LOAN_008,PAY_00085,2023-09-27,217.3913043478261,49.47120936026979,5.0,271.8625137080959,0.0,0.0
LOAN_008,PAY_00086,2023-11-11,217.3913043478261,49.47120936026979,5.0,271.8625137080959,0.0,0.0
LOAN_008,PAY_00087,2023-11-26,217.3913043478261,49.47120936026979,5.0,271.8625137080959,0.0,0.0
LOAN_009,PAY_00088,2021-02-23,1666.6666666666667,155.31092878030623,5.0,1826.977595446973,0.0,0.0
LOAN_009,PAY_00089,2021-03-25,1666.6666666666667,155.31092878030623,5.0,1826.977595446973,0.0,0.0
LOAN_009,PAY_00090,2021-04-24,1666.6666666666667,155.31092878030623,5.0,1826.977595446973,0.0,0.0
LOAN_009,PAY_00091,2021-05-24,1666.6666666666667,155.31092878030623,5.0,1826.977595446973,0.0,0.0
LOAN_009,PAY_00092,2021-06-23,1666.6666666666667,155.31092878030623,5.0,1826.977595446973,0.0,0.0
LOAN_009,PAY_00093,2021-07-23,1666.6666666666667,155.31092878030623,5.0,1826.977595446973,0.0,0.0
LOAN_009,PAY_00094,2021-08-22,1666.6666666666667,155.31092878030623,5.0,1826.977595446973,0.0,0.0
LOAN_009,PAY_00095,2021-09-21,1666.6666666666667,155.31092878030623,5.0,1826.977595446973,0.0,0.0
LOAN_009,PAY_00096,2021-11-25,1666.6666666666667,155.31092878030623,5.0,1826.977595446973,0.0,0.0
LOAN_010,PAY_00097,2021-02-19,416.6666666666667,82.47283955698778,5.0,504.13950622365445,0.0,0.0
LOAN_010,PAY_00098,2021-03-21,416.6666666666667,82.47283955698778,5.0,504.13950622365445,0.0,0.0
LOAN_010,PAY_00099,2021-04-20,416.6666666666667,82.47283955698778,5.0,504.13950622365445,0.0,0.0
LOAN_010,PAY_00100,2021-05-20,416.6666666666667,82.47283955698778,5.0,504.13950622365445,0.0,0.0
LOAN_010,PAY_00101,2021-06-19,416.6666666666667,82.47283955698778,5.0,504.13950622365445,0.0,0.0
LOAN_010,PAY_00102,2021-07-19,416.6666666666667,82.47283955698778,5.0,504.13950622365445,0.0,0.0
LOAN_010,PAY_00103,2021-08-18,416.6666666666667,82.47283955698778,5.0,504.13950622365445,0.0,0.0
LOAN_010,PAY_00104,2021-10-29,416.6666666666667,82.47283955698778,5.0,504.13950622365445,0.0,0.0
LOAN_010,PAY_00105,2021-10-17,416.6666666666667,82.47283955698778,5.0,504.13950622365445,0.0,0.0
LOAN_010,PAY_00106,2021-11-16,416.6666666666667,82.47283955698778,5.0,504.13950622365445,0.0,0.0
LOAN_010,PAY_00107,2022-01-23,416.6666666666667,82.47283955698778,5.0,504.13950622365445,0.0,0.0
LOAN_011,PAY_00108,2022-03-28,625.0,197.18570779971034,5.0,827.1857077997104,0.0,0.0
LOAN_011,PAY_00109,2022-04-27,625.0,197.18570779971034,5.0,827.1857077997104,0.0,0.0
LOAN_011,PAY_00110,2022-05-27,625.0,197.18570779971034,5.0,827.1857077997104,0.0,0.0
LOAN_011,PAY_00111,2022-06-26,625.0,197.18570779971034,5.0,827.1857077997104,0.0,0.0
LOAN_012,PAY_00112,2022-01-19,416.6666666666667,138.94320807252734,5.0,560.6098747391941,0.0,0.0
LOAN_012,PAY_00113,2022-03-25,416.6666666666667,138.94320807252734,5.0,560.6098747391941,0.0,0.0
LOAN_012,PAY_00114,2022-03-20,416.6666666666667,138.94320807252734,5.0,560.6098747391941,0.0,0.0
LOAN_012,PAY_00115,2022-04-19,416.6666666666667,138.94320807252734,5.0,560.6098747391941,0.0,0.0
LOAN_012,PAY_00116,2022-05-19,416.6666666666667,138.94320807252734,5.0,560.6098747391941,0.0,0.0
LOAN_012,PAY_00117,2022-06-18,416.6666666666667,138.94320807252734,5.0,560.6098747391941,0.0,0.0
LOAN_012,PAY_00118,2022-07-18,416.6666666666667,138.94320807252734,5.0,560.6098747391941,0.0,0.0
LOAN_012,PAY_00119,2022-08-17,416.6666666666667,138.94320807252734,5.0,560.6098747391941,0.0,0.0
LOAN_012,PAY_00120,2022-09-16,416.6666666666667,138.94320807252734,5.0,560.6098747391941,0.0,0.0
LOAN_012,PAY_00121,2022-10-16,416.6666666666667,138.94320807252734,5.0,560.6098747391941,0.0,0.0
LOAN_012,PAY_00122,2022-11-15,416.6666666666667,138.94320807252734,5.0,560.6098747391941,0.0,0.0
LOAN_012,PAY_00123,2023-01-23,416.6666666666667,138.94320807252734,5.0,560.6098747391941,0.0,0.0
LOAN_012,PAY_00124,2023-01-14,416.6666666666667,138.94320807252734,5.0,560.6098747391941,0.0,0.0
LOAN_012,PAY_00125,2023-02-13,416.6666666666667,138.94320807252734,5.0,560.6098747391941,0.0,0.0
LOAN_012,PAY_00126,2023-03-15,416.6666666666667,138.94320807252734,5.0,560.6098747391941,0.0,0.0
LOAN_012,PAY_00127,2023-04-14,416.6666666666667,138.94320807252734,5.0,560.6098747391941,0.0,0.0
LOAN_013,PAY_00128,2022-07-07,208.33333333333334,35.452035192389665,5.0,248.78536852572302,0.0,0.0
LOAN_014,PAY_00129,2022-09-13,208.33333333333334,67.34524424579608,5.0,280.6785775791294,0.0,0.0
LOAN_014,PAY_00130,2022-11-07,208.33333333333334,67.34524424579608,5.0,280.6785775791294,0.0,0.0
LOAN_014,PAY_00131,2022-11-12,208.33333333333334,67.34524424579608,5.0,280.6785775791294,0.0,0.0
LOAN_014,PAY_00132,2022-12-12,208.33333333333334,67.34524424579608,5.0,280.6785775791294,0.0,0.0
LOAN_014,PAY_00133,2023-01-11,208.33333333333334,67.34524424579608,5.0,280.6785775791294,0.0,0.0
LOAN_014,PAY_00134,2023-02-10,208.33333333333334,67.34524424579608,5.0,280.6785775791294,0.0,0.0
LOAN_014,PAY_00135,2023-03-12,208.33333333333334,67.34524424579608,5.0,280.6785775791294,0.0,0.0
LOAN_014,PAY_00136,2023-04-11,208.33333333333334,67.34524424579608,5.0,280.6785775791294,0.0,0.0
LOAN_014,PAY_00137,2023-05-11,208.33333333333334,67.34524424579608,5.0,280.6785775791294,0.0,0.0
LOAN_014,PAY_00138,2023-06-10,208.33333333333334,67.34524424579608,5.0,280.6785775791294,0.0,0.0
LOAN_014,PAY_00139,2023-07-10,208.33333333333334,67.34524424579608,5.0,280.6785775791294,0.0,0.0
LOAN_014,PAY_00140,2023-08-09,208.33333333333334,67.34524424579608,5.0,280.6785775791294,0.0,0.0
LOAN_014,PAY_00141,2023-09-08,208.33333333333334,67.34524424579608,5.0,280.6785775791294,0.0,0.0
LOAN_014,PAY_00142,2023-10-08,208.33333333333334,67.34524424579608,5.0,280.6785775791294,0.0,0.0
LOAN_014,PAY_00143,2023-11-07,208.33333333333334,67.34524424579608,5.0,280.6785775791294,0.0,0.0
LOAN_014,PAY_00144,2023-12-07,208.33333333333334,67.34524424579608,5.0,280.6785775791294,0.0,0.0
LOAN_014,PAY_00145,2024-01-06,208.33333333333334,67.34524424579608,5.0,280.6785775791294,0.0,0.0
LOAN_014,PAY_00146,2024-02-05,208.33333333333334,67.34524424579608,5.0,280.6785775791294,0.0,0.0
LOAN_014,PAY_00147,2024-03-06,208.33333333333334,67.34524424579608,5.0,280.6785775791294,0.0,0.0
LOAN_014,PAY_00148,2024-04-05,208.33333333333334,67.34524424579608,5.0,280.6785775791294,0.0,0.0
LOAN_014,PAY_00149,2024-05-05,208.33333333333334,67.34524424579608,5.0,280.6785775791294,0.0,0.0
LOAN_014,PAY_00150,2024-06-04,208.33333333333334,67.34524424579608,5.0,280.6785775791294,0.0,0.0
LOAN_014,PAY_00151,2024-07-04,208.33333333333334,67.34524424579608,5.0,280.6785775791294,0.0,0.0
LOAN_014,PAY_00152,2024-08-03,208.33333333333334,67.34524424579608,5.0,280.6785775791294,0.0,0.0
LOAN_015,PAY_00153,2021-03-16,1666.6666666666667,199.72233737731517,5.0,1871.389004043982,0.0,0.0
LOAN_016,PAY_00154,2021-11-17,1250.0,136.160824621721,5.0,1391.160824621721,0.0,0.0
LOAN_016,PAY_00155,2021-11-16,1250.0,136.160824621721,5.0,1391.160824621721,0.0,0.0
LOAN_016,PAY_00156,2021-12-16,1250.0,136.160824621721,5.0,1391.160824621721,0.0,0.0
LOAN_016,PAY_00157,2022-01-15,1250.0,136.160824621721,5.0,1391.160824621721,0.0,0.0
LOAN_016,PAY_00158,2022-02-14,1250.0,136.160824621721,5.0,1391.160824621721,0.0,0.0
LOAN_016,PAY_00159,2022-03-16,1250.0,136.160824621721,5.0,1391.160824621721,0.0,0.0
LOAN_016,PAY_00160,2022-04-15,1250.0,136.160824621721,5.0,1391.160824621721,0.0,0.0
LOAN_016,PAY_00161,2022-05-15,1250.0,136.160824621721,5.0,1391.160824621721,0.0,0.0
LOAN_016,PAY_00162,2022-06-14,1250.0,136.160824621721,5.0,1391.160824621721,0.0,0.0
LOAN_017,PAY_00163,2022-12-19,833.3333333333334,149.65715510149408,5.0,987.9904884348275,0.0,0.0
LOAN_018,PAY_00164,2022-05-20,833.3333333333334,285.0281375444959,5.0,1123.3614708778293,0.0,0.0
LOAN_018,PAY_00165,2022-06-19,833.3333333333334,285.0281375444959,5.0,1123.3614708778293,0.0,0.0
LOAN_018,PAY_00166,2022-07-19,833.3333333333334,285.0281375444959,5.0,1123.3614708778293,0.0,0.0
LOAN_018,PAY_00167,2022-08-18,833.3333333333334,285.0281375444959,5.0,1123.3614708778293,0.0,0.0
LOAN_018,PAY_00168,2022-09-17,833.3333333333334,285.0281375444959,5.0,1123.3614708778293,0.0,0.0
LOAN_018,PAY_00169,2022-10-17,833.3333333333334,285.0281375444959,5.0,1123.3614708778293,0.0,0.0
LOAN_018,PAY_00170,2022-11-29,833.3333333333334,285.0281375444959,5.0,1123.3614708778293,0.0,0.0
LOAN_018,PAY_00171,2022-12-16,833.3333333333334,285.0281375444959,5.0,1123.3614708778293,0.0,0.0
LOAN_018,PAY_00172,2023-01-15,833.3333333333334,285.0281375444959,5.0,1123.3614708778293,0.0,0.0
LOAN_018,PAY_00173,2023-02-14,833.3333333333334,285.0281375444959,5.0,1123.3614708778293,0.0,0.0
LOAN_018,PAY_00174,2023-03-16,833.3333333333334,285.0281375444959,5.0,1123.3614708778293,0.0,0.0
LOAN_018,PAY_00175,2023-04-15,833.3333333333334,285.0281375444959,5.0,1123.3614708778293,0.0,0.0
LOAN_018,PAY_00176,2023-05-15,833.3333333333334,285.0281375444959,5.0,1123.3614708778293,0.0,0.0
LOAN_018,PAY_00177,2023-06-14,833.3333333333334,285.0281375444959,5.0,1123.3614708778293,0.0,0.0
LOAN_019,PAY_00178,2023-01-23,833.3333333333334,246.53910220163962,5.0,1084.872435534973,0.0,0.0
LOAN_019,PAY_00179,2023-03-16,833.3333333333334,246.53910220163962,5.0,1084.872435534973,0.0,0.0
LOAN_019,PAY_00180,2023-03-24,833.3333333333334,246.53910220163962,5.0,1084.872435534973,0.0,0.0
LOAN_019,PAY_00181,2023-04-23,833.3333333333334,246.53910220163962,5.0,1084.872435534973,0.0,0.0
LOAN_019,PAY_00182,2023-05-23,833.3333333333334,246.53910220163962,5.0,1084.872435534973,0.0,0.0
LOAN_019,PAY_00183,2023-06-22,833.3333333333334,246.53910220163962,5.0,1084.872435534973,0.0,0.0
LOAN_019,PAY_00184,2023-08-19,833.3333333333334,246.53910220163962,5.0,1084.872435534973,0.0,0.0
LOAN_019,PAY_00185,2023-08-21,833.3333333333334,246.53910220163962,5.0,1084.872435534973,0.0,0.0
LOAN_019,PAY_00186,2023-09-20,833.3333333333334,246.53910220163962,5.0,1084.872435534973,0.0,0.0
LOAN_019,PAY_00187,2023-10-20,833.3333333333334,246.53910220163962,5.0,1084.872435534973,0.0,0.0
LOAN_019,PAY_00188,2023-11-19,833.3333333333334,246.53910220163962,5.0,1084.872435534973,0.0,0.0
LOAN_019,PAY_00189,2023-12-19,833.3333333333334,246.53910220163962,5.0,1084.872435534973,0.0,0.0
LOAN_019,PAY_00190,2024-01-18,833.3333333333334,246.53910220163962,5.0,1084.872435534973,0.0,0.0
LOAN_019,PAY_00191,2024-02-17,833.3333333333334,246.53910220163962,5.0,1084.872435534973,0.0,0.0
LOAN_019,PAY_00192,2024-03-18,833.3333333333334,246.53910220163962,5.0,1084.872435534973,0.0,0.0
LOAN_019,PAY_00193,2024-04-17,833.3333333333334,246.53910220163962,5.0,1084.872435534973,0.0,0.0
LOAN_019,PAY_00194,2024-05-17,833.3333333333334,246.53910220163962,5.0,1084.872435534973,0.0,0.0
LOAN_019,PAY_00195,2024-06-16,833.3333333333334,246.53910220163962,5.0,1084.872435534973,0.0,0.0
LOAN_019,PAY_00196,2024-07-16,833.3333333333334,246.53910220163962,5.0,1084.872435534973,0.0,0.0
LOAN_020,PAY_00197,2021-02-25,1250.0,210.45928958116747,5.0,1465.4592895811675,0.0,0.0
LOAN_020,PAY_00198,2021-03-27,1250.0,210.45928958116747,5.0,1465.4592895811675,0.0,0.0
LOAN_020,PAY_00199,2021-04-26,1250.0,210.45928958116747,5.0,1465.4592895811675,0.0,0.0
LOAN_020,PAY_00200,2021-05-26,1250.0,210.45928958116747,5.0,1465.4592895811675,0.0,0.0
LOAN_020,PAY_00201,2021-06-25,1250.0,210.45928958116747,5.0,1465.4592895811675,0.0,0.0
LOAN_020,PAY_00202,2021-07-25,1250.0,210.45928958116747,5.0,1465.4592895811675,0.0,0.0
LOAN_021,PAY_00203,2022-01-02,1250.0,133.90327088978734,5.0,1388.9032708897873,0.0,0.0
LOAN_021,PAY_00204,2022-02-01,1250.0,133.90327088978734,5.0,1388.9032708897873,0.0,0.0
LOAN_021,PAY_00205,2022-03-03,1250.0,133.90327088978734,5.0,1388.9032708897873,0.0,0.0
LOAN_021,PAY_00206,2022-04-02,1250.0,133.90327088978734,5.0,1388.9032708897873,0.0,0.0
LOAN_021,PAY_00207,2022-05-02,1250.0,133.90327088978734,5.0,1388.9032708897873,0.0,0.0
LOAN_021,PAY_00208,2022-06-01,1250.0,133.90327088978734,5.0,1388.9032708897873,0.0,0.0
LOAN_022,PAY_00209,2023-01-10,416.6666666666667,145.96877923120226,5.0,567.635445897869,0.0,0.0
LOAN_022,PAY_00210,2023-02-09,416.6666666666667,145.96877923120226,5.0,567.635445897869,0.0,0.0
LOAN_022,PAY_00211,2023-03-11,416.6666666666667,145.96877923120226,5.0,567.635445897869,0.0,0.0
LOAN_022,PAY_00212,2023-04-10,416.6666666666667,145.96877923120226,5.0,567.635445897869,0.0,0.0
LOAN_022,PAY_00213,2023-05-10,416.6666666666667,145.96877923120226,5.0,567.635445897869,0.0,0.0
LOAN_022,PAY_00214,2023-06-19,416.6666666666667,145.96877923120226,5.0,567.635445897869,0.0,0.0
LOAN_022,PAY_00215,2023-07-09,416.6666666666667,145.96877923120226,5.0,567.635445897869,0.0,0.0
LOAN_022,PAY_00216,2023-08-08,416.6666666666667,145.96877923120226,5.0,567.635445897869,0.0,0.0
LOAN_022,PAY_00217,2023-09-07,416.6666666666667,145.96877923120226,5.0,567.635445897869,0.0,0.0
LOAN_022,PAY_00218,2023-10-07,416.6666666666667,145.96877923120226,5.0,567.635445897869,0.0,0.0
LOAN_022,PAY_00219,2023-11-06,416.6666666666667,145.96877923120226,5.0,567.635445897869,0.0,0.0
LOAN_022,PAY_00220,2023-12-06,416.6666666666667,145.96877923120226,5.0,567.635445897869,0.0,0.0
LOAN_022,PAY_00221,2024-01-05,416.6666666666667,145.96877923120226,5.0,567.635445897869,0.0,0.0
LOAN_022,PAY_00222,2024-02-04,416.6666666666667,145.96877923120226,5.0,567.635445897869,0.0,0.0
LOAN_022,PAY_00223,2024-03-05,416.6666666666667,145.96877923120226,5.0,567.635445897869,0.0,0.0
LOAN_022,PAY_00224,2024-04-04,416.6666666666667,145.96877923120226,5.0,567.635445897869,0.0,0.0
LOAN_022,PAY_00225,2024-05-04,416.6666666666667,145.96877923120226,5.0,567.635445897869,0.0,0.0
LOAN_022,PAY_00226,2024-06-03,416.6666666666667,145.96877923120226,5.0,567.635445897869,0.0,0.0
LOAN_023,PAY_00227,2022-05-09,833.3333333333334,240.29161203726218,5.0,1078.6249453705955,0.0,0.0
LOAN_023,PAY_00228,2022-06-08,833.3333333333334,240.29161203726218,5.0,1078.6249453705955,0.0,0.0
LOAN_023,PAY_00229,2022-07-08,833.3333333333334,240.29161203726218,5.0,1078.6249453705955,0.0,0.0
LOAN_023,PAY_00230,2022-08-07,833.3333333333334,240.29161203726218,5.0,1078.6249453705955,0.0,0.0
LOAN_023,PAY_00231,2022-09-06,833.3333333333334,240.29161203726218,5.0,1078.6249453705955,0.0,0.0
LOAN_023,PAY_00232,2022-10-06,833.3333333333334,240.29161203726218,5.0,1078.6249453705955,0.0,0.0
LOAN_023,PAY_00233,2022-11-05,833.3333333333334,240.29161203726218,5.0,1078.6249453705955,0.0,0.0
LOAN_023,PAY_00234,2022-12-05,833.3333333333334,240.29161203726218,5.0,1078.6249453705955,0.0,0.0
LOAN_023,PAY_00235,2023-01-04,833.3333333333334,240.29161203726218,5.0,1078.6249453705955,0.0,0.0
LOAN_023,PAY_00236,2023-02-03,833.3333333333334,240.29161203726218,5.0,1078.6249453705955,0.0,0.0
LOAN_023,PAY_00237,2023-03-05,833.3333333333334,240.29161203726218,5.0,1078.6249453705955,0.0,0.0
LOAN_023,PAY_00238,2023-04-04,833.3333333333334,240.29161203726218,5.0,1078.6249453705955,0.0,0.0
LOAN_023,PAY_00239,2023-05-04,833.3333333333334,240.29161203726218,5.0,1078.6249453705955,0.0,0.0
LOAN_023,PAY_00240,2023-06-03,833.3333333333334,240.29161203726218,5.0,1078.6249453705955,0.0,0.0
LOAN_023,PAY_00241,2023-07-03,833.3333333333334,240.29161203726218,5.0,1078.6249453705955,0.0,0.0
LOAN_023,PAY_00242,2023-08-02,833.3333333333334,240.29161203726218,5.0,1078.6249453705955,0.0,0.0
LOAN_023,PAY_00243,2023-09-01,833.3333333333334,240.29161203726218,5.0,1078.6249453705955,0.0,0.0
LOAN_023,PAY_00244,2023-10-01,833.3333333333334,240.29161203726218,5.0,1078.6249453705955,0.0,0.0
LOAN_023,PAY_00245,2023-10-31,833.3333333333334,240.29161203726218,5.0,1078.6249453705955,0.0,0.0
LOAN_023,PAY_00246,2023-11-30,833.3333333333334,240.29161203726218,5.0,1078.6249453705955,0.0,0.0
LOAN_023,PAY_00247,2023-12-30,833.3333333333334,240.29161203726218,5.0,1078.6249453705955,0.0,0.0
LOAN_023,PAY_00248,2024-01-29,833.3333333333334,240.29161203726218,5.0,1078.6249453705955,0.0,0.0
LOAN_024,PAY_00249,2022-11-04,208.33333333333334,64.01465370001962,5.0,277.347987033353,0.0,0.0
LOAN_024,PAY_00250,2022-12-04,208.33333333333334,64.01465370001962,5.0,277.347987033353,0.0,0.0
LOAN_024,PAY_00251,2023-02-02,208.33333333333334,64.01465370001962,5.0,277.347987033353,0.0,0.0
LOAN_024,PAY_00252,2023-02-02,208.33333333333334,64.01465370001962,5.0,277.347987033353,0.0,0.0
LOAN_024,PAY_00253,2023-03-04,208.33333333333334,64.01465370001962,5.0,277.347987033353,0.0,0.0
LOAN_024,PAY_00254,2023-04-03,208.33333333333334,64.01465370001962,5.0,277.347987033353,0.0,0.0
LOAN_024,PAY_00255,2023-05-03,208.33333333333334,64.01465370001962,5.0,277.347987033353,0.0,0.0
LOAN_024,PAY_00256,2023-06-02,208.33333333333334,64.01465370001962,5.0,277.347987033353,0.0,0.0
LOAN_024,PAY_00257,2023-07-02,208.33333333333334,64.01465370001962,5.0,277.347987033353,0.0,0.0
LOAN_024,PAY_00258,2023-08-11,208.33333333333334,64.01465370001962,5.0,277.347987033353,0.0,0.0
LOAN_024,PAY_00259,2023-08-31,208.33333333333334,64.01465370001962,5.0,277.347987033353,0.0,0.0
LOAN_024,PAY_00260,2023-09-30,208.33333333333334,64.01465370001962,5.0,277.347987033353,0.0,0.0
LOAN_024,PAY_00261,2023-10-30,208.33333333333334,64.01465370001962,5.0,277.347987033353,0.0,0.0
LOAN_024,PAY_00262,2023-11-29,208.33333333333334,64.01465370001962,5.0,277.347987033353,0.0,0.0
LOAN_024,PAY_00263,2023-12-29,208.33333333333334,64.01465370001962,5.0,277.347987033353,0.0,0.0
LOAN_024,PAY_00264,2024-01-28,208.33333333333334,64.01465370001962,5.0,277.347987033353,0.0,0.0
LOAN_024,PAY_00265,2024-02-27,208.33333333333334,64.01465370001962,5.0,277.347987033353,0.0,0.0
LOAN_024,PAY_00266,2024-03-28,208.33333333333334,64.01465370001962,5.0,277.347987033353,0.0,0.0
LOAN_024,PAY_00267,2024-06-10,208.33333333333334,64.01465370001962,5.0,277.347987033353,0.0,0.0
LOAN_024,PAY_00268,2024-05-27,208.33333333333334,64.01465370001962,5.0,277.347987033353,0.0,0.0
LOAN_024,PAY_00269,2024-06-26,208.33333333333334,64.01465370001962,5.0,277.347987033353,0.0,0.0
LOAN_024,PAY_00270,2024-07-26,208.33333333333334,64.01465370001962,5.0,277.347987033353,0.0,0.0
LOAN_024,PAY_00271,2024-08-25,208.33333333333334,64.01465370001962,5.0,277.347987033353,0.0,0.0
LOAN_024,PAY_00272,2024-09-24,208.33333333333334,64.01465370001962,5.0,277.347987033353,0.0,0.0
LOAN_025,PAY_00273,2021-12-25,416.6666666666667,105.59054938372032,5.0,527.257216050387,0.0,0.0
LOAN_025,PAY_00274,2022-01-24,416.6666666666667,105.59054938372032,5.0,527.257216050387,0.0,0.0
LOAN_025,PAY_00275,2022-02-23,416.6666666666667,105.59054938372032,5.0,527.257216050387,0.0,0.0
LOAN_025,PAY_00276,2022-03-25,416.6666666666667,105.59054938372032,5.0,527.257216050387,0.0,0.0
LOAN_025,PAY_00277,2022-04-24,416.6666666666667,105.59054938372032,5.0,527.257216050387,0.0,0.0
LOAN_025,PAY_00278,2022-06-26,416.6666666666667,105.59054938372032,5.0,527.257216050387,0.0,0.0
LOAN_025,PAY_00279,2022-06-23,416.6666666666667,105.59054938372032,5.0,527.257216050387,0.0,0.0
LOAN_025,PAY_00280,2022-07-23,416.6666666666667,105.59054938372032,5.0,527.257216050387,0.0,0.0
LOAN_025,PAY_00281,2022-08-22,416.6666666666667,105.59054938372032,5.0,527.257216050387,0.0,0.0
LOAN_025,PAY_00282,2022-10-30,416.6666666666667,105.59054938372032,5.0,527.257216050387,0.0,0.0
LOAN_025,PAY_00283,2022-11-22,416.6666666666667,105.59054938372032,5.0,527.257216050387,0.0,0.0
LOAN_025,PAY_00284,2022-11-20,416.6666666666667,105.59054938372032,5.0,527.257216050387,0.0,0.0
LOAN_025,PAY_00285,2022-12-20,416.6666666666667,105.59054938372032,5.0,527.257216050387,0.0,0.0
LOAN_025,PAY_00286,2023-01-19,416.6666666666667,105.59054938372032,5.0,527.257216050387,0.0,0.0
LOAN_025,PAY_00287,2023-02-18,416.6666666666667,105.59054938372032,5.0,527.257216050387,0.0,0.0
LOAN_025,PAY_00288,2023-03-20,416.6666666666667,105.59054938372032,5.0,527.257216050387,0.0,0.0
LOAN_025,PAY_00289,2023-04-19,416.6666666666667,105.59054938372032,5.0,527.257216050387,0.0,0.0
LOAN_025,PAY_00290,2023-05-19,416.6666666666667,105.59054938372032,5.0,527.257216050387,0.0,0.0
LOAN_025,PAY_00291,2023-06-18,416.6666666666667,105.59054938372032,5.0,527.257216050387,0.0,0.0
LOAN_025,PAY_00292,2023-07-18,416.6666666666667,105.59054938372032,5.0,527.257216050387,0.0,0.0
LOAN_025,PAY_00293,2023-08-17,416.6666666666667,105.59054938372032,5.0,527.257216050387,0.0,0.0
LOAN_025,PAY_00294,2023-09-16,416.6666666666667,105.59054938372032,5.0,527.257216050387,0.0,0.0
LOAN_025,PAY_00295,2023-10-16,416.6666666666667,105.59054938372032,5.0,527.257216050387,0.0,0.0
LOAN_025,PAY_00296,2023-11-15,416.6666666666667,105.59054938372032,5.0,527.257216050387,0.0,0.0
LOAN_026,PAY_00297,2022-06-27,833.3333333333334,277.02966083732275,5.0,1115.362994170656,0.0,0.0
LOAN_027,PAY_00298,2021-11-22,1666.6666666666667,178.5239669017765,5.0,1850.1906335684432,0.0,0.0
LOAN_027,PAY_00299,2021-12-22,1666.6666666666667,178.5239669017765,5.0,1850.1906335684432,0.0,0.0
LOAN_027,PAY_00300,2022-01-21,1666.6666666666667,178.5239669017765,5.0,1850.1906335684432,0.0,0.0
LOAN_027,PAY_00301,2022-02-20,1666.6666666666667,178.5239669017765,5.0,1850.1906335684432,0.0,0.0
LOAN_027,PAY_00302,2022-03-22,1666.6666666666667,178.5239669017765,5.0,1850.1906335684432,0.0,0.0
LOAN_027,PAY_00303,2022-04-21,1666.6666666666667,178.5239669017765,5.0,1850.1906335684432,0.0,0.0
LOAN_027,PAY_00304,2022-05-21,1666.6666666666667,178.5239669017765,5.0,1850.1906335684432,0.0,0.0
LOAN_027,PAY_00305,2022-07-20,1666.6666666666667,178.5239669017765,5.0,1850.1906335684432,0.0,0.0
LOAN_027,PAY_00306,2022-07-20,1666.6666666666667,178.5239669017765,5.0,1850.1906335684432,0.0,0.0
LOAN_027,PAY_00307,2022-08-19,1666.6666666666667,178.5239669017765,5.0,1850.1906335684432,0.0,0.0
LOAN_028,PAY_00308,2021-09-22,1666.6666666666667,155.20095737215325,5.0,1826.86762403882,0.0,0.0
LOAN_028,PAY_00309,2021-10-22,1666.6666666666667,155.20095737215325,5.0,1826.86762403882,0.0,0.0
LOAN_028,PAY_00310,2021-11-21,1666.6666666666667,155.20095737215325,5.0,1826.86762403882,0.0,0.0
LOAN_029,PAY_00311,2022-11-28,208.33333333333334,47.82916651773724,5.0,261.1624998510706,0.0,0.0
LOAN_029,PAY_00312,2022-12-10,208.33333333333334,47.82916651773724,5.0,261.1624998510706,0.0,0.0
LOAN_029,PAY_00313,2023-01-09,208.33333333333334,47.82916651773724,5.0,261.1624998510706,0.0,0.0
LOAN_029,PAY_00314,2023-02-08,208.33333333333334,47.82916651773724,5.0,261.1624998510706,0.0,0.0
LOAN_029,PAY_00315,2023-03-10,208.33333333333334,47.82916651773724,5.0,261.1624998510706,0.0,0.0
LOAN_029,PAY_00316,2023-04-09,208.33333333333334,47.82916651773724,5.0,261.1624998510706,0.0,0.0
LOAN_029,PAY_00317,2023-05-22,208.33333333333334,47.82916651773724,5.0,261.1624998510706,0.0,0.0
LOAN_029,PAY_00318,2023-06-08,208.33333333333334,47.82916651773724,5.0,261.1624998510706,0.0,0.0
LOAN_029,PAY_00319,2023-07-08,208.33333333333334,47.82916651773724,5.0,261.1624998510706,0.0,0.0
LOAN_029,PAY_00320,2023-08-07,208.33333333333334,47.82916651773724,5.0,261.1624998510706,0.0,0.0
LOAN_029,PAY_00321,2023-09-06,208.33333333333334,47.82916651773724,5.0,261.1624998510706,0.0,0.0
LOAN_029,PAY_00322,2023-10-06,208.33333333333334,47.82916651773724,5.0,261.1624998510706,0.0,0.0
LOAN_029,PAY_00323,2023-11-05,208.33333333333334,47.82916651773724,5.0,261.1624998510706,0.0,0.0
LOAN_029,PAY_00324,2023-12-05,208.33333333333334,47.82916651773724,5.0,261.1624998510706,0.0,0.0
LOAN_029,PAY_00325,2024-01-04,208.33333333333334,47.82916651773724,5.0,261.1624998510706,0.0,0.0
LOAN_029,PAY_00326,2024-02-03,208.33333333333334,47.82916651773724,5.0,261.1624998510706,0.0,0.0
LOAN_029,PAY_00327,2024-03-04,208.33333333333334,47.82916651773724,5.0,261.1624998510706,0.0,0.0
LOAN_029,PAY_00328,2024-04-03,208.33333333333334,47.82916651773724,5.0,261.1624998510706,0.0,0.0
LOAN_029,PAY_00329,2024-06-03,208.33333333333334,47.82916651773724,5.0,261.1624998510706,0.0,0.0
LOAN_029,PAY_00330,2024-06-02,208.33333333333334,47.82916651773724,5.0,261.1624998510706,0.0,0.0
LOAN_029,PAY_00331,2024-07-02,208.33333333333334,47.82916651773724,5.0,261.1624998510706,0.0,0.0
LOAN_029,PAY_00332,2024-08-01,208.33333333333334,47.82916651773724,5.0,261.1624998510706,0.0,0.0
LOAN_029,PAY_00333,2024-08-31,208.33333333333334,47.82916651773724,5.0,261.1624998510706,0.0,0.0
LOAN_029,PAY_00334,2024-09-30,208.33333333333334,47.82916651773724,5.0,261.1624998510706,0.0,0.0
LOAN_030,PAY_00335,2022-12-19,416.6666666666667,35.324719093448145,5.0,456.99138576011484,0.0,0.0
LOAN_030,PAY_00336,2023-01-18,416.6666666666667,35.324719093448145,5.0,456.99138576011484,0.0,0.0
LOAN_030,PAY_00337,2023-02-17,416.6666666666667,35.324719093448145,5.0,456.99138576011484,0.0,0.0
LOAN_030,PAY_00338,2023-03-19,416.6666666666667,35.324719093448145,5.0,456.99138576011484,0.0,0.0
LOAN_030,PAY_00339,2023-04-18,416.6666666666667,35.324719093448145,5.0,456.99138576011484,0.0,0.0
LOAN_030,PAY_00340,2023-05-18,416.6666666666667,35.324719093448145,5.0,456.99138576011484,0.0,0.0
LOAN_030,PAY_00341,2023-06-17,416.6666666666667,35.324719093448145,5.0,456.99138576011484,0.0,0.0
LOAN_030,PAY_00342,2023-07-17,416.6666666666667,35.324719093448145,5.0,456.99138576011484,0.0,0.0
LOAN_030,PAY_00343,2023-08-16,416.6666666666667,35.324719093448145,5.0,456.99138576011484,0.0,0.0
LOAN_030,PAY_00344,2023-09-15,416.6666666666667,35.324719093448145,5.0,456.99138576011484,0.0,0.0
LOAN_030,PAY_00345,2023-10-15,416.6666666666667,35.324719093448145,5.0,456.99138576011484,0.0,0.0
LOAN_030,PAY_00346,2023-11-14,416.6666666666667,35.324719093448145,5.0,456.99138576011484,0.0,0.0
LOAN_031,PAY_00347,2022-10-11,1250.0,149.95694172056184,5.0,1404.9569417205619,0.0,0.0
LOAN_031,PAY_00348,2022-11-10,1250.0,149.95694172056184,5.0,1404.9569417205619,0.0,0.0
LOAN_031,PAY_00349,2022-12-10,1250.0,149.95694172056184,5.0,1404.9569417205619,0.0,0.0
LOAN_031,PAY_00350,2023-01-09,1250.0,149.95694172056184,5.0,1404.9569417205619,0.0,0.0
LOAN_031,PAY_00351,2023-02-08,1250.0,149.95694172056184,5.0,1404.9569417205619,0.0,0.0
LOAN_031,PAY_00352,2023-03-10,1250.0,149.95694172056184,5.0,1404.9569417205619,0.0,0.0
LOAN_031,PAY_00353,2023-04-09,1250.0,149.95694172056184,5.0,1404.9569417205619,0.0,0.0
LOAN_031,PAY_00354,2023-05-09,1250.0,149.95694172056184,5.0,1404.9569417205619,0.0,0.0
LOAN_031,PAY_00355,2023-06-08,1250.0,149.95694172056184,5.0,1404.9569417205619,0.0,0.0
LOAN_031,PAY_00356,2023-07-08,1250.0,149.95694172056184,5.0,1404.9569417205619,0.0,0.0
LOAN_031,PAY_00357,2023-08-07,1250.0,149.95694172056184,5.0,1404.9569417205619,0.0,0.0
LOAN_031,PAY_00358,2023-09-06,1250.0,149.95694172056184,5.0,1404.9569417205619,0.0,0.0
LOAN_032,PAY_00359,2021-11-26,208.33333333333334,43.900507832462985,5.0,257.2338411657963,0.0,0.0
LOAN_032,PAY_00360,2021-12-26,208.33333333333334,43.900507832462985,5.0,257.2338411657963,0.0,0.0
LOAN_032,PAY_00361,2022-02-26,208.33333333333334,43.900507832462985,5.0,257.2338411657963,0.0,0.0
LOAN_033,PAY_00362,2021-07-25,833.3333333333334,133.35237891163618,5.0,971.6857122449695,0.0,0.0
LOAN_033,PAY_00363,2021-07-19,833.3333333333334,133.35237891163618,5.0,971.6857122449695,0.0,0.0
LOAN_033,PAY_00364,2021-08-18,833.3333333333334,133.35237891163618,5.0,971.6857122449695,0.0,0.0
LOAN_033,PAY_00365,2021-09-17,833.3333333333334,133.35237891163618,5.0,971.6857122449695,0.0,0.0
LOAN_033,PAY_00366,2021-11-20,833.3333333333334,133.35237891163618,5.0,971.6857122449695,0.0,0.0
LOAN_033,PAY_00367,2021-11-16,833.3333333333334,133.35237891163618,5.0,971.6857122449695,0.0,0.0
LOAN_033,PAY_00368,2021-12-16,833.3333333333334,133.35237891163618,5.0,971.6857122449695,0.0,0.0
LOAN_033,PAY_00369,2022-01-15,833.3333333333334,133.35237891163618,5.0,971.6857122449695,0.0,0.0
LOAN_033,PAY_00370,2022-02-14,833.3333333333334,133.35237891163618,5.0,971.6857122449695,0.0,0.0
LOAN_033,PAY_00371,2022-03-16,833.3333333333334,133.35237891163618,5.0,971.6857122449695,0.0,0.0
LOAN_033,PAY_00372,2022-04-15,833.3333333333334,133.35237891163618,5.0,971.6857122449695,0.0,0.0
LOAN_033,PAY_00373,2022-05-15,833.3333333333334,133.35237891163618,5.0,971.6857122449695,0.0,0.0
LOAN_034,PAY_00374,2021-04-14,625.0,118.63412179695031,5.0,748.6341217969504,0.0,0.0
LOAN_034,PAY_00375,2021-05-14,625.0,118.63412179695031,5.0,748.6341217969504,0.0,0.0
LOAN_034,PAY_00376,2021-07-24,625.0,118.63412179695031,5.0,748.6341217969504,0.0,0.0
LOAN_034,PAY_00377,2021-07-13,625.0,118.63412179695031,5.0,748.6341217969504,0.0,0.0
LOAN_034,PAY_00378,2021-08-12,625.0,118.63412179695031,5.0,748.6341217969504,0.0,0.0
LOAN_034,PAY_00379,2021-09-11,625.0,118.63412179695031,5.0,748.6341217969504,0.0,0.0
LOAN_034,PAY_00380,2021-10-11,625.0,118.63412179695031,5.0,748.6341217969504,0.0,0.0
LOAN_034,PAY_00381,2021-11-10,625.0,118.63412179695031,5.0,748.6341217969504,0.0,0.0
LOAN_034,PAY_00382,2021-12-10,625.0,118.63412179695031,5.0,748.6341217969504,0.0,0.0
LOAN_034,PAY_00383,2022-01-09,625.0,118.63412179695031,5.0,748.6341217969504,0.0,0.0
LOAN_034,PAY_00384,2022-03-09,625.0,118.63412179695031,5.0,748.6341217969504,0.0,0.0
LOAN_034,PAY_00385,2022-04-24,625.0,118.63412179695031,5.0,748.6341217969504,0.0,0.0
LOAN_034,PAY_00386,2022-04-09,625.0,118.63412179695031,5.0,748.6341217969504,0.0,0.0
LOAN_034,PAY_00387,2022-06-12,625.0,118.63412179695031,5.0,748.6341217969504,0.0,0.0
LOAN_034,PAY_00388,2022-06-27,625.0,118.63412179695031,5.0,748.6341217969504,0.0,0.0
LOAN_034,PAY_00389,2022-07-08,625.0,118.63412179695031,5.0,748.6341217969504,0.0,0.0
LOAN_034,PAY_00390,2022-08-07,625.0,118.63412179695031,5.0,748.6341217969504,0.0,0.0
LOAN_034,PAY_00391,2022-09-06,625.0,118.63412179695031,5.0,748.6341217969504,0.0,0.0
LOAN_034,PAY_00392,2022-10-06,625.0,118.63412179695031,5.0,748.6341217969504,0.0,0.0
LOAN_034,PAY_00393,2022-11-05,625.0,118.63412179695031,5.0,748.6341217969504,0.0,0.0
LOAN_034,PAY_00394,2022-12-05,625.0,118.63412179695031,5.0,748.6341217969504,0.0,0.0
LOAN_034,PAY_00395,2023-01-04,625.0,118.63412179695031,5.0,748.6341217969504,0.0,0.0
LOAN_035,PAY_00396,2022-04-20,833.3333333333334,285.90257759156555,5.0,1124.235910924899,0.0,0.0
LOAN_035,PAY_00397,2022-05-20,833.3333333333334,285.90257759156555,5.0,1124.235910924899,0.0,0.0
LOAN_035,PAY_00398,2022-06-19,833.3333333333334,285.90257759156555,5.0,1124.235910924899,0.0,0.0
LOAN_035,PAY_00399,2022-07-19,833.3333333333334,285.90257759156555,5.0,1124.235910924899,0.0,0.0
LOAN_035,PAY_00400,2022-08-18,833.3333333333334,285.90257759156555,5.0,1124.235910924899,0.0,0.0
LOAN_035,PAY_00401,2022-10-13,833.3333333333334,285.90257759156555,5.0,1124.235910924899,0.0,0.0
LOAN_035,PAY_00402,2022-10-17,833.3333333333334,285.90257759156555,5.0,1124.235910924899,0.0,0.0
LOAN_035,PAY_00403,2022-11-16,833.3333333333334,285.90257759156555,5.0,1124.235910924899,0.0,0.0
LOAN_035,PAY_00404,2022-12-16,833.3333333333334,285.90257759156555,5.0,1124.235910924899,0.0,0.0
LOAN_035,PAY_00405,2023-01-15,833.3333333333334,285.90257759156555,5.0,1124.235910924899,0.0,0.0
LOAN_035,PAY_00406,2023-02-14,833.3333333333334,285.90257759156555,5.0,1124.235910924899,0.0,0.0
LOAN_035,PAY_00407,2023-03-16,833.3333333333334,285.90257759156555,5.0,1124.235910924899,0.0,0.0
LOAN_035,PAY_00408,2023-05-05,833.3333333333334,285.90257759156555,5.0,1124.235910924899,0.0,0.0
LOAN_035,PAY_00409,2023-05-15,833.3333333333334,285.90257759156555,5.0,1124.235910924899,0.0,0.0
LOAN_035,PAY_00410,2023-06-14,833.3333333333334,285.90257759156555,5.0,1124.235910924899,0.0,0.0
LOAN_035,PAY_00411,2023-08-28,833.3333333333334,285.90257759156555,5.0,1124.235910924899,0.0,0.0
LOAN_035,PAY_00412,2023-08-13,833.3333333333334,285.90257759156555,5.0,1124.235910924899,0.0,0.0
LOAN_035,PAY_00413,2023-09-12,833.3333333333334,285.90257759156555,5.0,1124.235910924899,0.0,0.0
LOAN_035,PAY_00414,2023-10-12,833.3333333333334,285.90257759156555,5.0,1124.235910924899,0.0,0.0
LOAN_035,PAY_00415,2023-11-11,833.3333333333334,285.90257759156555,5.0,1124.235910924899,0.0,0.0
LOAN_035,PAY_00416,2023-12-11,833.3333333333334,285.90257759156555,5.0,1124.235910924899,0.0,0.0
LOAN_035,PAY_00417,2024-01-10,833.3333333333334,285.90257759156555,5.0,1124.235910924899,0.0,0.0
LOAN_035,PAY_00418,2024-02-09,833.3333333333334,285.90257759156555,5.0,1124.235910924899,0.0,0.0
LOAN_035,PAY_00419,2024-04-07,833.3333333333334,285.90257759156555,5.0,1124.235910924899,0.0,0.0
LOAN_036,PAY_00420,2022-11-07,833.3333333333334,106.3593093827812,5.0,944.6926427161146,0.0,0.0
LOAN_036,PAY_00421,2022-12-07,833.3333333333334,106.3593093827812,5.0,944.6926427161146,0.0,0.0
LOAN_036,PAY_00422,2023-01-06,833.3333333333334,106.3593093827812,5.0,944.6926427161146,0.0,0.0
LOAN_036,PAY_00423,2023-03-10,833.3333333333334,106.3593093827812,5.0,944.6926427161146,0.0,0.0
LOAN_036,PAY_00424,2023-04-02,833.3333333333334,106.3593093827812,5.0,944.6926427161146,0.0,0.0
LOAN_036,PAY_00425,2023-04-06,833.3333333333334,106.3593093827812,5.0,944.6926427161146,0.0,0.0
LOAN_036,PAY_00426,2023-05-06,833.3333333333334,106.3593093827812,5.0,944.6926427161146,0.0,0.0
LOAN_036,PAY_00427,2023-06-05,833.3333333333334,106.3593093827812,5.0,944.6926427161146,0.0,0.0
LOAN_036,PAY_00428,2023-07-05,833.3333333333334,106.3593093827812,5.0,944.6926427161146,0.0,0.0
LOAN_036,PAY_00429,2023-08-04,833.3333333333334,106.3593093827812,5.0,944.6926427161146,0.0,0.0
LOAN_036,PAY_00430,2023-09-03,833.3333333333334,106.3593093827812,5.0,944.6926427161146,0.0,0.0
LOAN_036,PAY_00431,2023-10-03,833.3333333333334,106.3593093827812,5.0,944.6926427161146,0.0,0.0
LOAN_037,PAY_00432,2021-06-13,208.33333333333334,52.619382569164564,5.0,265.9527159024979,0.0,0.0
LOAN_037,PAY_00433,2021-07-13,208.33333333333334,52.619382569164564,5.0,265.9527159024979,0.0,0.0
LOAN_037,PAY_00434,2021-08-12,208.33333333333334,52.619382569164564,5.0,265.9527159024979,0.0,0.0
LOAN_037,PAY_00435,2021-09-11,208.33333333333334,52.619382569164564,5.0,265.9527159024979,0.0,0.0
LOAN_037,PAY_00436,2021-10-11,208.33333333333334,52.619382569164564,5.0,265.9527159024979,0.0,0.0
LOAN_037,PAY_00437,2021-11-10,208.33333333333334,52.619382569164564,5.0,265.9527159024979,0.0,0.0
LOAN_037,PAY_00438,2021-12-10,208.33333333333334,52.619382569164564,5.0,265.9527159024979,0.0,0.0
LOAN_037,PAY_00439,2022-02-11,208.33333333333334,52.619382569164564,5.0,265.9527159024979,0.0,0.0
LOAN_037,PAY_00440,2022-02-08,208.33333333333334,52.619382569164564,5.0,265.9527159024979,0.0,0.0
LOAN_037,PAY_00441,2022-03-10,208.33333333333334,52.619382569164564,5.0,265.9527159024979,0.0,0.0
LOAN_037,PAY_00442,2022-04-09,208.33333333333334,52.619382569164564,5.0,265.9527159024979,0.0,0.0
LOAN_037,PAY_00443,2022-05-09,208.33333333333334,52.619382569164564,5.0,265.9527159024979,0.0,0.0
LOAN_037,PAY_00444,2022-06-08,208.33333333333334,52.619382569164564,5.0,265.9527159024979,0.0,0.0
LOAN_037,PAY_00445,2022-07-08,208.33333333333334,52.619382569164564,5.0,265.9527159024979,0.0,0.0
LOAN_037,PAY_00446,2022-08-07,208.33333333333334,52.619382569164564,5.0,265.9527159024979,0.0,0.0
LOAN_037,PAY_00447,2022-09-06,208.33333333333334,52.619382569164564,5.0,265.9527159024979,0.0,0.0
LOAN_037,PAY_00448,2022-10-06,208.33333333333334,52.619382569164564,5.0,265.9527159024979,0.0,0.0
LOAN_037,PAY_00449,2022-11-05,208.33333333333334,52.619382569164564,5.0,265.9527159024979,0.0,0.0
LOAN_037,PAY_00450,2022-12-05,208.33333333333334,52.619382569164564,5.0,265.9527159024979,0.0,0.0
LOAN_037,PAY_00451,2023-01-04,208.33333333333334,52.619382569164564,5.0,265.9527159024979,0.0,0.0
LOAN_037,PAY_00452,2023-02-03,208.33333333333334,52.619382569164564,5.0,265.9527159024979,0.0,0.0
LOAN_038,PAY_00453,2021-09-19,208.33333333333334,40.29253914092321,5.0,253.62587247425654,0.0,0.0
LOAN_038,PAY_00454,2021-10-19,208.33333333333334,40.29253914092321,5.0,253.62587247425654,0.0,0.0
LOAN_038,PAY_00455,2021-11-18,208.33333333333334,40.29253914092321,5.0,253.62587247425654,0.0,0.0
LOAN_038,PAY_00456,2021-12-18,208.33333333333334,40.29253914092321,5.0,253.62587247425654,0.0,0.0
LOAN_038,PAY_00457,2022-01-17,208.33333333333334,40.29253914092321,5.0,253.62587247425654,0.0,0.0
LOAN_038,PAY_00458,2022-02-16,208.33333333333334,40.29253914092321,5.0,253.62587247425654,0.0,0.0
LOAN_038,PAY_00459,2022-03-18,208.33333333333334,40.29253914092321,5.0,253.62587247425654,0.0,0.0
LOAN_038,PAY_00460,2022-04-17,208.33333333333334,40.29253914092321,5.0,253.62587247425654,0.0,0.0
LOAN_038,PAY_00461,2022-05-17,208.33333333333334,40.29253914092321,5.0,253.62587247425654,0.0,0.0
LOAN_039,PAY_00462,2022-03-10,1666.6666666666667,298.03838739807355,5.0,1969.7050540647404,0.0,0.0
LOAN_039,PAY_00463,2022-04-09,1666.6666666666667,298.03838739807355,5.0,1969.7050540647404,0.0,0.0
LOAN_039,PAY_00464,2022-05-09,1666.6666666666667,298.03838739807355,5.0,1969.7050540647404,0.0,0.0
LOAN_039,PAY_00465,2022-06-08,1666.6666666666667,298.03838739807355,5.0,1969.7050540647404,0.0,0.0
LOAN_039,PAY_00466,2022-07-08,1666.6666666666667,298.03838739807355,5.0,1969.7050540647404,0.0,0.0
LOAN_039,PAY_00467,2022-08-07,1666.6666666666667,298.03838739807355,5.0,1969.7050540647404,0.0,0.0
LOAN_039,PAY_00468,2022-09-06,1666.6666666666667,298.03838739807355,5.0,1969.7050540647404,0.0,0.0
LOAN_039,PAY_00469,2022-10-06,1666.6666666666667,298.03838739807355,5.0,1969.7050540647404,0.0,0.0
LOAN_039,PAY_00470,2022-11-05,1666.6666666666667,298.03838739807355,5.0,1969.7050540647404,0.0,0.0
LOAN_039,PAY_00471,2022-12-05,1666.6666666666667,298.03838739807355,5.0,1969.7050540647404,0.0,0.0
LOAN_039,PAY_00472,2023-01-04,1666.6666666666667,298.03838739807355,5.0,1969.7050540647404,0.0,0.0
LOAN_039,PAY_00473,2023-02-03,1666.6666666666667,298.03838739807355,5.0,1969.7050540647404,0.0,0.0
LOAN_040,PAY_00474,2023-01-13,1666.6666666666667,274.0265998956689,5.0,1945.6932665623356,0.0,0.0
LOAN_040,PAY_00475,2023-02-12,1666.6666666666667,274.0265998956689,5.0,1945.6932665623356,0.0,0.0
LOAN_040,PAY_00476,2023-03-14,1666.6666666666667,274.0265998956689,5.0,1945.6932665623356,0.0,0.0
LOAN_040,PAY_00477,2023-05-25,1666.6666666666667,274.0265998956689,5.0,1945.6932665623356,0.0,0.0
LOAN_040,PAY_00478,2023-05-13,1666.6666666666667,274.0265998956689,5.0,1945.6932665623356,0.0,0.0
LOAN_040,PAY_00479,2023-06-12,1666.6666666666667,274.0265998956689,5.0,1945.6932665623356,0.0,0.0
LOAN_040,PAY_00480,2023-07-12,1666.6666666666667,274.0265998956689,5.0,1945.6932665623356,0.0,0.0
LOAN_041,PAY_00481,2021-12-15,625.0,159.81759084648928,5.0,789.8175908464893,0.0,0.0
LOAN_041,PAY_00482,2022-02-13,625.0,159.81759084648928,5.0,789.8175908464893,0.0,0.0
LOAN_041,PAY_00483,2022-02-13,625.0,159.81759084648928,5.0,789.8175908464893,0.0,0.0
LOAN_041,PAY_00484,2022-03-15,625.0,159.81759084648928,5.0,789.8175908464893,0.0,0.0
LOAN_041,PAY_00485,2022-04-14,625.0,159.81759084648928,5.0,789.8175908464893,0.0,0.0
LOAN_041,PAY_00486,2022-05-14,625.0,159.81759084648928,5.0,789.8175908464893,0.0,0.0
LOAN_041,PAY_00487,2022-06-13,625.0,159.81759084648928,5.0,789.8175908464893,0.0,0.0
LOAN_041,PAY_00488,2022-07-13,625.0,159.81759084648928,5.0,789.8175908464893,0.0,0.0
LOAN_041,PAY_00489,2022-08-12,625.0,159.81759084648928,5.0,789.8175908464893,0.0,0.0
LOAN_041,PAY_00490,2022-09-11,625.0,159.81759084648928,5.0,789.8175908464893,0.0,0.0
LOAN_041,PAY_00491,2022-10-11,625.0,159.81759084648928,5.0,789.8175908464893,0.0,0.0
LOAN_041,PAY_00492,2022-11-10,625.0,159.81759084648928,5.0,789.8175908464893,0.0,0.0
LOAN_041,PAY_00493,2023-01-16,625.0,159.81759084648928,5.0,789.8175908464893,0.0,0.0
LOAN_041,PAY_00494,2023-01-09,625.0,159.81759084648928,5.0,789.8175908464893,0.0,0.0
LOAN_041,PAY_00495,2023-02-20,625.0,159.81759084648928,5.0,789.8175908464893,0.0,0.0
LOAN_041,PAY_00496,2023-03-10,625.0,159.81759084648928,5.0,789.8175908464893,0.0,0.0
LOAN_041,PAY_00497,2023-04-09,625.0,159.81759084648928,5.0,789.8175908464893,0.0,0.0
LOAN_041,PAY_00498,2023-05-09,625.0,159.81759084648928,5.0,789.8175908464893,0.0,0.0
LOAN_041,PAY_00499,2023-06-08,625.0,159.81759084648928,5.0,789.8175908464893,0.0,0.0
LOAN_041,PAY_00500,2023-07-08,625.0,159.81759084648928,5.0,789.8175908464893,0.0,0.0
LOAN_041,PAY_00501,2023-09-18,625.0,159.81759084648928,5.0,789.8175908464893,0.0,0.0
LOAN_041,PAY_00502,2023-09-23,625.0,159.81759084648928,5.0,789.8175908464893,0.0,0.0
LOAN_041,PAY_00503,2023-10-06,625.0,159.81759084648928,5.0,789.8175908464893,0.0,0.0
LOAN_041,PAY_00504,2023-11-05,625.0,159.81759084648928,5.0,789.8175908464893,0.0,0.0
LOAN_042,PAY_00505,2021-10-25,1666.6666666666667,231.47289022177392,5.0,1903.1395568884407,0.0,0.0
LOAN_042,PAY_00506,2021-11-24,1666.6666666666667,231.47289022177392,5.0,1903.1395568884407,0.0,0.0
LOAN_042,PAY_00507,2021-12-24,1666.6666666666667,231.47289022177392,5.0,1903.1395568884407,0.0,0.0
LOAN_042,PAY_00508,2022-01-23,1666.6666666666667,231.47289022177392,5.0,1903.1395568884407,0.0,0.0
LOAN_042,PAY_00509,2022-03-17,1666.6666666666667,231.47289022177392,5.0,1903.1395568884407,0.0,0.0
LOAN_043,PAY_00510,2023-01-18,1666.6666666666667,211.47675014260105,5.0,1883.1434168092678,0.0,0.0
LOAN_043,PAY_00511,2023-02-17,1666.6666666666667,211.47675014260105,5.0,1883.1434168092678,0.0,0.0
LOAN_043,PAY_00512,2023-03-19,1666.6666666666667,211.47675014260105,5.0,1883.1434168092678,0.0,0.0
LOAN_043,PAY_00513,2023-04-18,1666.6666666666667,211.47675014260105,5.0,1883.1434168092678,0.0,0.0
LOAN_043,PAY_00514,2023-05-18,1666.6666666666667,211.47675014260105,5.0,1883.1434168092678,0.0,0.0
LOAN_043,PAY_00515,2023-06-17,1666.6666666666667,211.47675014260105,5.0,1883.1434168092678,0.0,0.0
LOAN_043,PAY_00516,2023-07-17,1666.6666666666667,211.47675014260105,5.0,1883.1434168092678,0.0,0.0
LOAN_043,PAY_00517,2023-08-16,1666.6666666666667,211.47675014260105,5.0,1883.1434168092678,0.0,0.0
LOAN_044,PAY_00518,2022-11-02,625.0,151.96265342304574,5.0,781.9626534230457,0.0,0.0
LOAN_044,PAY_00519,2022-12-02,625.0,151.96265342304574,5.0,781.9626534230457,0.0,0.0
LOAN_044,PAY_00520,2023-01-27,625.0,151.96265342304574,5.0,781.9626534230457,0.0,0.0
LOAN_044,PAY_00521,2023-01-31,625.0,151.96265342304574,5.0,781.9626534230457,0.0,0.0
LOAN_044,PAY_00522,2023-03-09,625.0,151.96265342304574,5.0,781.9626534230457,0.0,0.0
LOAN_044,PAY_00523,2023-04-01,625.0,151.96265342304574,5.0,781.9626534230457,0.0,0.0
LOAN_044,PAY_00524,2023-05-01,625.0,151.96265342304574,5.0,781.9626534230457,0.0,0.0
LOAN_044,PAY_00525,2023-05-31,625.0,151.96265342304574,5.0,781.9626534230457,0.0,0.0
LOAN_044,PAY_00526,2023-06-30,625.0,151.96265342304574,5.0,781.9626534230457,0.0,0.0
LOAN_044,PAY_00527,2023-07-30,625.0,151.96265342304574,5.0,781.9626534230457,0.0,0.0
LOAN_044,PAY_00528,2023-09-12,625.0,151.96265342304574,5.0,781.9626534230457,0.0,0.0
LOAN_044,PAY_00529,2023-09-28,625.0,151.96265342304574,5.0,781.9626534230457,0.0,0.0
LOAN_044,PAY_00530,2023-10-28,625.0,151.96265342304574,5.0,781.9626534230457,0.0,0.0
LOAN_044,PAY_00531,2023-11-27,625.0,151.96265342304574,5.0,781.9626534230457,0.0,0.0
LOAN_044,PAY_00532,2023-12-27,625.0,151.96265342304574,5.0,781.9626534230457,0.0,0.0
LOAN_044,PAY_00533,2024-01-26,625.0,151.96265342304574,5.0,781.9626534230457,0.0,0.0
LOAN_044,PAY_00534,2024-02-25,625.0,151.96265342304574,5.0,781.9626534230457,0.0,0.0
LOAN_044,PAY_00535,2024-03-26,625.0,151.96265342304574,5.0,781.9626534230457,0.0,0.0
LOAN_044,PAY_00536,2024-04-25,625.0,151.96265342304574,5.0,781.9626534230457,0.0,0.0
LOAN_044,PAY_00537,2024-05-25,625.0,151.96265342304574,5.0,781.9626534230457,0.0,0.0
LOAN_044,PAY_00538,2024-06-24,625.0,151.96265342304574,5.0,781.9626534230457,0.0,0.0
LOAN_044,PAY_00539,2024-07-24,625.0,151.96265342304574,5.0,781.9626534230457,0.0,0.0
LOAN_044,PAY_00540,2024-08-23,625.0,151.96265342304574,5.0,781.9626534230457,0.0,0.0
LOAN_044,PAY_00541,2024-09-22,625.0,151.96265342304574,5.0,781.9626534230457,0.0,0.0
LOAN_045,PAY_00542,2021-11-03,625.0,152.27545200271572,5.0,782.2754520027157,0.0,0.0
LOAN_045,PAY_00543,2021-12-03,625.0,152.27545200271572,5.0,782.2754520027157,0.0,0.0
LOAN_045,PAY_00544,2022-01-02,625.0,152.27545200271572,5.0,782.2754520027157,0.0,0.0
LOAN_045,PAY_00545,2022-02-01,625.0,152.27545200271572,5.0,782.2754520027157,0.0,0.0
LOAN_045,PAY_00546,2022-03-03,625.0,152.27545200271572,5.0,782.2754520027157,0.0,0.0
LOAN_045,PAY_00547,2022-04-02,625.0,152.27545200271572,5.0,782.2754520027157,0.0,0.0
LOAN_045,PAY_00548,2022-05-02,625.0,152.27545200271572,5.0,782.2754520027157,0.0,0.0
LOAN_045,PAY_00549,2022-06-01,625.0,152.27545200271572,5.0,782.2754520027157,0.0,0.0
LOAN_045,PAY_00550,2022-07-01,625.0,152.27545200271572,5.0,782.2754520027157,0.0,0.0
LOAN_045,PAY_00551,2022-07-31,625.0,152.27545200271572,5.0,782.2754520027157,0.0,0.0
LOAN_045,PAY_00552,2022-08-30,625.0,152.27545200271572,5.0,782.2754520027157,0.0,0.0
LOAN_045,PAY_00553,2022-09-29,625.0,152.27545200271572,5.0,782.2754520027157,0.0,0.0
LOAN_045,PAY_00554,2022-10-29,625.0,152.27545200271572,5.0,782.2754520027157,0.0,0.0
LOAN_045,PAY_00555,2022-11-28,625.0,152.27545200271572,5.0,782.2754520027157,0.0,0.0
LOAN_045,PAY_00556,2022-12-28,625.0,152.27545200271572,5.0,782.2754520027157,0.0,0.0
LOAN_045,PAY_00557,2023-01-27,625.0,152.27545200271572,5.0,782.2754520027157,0.0,0.0
LOAN_045,PAY_00558,2023-02-26,625.0,152.27545200271572,5.0,782.2754520027157,0.0,0.0
LOAN_045,PAY_00559,2023-03-28,625.0,152.27545200271572,5.0,782.2754520027157,0.0,0.0
LOAN_045,PAY_00560,2023-04-27,625.0,152.27545200271572,5.0,782.2754520027157,0.0,0.0
LOAN_045,PAY_00561,2023-05-27,625.0,152.27545200271572,5.0,782.2754520027157,0.0,0.0
LOAN_045,PAY_00562,2023-06-26,625.0,152.27545200271572,5.0,782.2754520027157,0.0,0.0
LOAN_045,PAY_00563,2023-07-26,625.0,152.27545200271572,5.0,782.2754520027157,0.0,0.0
LOAN_045,PAY_00564,2023-08-25,625.0,152.27545200271572,5.0,782.2754520027157,0.0,0.0
LOAN_045,PAY_00565,2023-09-24,625.0,152.27545200271572,5.0,782.2754520027157,0.0,0.0
LOAN_046,PAY_00566,2022-10-17,1666.6666666666667,277.42812999053365,5.0,1949.0947966572003,0.0,0.0
LOAN_046,PAY_00567,2022-11-16,1666.6666666666667,277.42812999053365,5.0,1949.0947966572003,0.0,0.0
LOAN_047,PAY_00568,2022-08-01,1666.6666666666667,180.0584040390402,5.0,1851.725070705707,0.0,0.0
LOAN_047,PAY_00569,2022-08-31,1666.6666666666667,180.0584040390402,5.0,1851.725070705707,0.0,0.0
LOAN_047,PAY_00570,2022-10-24,1666.6666666666667,180.0584040390402,5.0,1851.725070705707,0.0,0.0
LOAN_047,PAY_00571,2022-10-30,1666.6666666666667,180.0584040390402,5.0,1851.725070705707,0.0,0.0
LOAN_047,PAY_00572,2022-11-29,1666.6666666666667,180.0584040390402,5.0,1851.725070705707,0.0,0.0
LOAN_047,PAY_00573,2022-12-29,1666.6666666666667,180.0584040390402,5.0,1851.725070705707,0.0,0.0
LOAN_047,PAY_00574,2023-01-28,1666.6666666666667,180.0584040390402,5.0,1851.725070705707,0.0,0.0
LOAN_047,PAY_00575,2023-02-27,1666.6666666666667,180.0584040390402,5.0,1851.725070705707,0.0,0.0
LOAN_047,PAY_00576,2023-03-29,1666.6666666666667,180.0584040390402,5.0,1851.725070705707,0.0,0.0
LOAN_047,PAY_00577,2023-04-28,1666.6666666666667,180.0584040390402,5.0,1851.725070705707,0.0,0.0
LOAN_047,PAY_00578,2023-05-28,1666.6666666666667,180.0584040390402,5.0,1851.725070705707,0.0,0.0
LOAN_048,PAY_00579,2022-01-13,416.6666666666667,73.50785881958573,5.0,495.17452548625243,0.0,0.0
LOAN_048,PAY_00580,2022-02-12,416.6666666666667,73.50785881958573,5.0,495.17452548625243,0.0,0.0
LOAN_048,PAY_00581,2022-03-14,416.6666666666667,73.50785881958573,5.0,495.17452548625243,0.0,0.0
LOAN_048,PAY_00582,2022-04-13,416.6666666666667,73.50785881958573,5.0,495.17452548625243,0.0,0.0
LOAN_048,PAY_00583,2022-05-13,416.6666666666667,73.50785881958573,5.0,495.17452548625243,0.0,0.0
LOAN_048,PAY_00584,2022-06-12,416.6666666666667,73.50785881958573,5.0,495.17452548625243,0.0,0.0
LOAN_049,PAY_00585,2021-02-27,625.0,153.65626280609374,5.0,783.6562628060938,0.0,0.0
LOAN_049,PAY_00586,2021-03-29,625.0,153.65626280609374,5.0,783.6562628060938,0.0,0.0
LOAN_049,PAY_00587,2021-04-28,625.0,153.65626280609374,5.0,783.6562628060938,0.0,0.0
LOAN_049,PAY_00588,2021-05-28,625.0,153.65626280609374,5.0,783.6562628060938,0.0,0.0
LOAN_049,PAY_00589,2021-06-27,625.0,153.65626280609374,5.0,783.6562628060938,0.0,0.0
LOAN_049,PAY_00590,2021-07-27,625.0,153.65626280609374,5.0,783.6562628060938,0.0,0.0
LOAN_049,PAY_00591,2021-08-26,625.0,153.65626280609374,5.0,783.6562628060938,0.0,0.0
LOAN_049,PAY_00592,2021-09-25,625.0,153.65626280609374,5.0,783.6562628060938,0.0,0.0
LOAN_049,PAY_00593,2021-10-25,625.0,153.65626280609374,5.0,783.6562628060938,0.0,0.0
LOAN_049,PAY_00594,2021-11-24,625.0,153.65626280609374,5.0,783.6562628060938,0.0,0.0
LOAN_049,PAY_00595,2021-12-24,625.0,153.65626280609374,5.0,783.6562628060938,0.0,0.0
LOAN_049,PAY_00596,2022-01-23,625.0,153.65626280609374,5.0,783.6562628060938,0.0,0.0
LOAN_049,PAY_00597,2022-02-22,625.0,153.65626280609374,5.0,783.6562628060938,0.0,0.0
LOAN_049,PAY_00598,2022-03-24,625.0,153.65626280609374,5.0,783.6562628060938,0.0,0.0
LOAN_050,PAY_00599,2022-07-30,833.3333333333334,76.30326621575834,5.0,914.6365995490917,0.0,0.0
LOAN_050,PAY_00600,2022-08-29,833.3333333333334,76.30326621575834,5.0,914.6365995490917,0.0,0.0
LOAN_050,PAY_00601,2022-10-30,833.3333333333334,76.30326621575834,5.0,914.6365995490917,0.0,0.0
LOAN_050,PAY_00602,2022-10-28,833.3333333333334,76.30326621575834,5.0,914.6365995490917,0.0,0.0
LOAN_051,PAY_00603,2021-11-25,416.6666666666667,43.610924777968755,5.0,465.27759144463545,0.0,0.0
LOAN_051,PAY_00604,2021-12-25,416.6666666666667,43.610924777968755,5.0,465.27759144463545,0.0,0.0
LOAN_051,PAY_00605,2022-02-23,416.6666666666667,43.610924777968755,5.0,465.27759144463545,0.0,0.0
LOAN_051,PAY_00606,2022-02-23,416.6666666666667,43.610924777968755,5.0,465.27759144463545,0.0,0.0
LOAN_051,PAY_00607,2022-03-25,416.6666666666667,43.610924777968755,5.0,465.27759144463545,0.0,0.0
LOAN_051,PAY_00608,2022-04-24,416.6666666666667,43.610924777968755,5.0,465.27759144463545,0.0,0.0
LOAN_051,PAY_00609,2022-05-24,416.6666666666667,43.610924777968755,5.0,465.27759144463545,0.0,0.0
LOAN_051,PAY_00610,2022-06-23,416.6666666666667,43.610924777968755,5.0,465.27759144463545,0.0,0.0
LOAN_051,PAY_00611,2022-07-23,416.6666666666667,43.610924777968755,5.0,465.27759144463545,0.0,0.0
LOAN_051,PAY_00612,2022-08-22,416.6666666666667,43.610924777968755,5.0,465.27759144463545,0.0,0.0
LOAN_051,PAY_00613,2022-09-21,416.6666666666667,43.610924777968755,5.0,465.27759144463545,0.0,0.0
LOAN_051,PAY_00614,2022-10-21,416.6666666666667,43.610924777968755,5.0,465.27759144463545,0.0,0.0
LOAN_052,PAY_00615,2022-02-10,1250.0,202.11568136180267,5.0,1457.1156813618027,0.0,0.0
LOAN_053,PAY_00616,2022-05-26,1250.0,120.06557434842362,5.0,1375.0655743484235,0.0,0.0
LOAN_053,PAY_00617,2022-06-25,1250.0,120.06557434842362,5.0,1375.0655743484235,0.0,0.0
LOAN_054,PAY_00618,2021-05-01,1666.6666666666667,258.2026713981308,5.0,1929.8693380647976,0.0,0.0
LOAN_054,PAY_00619,2021-06-14,1666.6666666666667,258.2026713981308,5.0,1929.8693380647976,0.0,0.0
LOAN_054,PAY_00620,2021-06-16,1666.6666666666667,258.2026713981308,5.0,1929.8693380647976,0.0,0.0
LOAN_054,PAY_00621,2021-07-16,1666.6666666666667,258.2026713981308,5.0,1929.8693380647976,0.0,0.0
LOAN_054,PAY_00622,2021-08-15,1666.6666666666667,258.2026713981308,5.0,1929.8693380647976,0.0,0.0
LOAN_054,PAY_00623,2021-09-14,1666.6666666666667,258.2026713981308,5.0,1929.8693380647976,0.0,0.0
LOAN_055,PAY_00624,2021-04-09,625.0,195.83397433265466,5.0,825.8339743326546,0.0,0.0
LOAN_055,PAY_00625,2021-05-09,625.0,195.83397433265466,5.0,825.8339743326546,0.0,0.0
LOAN_055,PAY_00626,2021-06-08,625.0,195.83397433265466,5.0,825.8339743326546,0.0,0.0
LOAN_055,PAY_00627,2021-07-08,625.0,195.83397433265466,5.0,825.8339743326546,0.0,0.0
LOAN_055,PAY_00628,2021-08-07,625.0,195.83397433265466,5.0,825.8339743326546,0.0,0.0
LOAN_055,PAY_00629,2021-09-06,625.0,195.83397433265466,5.0,825.8339743326546,0.0,0.0
LOAN_055,PAY_00630,2021-10-06,625.0,195.83397433265466,5.0,825.8339743326546,0.0,0.0
LOAN_055,PAY_00631,2021-11-05,625.0,195.83397433265466,5.0,825.8339743326546,0.0,0.0
LOAN_055,PAY_00632,2021-12-05,625.0,195.83397433265466,5.0,825.8339743326546,0.0,0.0
LOAN_055,PAY_00633,2022-01-04,625.0,195.83397433265466,5.0,825.8339743326546,0.0,0.0
LOAN_055,PAY_00634,2022-02-03,625.0,195.83397433265466,5.0,825.8339743326546,0.0,0.0
LOAN_055,PAY_00635,2022-03-05,625.0,195.83397433265466,5.0,825.8339743326546,0.0,0.0
LOAN_055,PAY_00636,2022-04-04,625.0,195.83397433265466,5.0,825.8339743326546,0.0,0.0
LOAN_055,PAY_00637,2022-05-04,625.0,195.83397433265466,5.0,825.8339743326546,0.0,0.0
LOAN_055,PAY_00638,2022-06-03,625.0,195.83397433265466,5.0,825.8339743326546,0.0,0.0
LOAN_055,PAY_00639,2022-07-03,625.0,195.83397433265466,5.0,825.8339743326546,0.0,0.0
LOAN_055,PAY_00640,2022-08-02,625.0,195.83397433265466,5.0,825.8339743326546,0.0,0.0
LOAN_055,PAY_00641,2022-09-01,625.0,195.83397433265466,5.0,825.8339743326546,0.0,0.0
LOAN_055,PAY_00642,2022-10-01,625.0,195.83397433265466,5.0,825.8339743326546,0.0,0.0
LOAN_055,PAY_00643,2022-10-31,625.0,195.83397433265466,5.0,825.8339743326546,0.0,0.0
LOAN_055,PAY_00644,2022-11-30,625.0,195.83397433265466,5.0,825.8339743326546,0.0,0.0
LOAN_055,PAY_00645,2022-12-30,625.0,195.83397433265466,5.0,825.8339743326546,0.0,0.0
LOAN_055,PAY_00646,2023-01-29,625.0,195.83397433265466,5.0,825.8339743326546,0.0,0.0
LOAN_055,PAY_00647,2023-02-28,625.0,195.83397433265466,5.0,825.8339743326546,0.0,0.0
LOAN_056,PAY_00648,2021-02-23,416.6666666666667,71.89714064701717,5.0,493.56380731368387,0.0,0.0
LOAN_056,PAY_00649,2021-04-12,416.6666666666667,71.89714064701717,5.0,493.56380731368387,0.0,0.0
LOAN_056,PAY_00650,2021-04-24,416.6666666666667,71.89714064701717,5.0,493.56380731368387,0.0,0.0
LOAN_056,PAY_00651,2021-05-24,416.6666666666667,71.89714064701717,5.0,493.56380731368387,0.0,0.0
LOAN_056,PAY_00652,2021-06-23,416.6666666666667,71.89714064701717,5.0,493.56380731368387,0.0,0.0
LOAN_056,PAY_00653,2021-07-23,416.6666666666667,71.89714064701717,5.0,493.56380731368387,0.0,0.0
LOAN_056,PAY_00654,2021-08-22,416.6666666666667,71.89714064701717,5.0,493.56380731368387,0.0,0.0
LOAN_056,PAY_00655,2021-09-21,416.6666666666667,71.89714064701717,5.0,493.56380731368387,0.0,0.0
LOAN_056,PAY_00656,2021-10-21,416.6666666666667,71.89714064701717,5.0,493.56380731368387,0.0,0.0
LOAN_056,PAY_00657,2021-12-03,416.6666666666667,71.89714064701717,5.0,493.56380731368387,0.0,0.0
LOAN_056,PAY_00658,2022-01-22,416.6666666666667,71.89714064701717,5.0,493.56380731368387,0.0,0.0
LOAN_056,PAY_00659,2022-02-14,416.6666666666667,71.89714064701717,5.0,493.56380731368387,0.0,0.0
LOAN_056,PAY_00660,2022-02-18,416.6666666666667,71.89714064701717,5.0,493.56380731368387,0.0,0.0
LOAN_056,PAY_00661,2022-03-20,416.6666666666667,71.89714064701717,5.0,493.56380731368387,0.0,0.0
LOAN_056,PAY_00662,2022-04-19,416.6666666666667,71.89714064701717,5.0,493.56380731368387,0.0,0.0
LOAN_056,PAY_00663,2022-05-19,416.6666666666667,71.89714064701717,5.0,493.56380731368387,0.0,0.0
LOAN_056,PAY_00664,2022-06-18,416.6666666666667,71.89714064701717,5.0,493.56380731368387,0.0,0.0
LOAN_056,PAY_00665,2022-07-18,416.6666666666667,71.89714064701717,5.0,493.56380731368387,0.0,0.0
LOAN_056,PAY_00666,2022-08-17,416.6666666666667,71.89714064701717,5.0,493.56380731368387,0.0,0.0
LOAN_056,PAY_00667,2022-09-16,416.6666666666667,71.89714064701717,5.0,493.56380731368387,0.0,0.0
LOAN_056,PAY_00668,2022-10-16,416.6666666666667,71.89714064701717,5.0,493.56380731368387,0.0,0.0
LOAN_056,PAY_00669,2022-11-15,416.6666666666667,71.89714064701717,5.0,493.56380731368387,0.0,0.0
LOAN_057,PAY_00670,2022-01-29,208.33333333333334,62.33242316287376,5.0,275.6657564962071,0.0,0.0
LOAN_057,PAY_00671,2022-02-28,208.33333333333334,62.33242316287376,5.0,275.6657564962071,0.0,0.0
LOAN_057,PAY_00672,2022-03-30,208.33333333333334,62.33242316287376,5.0,275.6657564962071,0.0,0.0
LOAN_058,PAY_00673,2022-07-30,1250.0,119.90223978260121,5.0,1374.902239782601,0.0,0.0
LOAN_058,PAY_00674,2022-07-21,1250.0,119.90223978260121,5.0,1374.902239782601,0.0,0.0
LOAN_058,PAY_00675,2022-08-20,1250.0,119.90223978260121,5.0,1374.902239782601,0.0,0.0
LOAN_058,PAY_00676,2022-09-19,1250.0,119.90223978260121,5.0,1374.902239782601,0.0,0.0
LOAN_058,PAY_00677,2022-10-19,1250.0,119.90223978260121,5.0,1374.902239782601,0.0,0.0
LOAN_058,PAY_00678,2022-11-18,1250.0,119.90223978260121,5.0,1374.902239782601,0.0,0.0
LOAN_059,PAY_00679,2022-03-28,1666.6666666666667,264.7168509924906,5.0,1936.3835176591574,0.0,0.0
LOAN_059,PAY_00680,2022-04-27,1666.6666666666667,264.7168509924906,5.0,1936.3835176591574,0.0,0.0
LOAN_059,PAY_00681,2022-06-21,1666.6666666666667,264.7168509924906,5.0,1936.3835176591574,0.0,0.0
LOAN_059,PAY_00682,2022-06-26,1666.6666666666667,264.7168509924906,5.0,1936.3835176591574,0.0,0.0
LOAN_059,PAY_00683,2022-07-26,1666.6666666666667,264.7168509924906,5.0,1936.3835176591574,0.0,0.0
LOAN_059,PAY_00684,2022-08-25,1666.6666666666667,264.7168509924906,5.0,1936.3835176591574,0.0,0.0
LOAN_059,PAY_00685,2022-09-24,1666.6666666666667,264.7168509924906,5.0,1936.3835176591574,0.0,0.0
LOAN_059,PAY_00686,2022-10-24,1666.6666666666667,264.7168509924906,5.0,1936.3835176591574,0.0,0.0
LOAN_059,PAY_00687,2022-11-23,1666.6666666666667,264.7168509924906,5.0,1936.3835176591574,0.0,0.0
LOAN_060,PAY_00688,2021-07-26,1250.0,208.80757780374358,5.0,1463.8075778037437,0.0,0.0
LOAN_060,PAY_00689,2021-09-26,1250.0,208.80757780374358,5.0,1463.8075778037437,0.0,0.0
LOAN_060,PAY_00690,2021-09-24,1250.0,208.80757780374358,5.0,1463.8075778037437,0.0,0.0
LOAN_060,PAY_00691,2021-10-24,1250.0,208.80757780374358,5.0,1463.8075778037437,0.0,0.0
LOAN_061,PAY_00692,2021-02-12,208.33333333333334,53.44593673836556,5.0,266.7792700716989,0.0,0.0
LOAN_061,PAY_00693,2021-03-14,208.33333333333334,53.44593673836556,5.0,266.7792700716989,0.0,0.0
LOAN_061,PAY_00694,2021-04-20,208.33333333333334,53.44593673836556,5.0,266.7792700716989,0.0,0.0
LOAN_061,PAY_00695,2021-05-13,208.33333333333334,53.44593673836556,5.0,266.7792700716989,0.0,0.0
LOAN_061,PAY_00696,2021-06-12,208.33333333333334,53.44593673836556,5.0,266.7792700716989,0.0,0.0
LOAN_061,PAY_00697,2021-07-12,208.33333333333334,53.44593673836556,5.0,266.7792700716989,0.0,0.0
LOAN_061,PAY_00698,2021-08-11,208.33333333333334,53.44593673836556,5.0,266.7792700716989,0.0,0.0
LOAN_061,PAY_00699,2021-09-10,208.33333333333334,53.44593673836556,5.0,266.7792700716989,0.0,0.0
LOAN_061,PAY_00700,2021-10-10,208.33333333333334,53.44593673836556,5.0,266.7792700716989,0.0,0.0
LOAN_061,PAY_00701,2021-11-09,208.33333333333334,53.44593673836556,5.0,266.7792700716989,0.0,0.0
LOAN_061,PAY_00702,2021-12-09,208.33333333333334,53.44593673836556,5.0,266.7792700716989,0.0,0.0
LOAN_061,PAY_00703,2022-01-08,208.33333333333334,53.44593673836556,5.0,266.7792700716989,0.0,0.0
LOAN_061,PAY_00704,2022-02-07,208.33333333333334,53.44593673836556,5.0,266.7792700716989,0.0,0.0
LOAN_061,PAY_00705,2022-03-09,208.33333333333334,53.44593673836556,5.0,266.7792700716989,0.0,0.0
LOAN_061,PAY_00706,2022-04-08,208.33333333333334,53.44593673836556,5.0,266.7792700716989,0.0,0.0
LOAN_061,PAY_00707,2022-05-08,208.33333333333334,53.44593673836556,5.0,266.7792700716989,0.0,0.0
LOAN_061,PAY_00708,2022-06-07,208.33333333333334,53.44593673836556,5.0,266.7792700716989,0.0,0.0
LOAN_061,PAY_00709,2022-07-07,208.33333333333334,53.44593673836556,5.0,266.7792700716989,0.0,0.0
LOAN_061,PAY_00710,2022-08-06,208.33333333333334,53.44593673836556,5.0,266.7792700716989,0.0,0.0
LOAN_061,PAY_00711,2022-10-12,208.33333333333334,53.44593673836556,5.0,266.7792700716989,0.0,0.0
LOAN_061,PAY_00712,2022-10-05,208.33333333333334,53.44593673836556,5.0,266.7792700716989,0.0,0.0
LOAN_061,PAY_00713,2022-11-04,208.33333333333334,53.44593673836556,5.0,266.7792700716989,0.0,0.0
LOAN_061,PAY_00714,2022-12-04,208.33333333333334,53.44593673836556,5.0,266.7792700716989,0.0,0.0
LOAN_061,PAY_00715,2023-01-03,208.33333333333334,53.44593673836556,5.0,266.7792700716989,0.0,0.0
LOAN_062,PAY_00716,2022-05-03,833.3333333333334,220.56192897027162,5.0,1058.895262303605,0.0,0.0
LOAN_062,PAY_00717,2022-06-02,833.3333333333334,220.56192897027162,5.0,1058.895262303605,0.0,0.0
LOAN_062,PAY_00718,2022-07-02,833.3333333333334,220.56192897027162,5.0,1058.895262303605,0.0,0.0
LOAN_062,PAY_00719,2022-08-01,833.3333333333334,220.56192897027162,5.0,1058.895262303605,0.0,0.0
LOAN_062,PAY_00720,2022-08-31,833.3333333333334,220.56192897027162,5.0,1058.895262303605,0.0,0.0
LOAN_062,PAY_00721,2022-09-30,833.3333333333334,220.56192897027162,5.0,1058.895262303605,0.0,0.0
LOAN_062,PAY_00722,2022-10-30,833.3333333333334,220.56192897027162,5.0,1058.895262303605,0.0,0.0
LOAN_062,PAY_00723,2022-11-29,833.3333333333334,220.56192897027162,5.0,1058.895262303605,0.0,0.0
LOAN_062,PAY_00724,2022-12-29,833.3333333333334,220.56192897027162,5.0,1058.895262303605,0.0,0.0
LOAN_062,PAY_00725,2023-01-28,833.3333333333334,220.56192897027162,5.0,1058.895262303605,0.0,0.0
LOAN_062,PAY_00726,2023-02-27,833.3333333333334,220.56192897027162,5.0,1058.895262303605,0.0,0.0
LOAN_062,PAY_00727,2023-03-29,833.3333333333334,220.56192897027162,5.0,1058.895262303605,0.0,0.0
LOAN_062,PAY_00728,2023-04-28,833.3333333333334,220.56192897027162,5.0,1058.895262303605,0.0,0.0
LOAN_062,PAY_00729,2023-05-28,833.3333333333334,220.56192897027162,5.0,1058.895262303605,0.0,0.0
LOAN_062,PAY_00730,2023-06-27,833.3333333333334,220.56192897027162,5.0,1058.895262303605,0.0,0.0
LOAN_062,PAY_00731,2023-07-27,833.3333333333334,220.56192897027162,5.0,1058.895262303605,0.0,0.0
LOAN_062,PAY_00732,2023-08-26,833.3333333333334,220.56192897027162,5.0,1058.895262303605,0.0,0.0
LOAN_062,PAY_00733,2023-09-25,833.3333333333334,220.56192897027162,5.0,1058.895262303605,0.0,0.0
LOAN_062,PAY_00734,2023-11-22,833.3333333333334,220.56192897027162,5.0,1058.895262303605,0.0,0.0
LOAN_062,PAY_00735,2023-11-24,833.3333333333334,220.56192897027162,5.0,1058.895262303605,0.0,0.0
LOAN_062,PAY_00736,2023-12-24,833.3333333333334,220.56192897027162,5.0,1058.895262303605,0.0,0.0
LOAN_062,PAY_00737,2024-01-23,833.3333333333334,220.56192897027162,5.0,1058.895262303605,0.0,0.0
LOAN_062,PAY_00738,2024-02-22,833.3333333333334,220.56192897027162,5.0,1058.895262303605,0.0,0.0
LOAN_063,PAY_00739,2022-09-11,416.6666666666667,130.17901091094691,5.0,551.8456775776136,0.0,0.0
LOAN_063,PAY_00740,2022-10-11,416.6666666666667,130.17901091094691,5.0,551.8456775776136,0.0,0.0
LOAN_063,PAY_00741,2022-11-10,416.6666666666667,130.17901091094691,5.0,551.8456775776136,0.0,0.0
LOAN_063,PAY_00742,2022-12-10,416.6666666666667,130.17901091094691,5.0,551.8456775776136,0.0,0.0
LOAN_063,PAY_00743,2023-01-09,416.6666666666667,130.17901091094691,5.0,551.8456775776136,0.0,0.0
LOAN_063,PAY_00744,2023-02-08,416.6666666666667,130.17901091094691,5.0,551.8456775776136,0.0,0.0
LOAN_063,PAY_00745,2023-03-10,416.6666666666667,130.17901091094691,5.0,551.8456775776136,0.0,0.0
LOAN_063,PAY_00746,2023-04-09,416.6666666666667,130.17901091094691,5.0,551.8456775776136,0.0,0.0
LOAN_063,PAY_00747,2023-05-09,416.6666666666667,130.17901091094691,5.0,551.8456775776136,0.0,0.0
LOAN_063,PAY_00748,2023-06-08,416.6666666666667,130.17901091094691,5.0,551.8456775776136,0.0,0.0
LOAN_063,PAY_00749,2023-07-08,416.6666666666667,130.17901091094691,5.0,551.8456775776136,0.0,0.0
LOAN_063,PAY_00750,2023-08-07,416.6666666666667,130.17901091094691,5.0,551.8456775776136,0.0,0.0
LOAN_063,PAY_00751,2023-09-06,416.6666666666667,130.17901091094691,5.0,551.8456775776136,0.0,0.0
LOAN_063,PAY_00752,2023-10-06,416.6666666666667,130.17901091094691,5.0,551.8456775776136,0.0,0.0
LOAN_063,PAY_00753,2023-11-05,416.6666666666667,130.17901091094691,5.0,551.8456775776136,0.0,0.0
LOAN_063,PAY_00754,2023-12-05,416.6666666666667,130.17901091094691,5.0,551.8456775776136,0.0,0.0
LOAN_063,PAY_00755,2024-01-04,416.6666666666667,130.17901091094691,5.0,551.8456775776136,0.0,0.0
LOAN_063,PAY_00756,2024-02-03,416.6666666666667,130.17901091094691,5.0,551.8456775776136,0.0,0.0
LOAN_063,PAY_00757,2024-03-04,416.6666666666667,130.17901091094691,5.0,551.8456775776136,0.0,0.0
LOAN_063,PAY_00758,2024-04-03,416.6666666666667,130.17901091094691,5.0,551.8456775776136,0.0,0.0
LOAN_063,PAY_00759,2024-05-03,416.6666666666667,130.17901091094691,5.0,551.8456775776136,0.0,0.0
LOAN_063,PAY_00760,2024-06-02,416.6666666666667,130.17901091094691,5.0,551.8456775776136,0.0,0.0
LOAN_063,PAY_00761,2024-07-02,416.6666666666667,130.17901091094691,5.0,551.8456775776136,0.0,0.0
LOAN_063,PAY_00762,2024-08-01,416.6666666666667,130.17901091094691,5.0,551.8456775776136,0.0,0.0
LOAN_064,PAY_00763,2021-10-21,833.3333333333334,83.86854709361481,5.0,922.2018804269482,0.0,0.0
LOAN_065,PAY_00764,2021-06-06,208.33333333333334,37.35181992758992,5.0,250.68515326092327,0.0,0.0
LOAN_065,PAY_00765,2021-07-06,208.33333333333334,37.35181992758992,5.0,250.68515326092327,0.0,0.0
LOAN_066,PAY_00766,2022-09-28,416.6666666666667,61.60135732660414,5.0,483.26802399327084,0.0,0.0
LOAN_066,PAY_00767,2022-10-28,416.6666666666667,61.60135732660414,5.0,483.26802399327084,0.0,0.0
LOAN_066,PAY_00768,2022-11-27,416.6666666666667,61.60135732660414,5.0,483.26802399327084,0.0,0.0
LOAN_066,PAY_00769,2022-12-27,416.6666666666667,61.60135732660414,5.0,483.26802399327084,0.0,0.0
LOAN_067,PAY_00770,2022-06-14,833.3333333333334,125.07100516000338,5.0,963.4043384933368,0.0,0.0
LOAN_067,PAY_00771,2022-08-17,833.3333333333334,125.07100516000338,5.0,963.4043384933368,0.0,0.0
LOAN_067,PAY_00772,2022-08-13,833.3333333333334,125.07100516000338,5.0,963.4043384933368,0.0,0.0
LOAN_067,PAY_00773,2022-09-12,833.3333333333334,125.07100516000338,5.0,963.4043384933368,0.0,0.0
LOAN_067,PAY_00774,2022-10-12,833.3333333333334,125.07100516000338,5.0,963.4043384933368,0.0,0.0
LOAN_067,PAY_00775,2022-11-11,833.3333333333334,125.07100516000338,5.0,963.4043384933368,0.0,0.0
LOAN_067,PAY_00776,2022-12-11,833.3333333333334,125.07100516000338,5.0,963.4043384933368,0.0,0.0
LOAN_067,PAY_00777,2023-01-10,833.3333333333334,125.07100516000338,5.0,963.4043384933368,0.0,0.0
LOAN_068,PAY_00778,2022-11-20,416.6666666666667,41.220479457419465,5.0,462.88714612408614,0.0,0.0
LOAN_068,PAY_00779,2022-12-20,416.6666666666667,41.220479457419465,5.0,462.88714612408614,0.0,0.0
LOAN_068,PAY_00780,2023-01-19,416.6666666666667,41.220479457419465,5.0,462.88714612408614,0.0,0.0
LOAN_068,PAY_00781,2023-02-18,416.6666666666667,41.220479457419465,5.0,462.88714612408614,0.0,0.0
LOAN_068,PAY_00782,2023-03-20,416.6666666666667,41.220479457419465,5.0,462.88714612408614,0.0,0.0
LOAN_068,PAY_00783,2023-04-19,416.6666666666667,41.220479457419465,5.0,462.88714612408614,0.0,0.0
LOAN_068,PAY_00784,2023-05-19,416.6666666666667,41.220479457419465,5.0,462.88714612408614,0.0,0.0
LOAN_068,PAY_00785,2023-06-18,416.6666666666667,41.220479457419465,5.0,462.88714612408614,0.0,0.0
LOAN_068,PAY_00786,2023-07-18,416.6666666666667,41.220479457419465,5.0,462.88714612408614,0.0,0.0
LOAN_068,PAY_00787,2023-08-25,416.6666666666667,41.220479457419465,5.0,462.88714612408614,0.0,0.0
LOAN_068,PAY_00788,2023-09-16,416.6666666666667,41.220479457419465,5.0,462.88714612408614,0.0,0.0
LOAN_068,PAY_00789,2023-10-16,416.6666666666667,41.220479457419465,5.0,462.88714612408614,0.0,0.0
LOAN_069,PAY_00790,2021-06-27,625.0,133.16050169129568,5.0,763.1605016912956,0.0,0.0
LOAN_069,PAY_00791,2021-07-04,625.0,133.16050169129568,5.0,763.1605016912956,0.0,0.0
LOAN_069,PAY_00792,2021-08-03,625.0,133.16050169129568,5.0,763.1605016912956,0.0,0.0
LOAN_069,PAY_00793,2021-09-02,625.0,133.16050169129568,5.0,763.1605016912956,0.0,0.0
LOAN_069,PAY_00794,2021-10-02,625.0,133.16050169129568,5.0,763.1605016912956,0.0,0.0
LOAN_069,PAY_00795,2021-11-01,625.0,133.16050169129568,5.0,763.1605016912956,0.0,0.0
LOAN_070,PAY_00796,2022-06-18,416.6666666666667,69.82931149869324,5.0,491.49597816535993,0.0,0.0
LOAN_070,PAY_00797,2022-07-18,416.6666666666667,69.82931149869324,5.0,491.49597816535993,0.0,0.0
LOAN_070,PAY_00798,2022-08-17,416.6666666666667,69.82931149869324,5.0,491.49597816535993,0.0,0.0
LOAN_070,PAY_00799,2022-09-16,416.6666666666667,69.82931149869324,5.0,491.49597816535993,0.0,0.0
LOAN_070,PAY_00800,2022-10-27,416.6666666666667,69.82931149869324,5.0,491.49597816535993,0.0,0.0
LOAN_070,PAY_00801,2022-11-15,416.6666666666667,69.82931149869324,5.0,491.49597816535993,0.0,0.0
LOAN_071,PAY_00802,2021-10-06,1250.0,117.58999823217984,5.0,1372.5899982321798,0.0,0.0
LOAN_071,PAY_00803,2021-11-05,1250.0,117.58999823217984,5.0,1372.5899982321798,0.0,0.0
LOAN_071,PAY_00804,2021-12-05,1250.0,117.58999823217984,5.0,1372.5899982321798,0.0,0.0
LOAN_072,PAY_00805,2021-04-07,833.3333333333334,203.7009134573419,5.0,1042.0342467906753,0.0,0.0
LOAN_072,PAY_00806,2021-05-07,833.3333333333334,203.7009134573419,5.0,1042.0342467906753,0.0,0.0
LOAN_072,PAY_00807,2021-06-06,833.3333333333334,203.7009134573419,5.0,1042.0342467906753,0.0,0.0
LOAN_072,PAY_00808,2021-07-06,833.3333333333334,203.7009134573419,5.0,1042.0342467906753,0.0,0.0
LOAN_072,PAY_00809,2021-08-05,833.3333333333334,203.7009134573419,5.0,1042.0342467906753,0.0,0.0
LOAN_072,PAY_00810,2021-09-04,833.3333333333334,203.7009134573419,5.0,1042.0342467906753,0.0,0.0
LOAN_072,PAY_00811,2021-11-05,833.3333333333334,203.7009134573419,5.0,1042.0342467906753,0.0,0.0
LOAN_072,PAY_00812,2021-11-03,833.3333333333334,203.7009134573419,5.0,1042.0342467906753,0.0,0.0
LOAN_072,PAY_00813,2021-12-26,833.3333333333334,203.7009134573419,5.0,1042.0342467906753,0.0,0.0
LOAN_072,PAY_00814,2022-01-02,833.3333333333334,203.7009134573419,5.0,1042.0342467906753,0.0,0.0
LOAN_072,PAY_00815,2022-02-01,833.3333333333334,203.7009134573419,5.0,1042.0342467906753,0.0,0.0
LOAN_072,PAY_00816,2022-03-03,833.3333333333334,203.7009134573419,5.0,1042.0342467906753,0.0,0.0
LOAN_072,PAY_00817,2022-04-02,833.3333333333334,203.7009134573419,5.0,1042.0342467906753,0.0,0.0
LOAN_072,PAY_00818,2022-05-02,833.3333333333334,203.7009134573419,5.0,1042.0342467906753,0.0,0.0
LOAN_072,PAY_00819,2022-06-01,833.3333333333334,203.7009134573419,5.0,1042.0342467906753,0.0,0.0
LOAN_072,PAY_00820,2022-07-01,833.3333333333334,203.7009134573419,5.0,1042.0342467906753,0.0,0.0
LOAN_072,PAY_00821,2022-07-31,833.3333333333334,203.7009134573419,5.0,1042.0342467906753,0.0,0.0
LOAN_072,PAY_00822,2022-08-30,833.3333333333334,203.7009134573419,5.0,1042.0342467906753,0.0,0.0
LOAN_073,PAY_00823,2022-05-12,833.3333333333334,110.48870399026593,5.0,948.8220373235993,0.0,0.0
LOAN_073,PAY_00824,2022-06-11,833.3333333333334,110.48870399026593,5.0,948.8220373235993,0.0,0.0
LOAN_073,PAY_00825,2022-07-11,833.3333333333334,110.48870399026593,5.0,948.8220373235993,0.0,0.0
LOAN_073,PAY_00826,2022-08-10,833.3333333333334,110.48870399026593,5.0,948.8220373235993,0.0,0.0
LOAN_073,PAY_00827,2022-09-09,833.3333333333334,110.48870399026593,5.0,948.8220373235993,0.0,0.0
LOAN_073,PAY_00828,2022-11-15,833.3333333333334,110.48870399026593,5.0,948.8220373235993,0.0,0.0
LOAN_073,PAY_00829,2022-11-08,833.3333333333334,110.48870399026593,5.0,948.8220373235993,0.0,0.0
LOAN_073,PAY_00830,2022-12-08,833.3333333333334,110.48870399026593,5.0,948.8220373235993,0.0,0.0
LOAN_073,PAY_00831,2023-01-07,833.3333333333334,110.48870399026593,5.0,948.8220373235993,0.0,0.0
LOAN_073,PAY_00832,2023-02-06,833.3333333333334,110.48870399026593,5.0,948.8220373235993,0.0,0.0
LOAN_074,PAY_00833,2021-09-04,1250.0,196.90114774820177,5.0,1451.9011477482018,0.0,0.0
LOAN_074,PAY_00834,2021-10-04,1250.0,196.90114774820177,5.0,1451.9011477482018,0.0,0.0
LOAN_074,PAY_00835,2021-11-03,1250.0,196.90114774820177,5.0,1451.9011477482018,0.0,0.0
LOAN_074,PAY_00836,2022-01-14,1250.0,196.90114774820177,5.0,1451.9011477482018,0.0,0.0
LOAN_074,PAY_00837,2022-01-02,1250.0,196.90114774820177,5.0,1451.9011477482018,0.0,0.0
LOAN_074,PAY_00838,2022-02-15,1250.0,196.90114774820177,5.0,1451.9011477482018,0.0,0.0
LOAN_074,PAY_00839,2022-04-17,1250.0,196.90114774820177,5.0,1451.9011477482018,0.0,0.0
LOAN_074,PAY_00840,2022-04-02,1250.0,196.90114774820177,5.0,1451.9011477482018,0.0,0.0
LOAN_074,PAY_00841,2022-05-13,1250.0,196.90114774820177,5.0,1451.9011477482018,0.0,0.0
LOAN_074,PAY_00842,2022-06-01,1250.0,196.90114774820177,5.0,1451.9011477482018,0.0,0.0
LOAN_075,PAY_00843,2021-10-18,1666.6666666666667,299.26691687068865,5.0,1970.9335835373554,0.0,0.0
LOAN_075,PAY_00844,2021-11-17,1666.6666666666667,299.26691687068865,5.0,1970.9335835373554,0.0,0.0
LOAN_075,PAY_00845,2021-12-17,1666.6666666666667,299.26691687068865,5.0,1970.9335835373554,0.0,0.0
LOAN_075,PAY_00846,2022-01-16,1666.6666666666667,299.26691687068865,5.0,1970.9335835373554,0.0,0.0
LOAN_075,PAY_00847,2022-02-15,1666.6666666666667,299.26691687068865,5.0,1970.9335835373554,0.0,0.0
LOAN_076,PAY_00848,2022-01-22,1666.6666666666667,233.5595986230883,5.0,1905.226265289755,0.0,0.0
LOAN_076,PAY_00849,2022-02-21,1666.6666666666667,233.5595986230883,5.0,1905.226265289755,0.0,0.0
LOAN_076,PAY_00850,2022-03-23,1666.6666666666667,233.5595986230883,5.0,1905.226265289755,0.0,0.0
LOAN_077,PAY_00851,2022-11-01,416.6666666666667,39.036429096719,5.0,460.7030957633857,0.0,0.0
LOAN_077,PAY_00852,2022-12-15,416.6666666666667,39.036429096719,5.0,460.7030957633857,0.0,0.0
LOAN_077,PAY_00853,2022-12-31,416.6666666666667,39.036429096719,5.0,460.7030957633857,0.0,0.0
LOAN_077,PAY_00854,2023-01-30,416.6666666666667,39.036429096719,5.0,460.7030957633857,0.0,0.0
LOAN_077,PAY_00855,2023-03-01,416.6666666666667,39.036429096719,5.0,460.7030957633857,0.0,0.0
LOAN_077,PAY_00856,2023-03-31,416.6666666666667,39.036429096719,5.0,460.7030957633857,0.0,0.0
LOAN_077,PAY_00857,2023-04-30,416.6666666666667,39.036429096719,5.0,460.7030957633857,0.0,0.0
LOAN_077,PAY_00858,2023-05-30,416.6666666666667,39.036429096719,5.0,460.7030957633857,0.0,0.0
LOAN_077,PAY_00859,2023-06-29,416.6666666666667,39.036429096719,5.0,460.7030957633857,0.0,0.0
LOAN_077,PAY_00860,2023-07-29,416.6666666666667,39.036429096719,5.0,460.7030957633857,0.0,0.0
LOAN_077,PAY_00861,2023-08-28,416.6666666666667,39.036429096719,5.0,460.7030957633857,0.0,0.0
LOAN_077,PAY_00862,2023-09-27,416.6666666666667,39.036429096719,5.0,460.7030957633857,0.0,0.0
LOAN_078,PAY_00863,2022-09-16,833.3333333333334,81.82469698198305,5.0,920.1580303153164,0.0,0.0
LOAN_078,PAY_00864,2022-10-16,833.3333333333334,81.82469698198305,5.0,920.1580303153164,0.0,0.0
LOAN_078,PAY_00865,2022-11-15,833.3333333333334,81.82469698198305,5.0,920.1580303153164,0.0,0.0
LOAN_078,PAY_00866,2022-12-15,833.3333333333334,81.82469698198305,5.0,920.1580303153164,0.0,0.0
LOAN_078,PAY_00867,2023-01-14,833.3333333333334,81.82469698198305,5.0,920.1580303153164,0.0,0.0
LOAN_078,PAY_00868,2023-02-13,833.3333333333334,81.82469698198305,5.0,920.1580303153164,0.0,0.0
LOAN_079,PAY_00869,2022-03-03,833.3333333333334,288.35385663936347,5.0,1126.6871899726968,0.0,0.0
LOAN_079,PAY_00870,2022-04-02,833.3333333333334,288.35385663936347,5.0,1126.6871899726968,0.0,0.0
LOAN_079,PAY_00871,2022-05-02,833.3333333333334,288.35385663936347,5.0,1126.6871899726968,0.0,0.0
LOAN_079,PAY_00872,2022-06-01,833.3333333333334,288.35385663936347,5.0,1126.6871899726968,0.0,0.0
LOAN_079,PAY_00873,2022-07-01,833.3333333333334,288.35385663936347,5.0,1126.6871899726968,0.0,0.0
LOAN_080,PAY_00874,2021-06-11,416.6666666666667,125.20292713925984,5.0,546.8695938059266,0.0,0.0
LOAN_080,PAY_00875,2021-08-23,416.6666666666667,125.20292713925984,5.0,546.8695938059266,0.0,0.0
LOAN_080,PAY_00876,2021-08-10,416.6666666666667,125.20292713925984,5.0,546.8695938059266,0.0,0.0
LOAN_080,PAY_00877,2021-09-09,416.6666666666667,125.20292713925984,5.0,546.8695938059266,0.0,0.0
LOAN_080,PAY_00878,2021-10-09,416.6666666666667,125.20292713925984,5.0,546.8695938059266,0.0,0.0
LOAN_080,PAY_00879,2021-11-08,416.6666666666667,125.20292713925984,5.0,546.8695938059266,0.0,0.0
LOAN_080,PAY_00880,2021-12-24,416.6666666666667,125.20292713925984,5.0,546.8695938059266,0.0,0.0
LOAN_080,PAY_00881,2022-01-07,416.6666666666667,125.20292713925984,5.0,546.8695938059266,0.0,0.0
LOAN_080,PAY_00882,2022-02-06,416.6666666666667,125.20292713925984,5.0,546.8695938059266,0.0,0.0
LOAN_081,PAY_00883,2022-04-12,208.33333333333334,64.09910855977084,5.0,277.43244189310417,0.0,0.0
LOAN_081,PAY_00884,2022-04-01,208.33333333333334,64.09910855977084,5.0,277.43244189310417,0.0,0.0
LOAN_081,PAY_00885,2022-05-01,208.33333333333334,64.09910855977084,5.0,277.43244189310417,0.0,0.0
LOAN_081,PAY_00886,2022-05-31,208.33333333333334,64.09910855977084,5.0,277.43244189310417,0.0,0.0
LOAN_081,PAY_00887,2022-06-30,208.33333333333334,64.09910855977084,5.0,277.43244189310417,0.0,0.0
LOAN_081,PAY_00888,2022-07-30,208.33333333333334,64.09910855977084,5.0,277.43244189310417,0.0,0.0
LOAN_081,PAY_00889,2022-08-29,208.33333333333334,64.09910855977084,5.0,277.43244189310417,0.0,0.0
LOAN_081,PAY_00890,2022-09-28,208.33333333333334,64.09910855977084,5.0,277.43244189310417,0.0,0.0
LOAN_081,PAY_00891,2022-10-28,208.33333333333334,64.09910855977084,5.0,277.43244189310417,0.0,0.0
LOAN_081,PAY_00892,2022-11-27,208.33333333333334,64.09910855977084,5.0,277.43244189310417,0.0,0.0
LOAN_081,PAY_00893,2022-12-27,208.33333333333334,64.09910855977084,5.0,277.43244189310417,0.0,0.0
LOAN_082,PAY_00894,2022-06-02,833.3333333333334,145.98171227248395,5.0,984.3150456058173,0.0,0.0
LOAN_082,PAY_00895,2022-07-02,833.3333333333334,145.98171227248395,5.0,984.3150456058173,0.0,0.0
LOAN_082,PAY_00896,2022-08-01,833.3333333333334,145.98171227248395,5.0,984.3150456058173,0.0,0.0
LOAN_082,PAY_00897,2022-08-31,833.3333333333334,145.98171227248395,5.0,984.3150456058173,0.0,0.0
LOAN_082,PAY_00898,2022-09-30,833.3333333333334,145.98171227248395,5.0,984.3150456058173,0.0,0.0
LOAN_082,PAY_00899,2022-10-30,833.3333333333334,145.98171227248395,5.0,984.3150456058173,0.0,0.0
LOAN_083,PAY_00900,2021-06-20,833.3333333333334,131.88222239665728,5.0,970.2155557299907,0.0,0.0
LOAN_083,PAY_00901,2021-07-20,833.3333333333334,131.88222239665728,5.0,970.2155557299907,0.0,0.0
LOAN_083,PAY_00902,2021-08-19,833.3333333333334,131.88222239665728,5.0,970.2155557299907,0.0,0.0
LOAN_083,PAY_00903,2021-09-18,833.3333333333334,131.88222239665728,5.0,970.2155557299907,0.0,0.0
LOAN_083,PAY_00904,2021-10-18,833.3333333333334,131.88222239665728,5.0,970.2155557299907,0.0,0.0
LOAN_083,PAY_00905,2021-11-17,833.3333333333334,131.88222239665728,5.0,970.2155557299907,0.0,0.0
LOAN_084,PAY_00906,2022-11-25,625.0,194.19076814023092,5.0,824.190768140231,0.0,0.0
LOAN_084,PAY_00907,2022-11-12,625.0,194.19076814023092,5.0,824.190768140231,0.0,0.0
LOAN_084,PAY_00908,2022-12-12,625.0,194.19076814023092,5.0,824.190768140231,0.0,0.0
LOAN_084,PAY_00909,2023-01-11,625.0,194.19076814023092,5.0,824.190768140231,0.0,0.0
LOAN_084,PAY_00910,2023-02-10,625.0,194.19076814023092,5.0,824.190768140231,0.0,0.0
LOAN_084,PAY_00911,2023-03-20,625.0,194.19076814023092,5.0,824.190768140231,0.0,0.0
LOAN_084,PAY_00912,2023-04-11,625.0,194.19076814023092,5.0,824.190768140231,0.0,0.0
LOAN_084,PAY_00913,2023-05-11,625.0,194.19076814023092,5.0,824.190768140231,0.0,0.0
LOAN_084,PAY_00914,2023-06-10,625.0,194.19076814023092,5.0,824.190768140231,0.0,0.0
LOAN_084,PAY_00915,2023-07-10,625.0,194.19076814023092,5.0,824.190768140231,0.0,0.0
LOAN_084,PAY_00916,2023-08-09,625.0,194.19076814023092,5.0,824.190768140231,0.0,0.0
LOAN_084,PAY_00917,2023-09-08,625.0,194.19076814023092,5.0,824.190768140231,0.0,0.0
LOAN_084,PAY_00918,2023-10-08,625.0,194.19076814023092,5.0,824.190768140231,0.0,0.0
LOAN_084,PAY_00919,2023-11-07,625.0,194.19076814023092,5.0,824.190768140231,0.0,0.0
LOAN_084,PAY_00920,2023-12-07,625.0,194.19076814023092,5.0,824.190768140231,0.0,0.0
LOAN_084,PAY_00921,2024-01-06,625.0,194.19076814023092,5.0,824.190768140231,0.0,0.0
LOAN_084,PAY_00922,2024-02-05,625.0,194.19076814023092,5.0,824.190768140231,0.0,0.0
LOAN_084,PAY_00923,2024-03-06,625.0,194.19076814023092,5.0,824.190768140231,0.0,0.0
LOAN_084,PAY_00924,2024-04-05,625.0,194.19076814023092,5.0,824.190768140231,0.0,0.0
LOAN_084,PAY_00925,2024-05-05,625.0,194.19076814023092,5.0,824.190768140231,0.0,0.0
LOAN_084,PAY_00926,2024-06-04,625.0,194.19076814023092,5.0,824.190768140231,0.0,0.0
LOAN_084,PAY_00927,2024-07-04,625.0,194.19076814023092,5.0,824.190768140231,0.0,0.0
LOAN_084,PAY_00928,2024-08-03,625.0,194.19076814023092,5.0,824.190768140231,0.0,0.0
LOAN_084,PAY_00929,2024-09-02,625.0,194.19076814023092,5.0,824.190768140231,0.0,0.0
LOAN_085,PAY_00930,2022-12-28,208.33333333333334,56.42088881161923,5.0,269.75422214495256,0.0,0.0
LOAN_085,PAY_00931,2023-01-27,208.33333333333334,56.42088881161923,5.0,269.75422214495256,0.0,0.0
LOAN_085,PAY_00932,2023-02-26,208.33333333333334,56.42088881161923,5.0,269.75422214495256,0.0,0.0
LOAN_085,PAY_00933,2023-03-28,208.33333333333334,56.42088881161923,5.0,269.75422214495256,0.0,0.0
LOAN_085,PAY_00934,2023-06-01,208.33333333333334,56.42088881161923,5.0,269.75422214495256,0.0,0.0
LOAN_085,PAY_00935,2023-05-27,208.33333333333334,56.42088881161923,5.0,269.75422214495256,0.0,0.0
LOAN_085,PAY_00936,2023-06-26,208.33333333333334,56.42088881161923,5.0,269.75422214495256,0.0,0.0
LOAN_085,PAY_00937,2023-07-26,208.33333333333334,56.42088881161923,5.0,269.75422214495256,0.0,0.0
LOAN_085,PAY_00938,2023-08-25,208.33333333333334,56.42088881161923,5.0,269.75422214495256,0.0,0.0
LOAN_085,PAY_00939,2023-09-24,208.33333333333334,56.42088881161923,5.0,269.75422214495256,0.0,0.0
LOAN_085,PAY_00940,2023-10-24,208.33333333333334,56.42088881161923,5.0,269.75422214495256,0.0,0.0
LOAN_085,PAY_00941,2023-11-23,208.33333333333334,56.42088881161923,5.0,269.75422214495256,0.0,0.0
LOAN_086,PAY_00942,2021-03-10,625.0,205.8888570412125,5.0,835.8888570412125,0.0,0.0
LOAN_086,PAY_00943,2021-04-09,625.0,205.8888570412125,5.0,835.8888570412125,0.0,0.0
LOAN_086,PAY_00944,2021-05-09,625.0,205.8888570412125,5.0,835.8888570412125,0.0,0.0
LOAN_086,PAY_00945,2021-06-08,625.0,205.8888570412125,5.0,835.8888570412125,0.0,0.0
LOAN_086,PAY_00946,2021-07-08,625.0,205.8888570412125,5.0,835.8888570412125,0.0,0.0
LOAN_086,PAY_00947,2021-08-07,625.0,205.8888570412125,5.0,835.8888570412125,0.0,0.0
LOAN_086,PAY_00948,2021-09-06,625.0,205.8888570412125,5.0,835.8888570412125,0.0,0.0
LOAN_086,PAY_00949,2021-10-06,625.0,205.8888570412125,5.0,835.8888570412125,0.0,0.0
LOAN_086,PAY_00950,2021-11-05,625.0,205.8888570412125,5.0,835.8888570412125,0.0,0.0
LOAN_086,PAY_00951,2021-12-05,625.0,205.8888570412125,5.0,835.8888570412125,0.0,0.0
LOAN_086,PAY_00952,2022-01-04,625.0,205.8888570412125,5.0,835.8888570412125,0.0,0.0
LOAN_086,PAY_00953,2022-02-03,625.0,205.8888570412125,5.0,835.8888570412125,0.0,0.0
LOAN_086,PAY_00954,2022-03-05,625.0,205.8888570412125,5.0,835.8888570412125,0.0,0.0
LOAN_086,PAY_00955,2022-04-04,625.0,205.8888570412125,5.0,835.8888570412125,0.0,0.0
LOAN_086,PAY_00956,2022-05-04,625.0,205.8888570412125,5.0,835.8888570412125,0.0,0.0
LOAN_086,PAY_00957,2022-06-03,625.0,205.8888570412125,5.0,835.8888570412125,0.0,0.0
LOAN_086,PAY_00958,2022-07-03,625.0,205.8888570412125,5.0,835.8888570412125,0.0,0.0
LOAN_086,PAY_00959,2022-08-02,625.0,205.8888570412125,5.0,835.8888570412125,0.0,0.0
LOAN_086,PAY_00960,2022-09-01,625.0,205.8888570412125,5.0,835.8888570412125,0.0,0.0
LOAN_087,PAY_00961,2021-07-24,208.33333333333334,61.42685903939485,5.0,274.76019237272817,0.0,0.0
LOAN_087,PAY_00962,2021-08-23,208.33333333333334,61.42685903939485,5.0,274.76019237272817,0.0,0.0
LOAN_087,PAY_00963,2021-09-22,208.33333333333334,61.42685903939485,5.0,274.76019237272817,0.0,0.0
LOAN_087,PAY_00964,2021-10-22,208.33333333333334,61.42685903939485,5.0,274.76019237272817,0.0,0.0
LOAN_087,PAY_00965,2021-12-26,208.33333333333334,61.42685903939485,5.0,274.76019237272817,0.0,0.0
LOAN_087,PAY_00966,2021-12-21,208.33333333333334,61.42685903939485,5.0,274.76019237272817,0.0,0.0
LOAN_087,PAY_00967,2022-02-14,208.33333333333334,61.42685903939485,5.0,274.76019237272817,0.0,0.0
LOAN_087,PAY_00968,2022-02-19,208.33333333333334,61.42685903939485,5.0,274.76019237272817,0.0,0.0
LOAN_087,PAY_00969,2022-03-21,208.33333333333334,61.42685903939485,5.0,274.76019237272817,0.0,0.0
LOAN_087,PAY_00970,2022-04-20,208.33333333333334,61.42685903939485,5.0,274.76019237272817,0.0,0.0
LOAN_087,PAY_00971,2022-05-20,208.33333333333334,61.42685903939485,5.0,274.76019237272817,0.0,0.0
LOAN_087,PAY_00972,2022-06-19,208.33333333333334,61.42685903939485,5.0,274.76019237272817,0.0,0.0
LOAN_087,PAY_00973,2022-07-19,208.33333333333334,61.42685903939485,5.0,274.76019237272817,0.0,0.0
LOAN_087,PAY_00974,2022-09-02,208.33333333333334,61.42685903939485,5.0,274.76019237272817,0.0,0.0
LOAN_087,PAY_00975,2022-09-17,208.33333333333334,61.42685903939485,5.0,274.76019237272817,0.0,0.0
LOAN_087,PAY_00976,2022-10-17,208.33333333333334,61.42685903939485,5.0,274.76019237272817,0.0,0.0
LOAN_087,PAY_00977,2022-11-16,208.33333333333334,61.42685903939485,5.0,274.76019237272817,0.0,0.0
LOAN_087,PAY_00978,2022-12-16,208.33333333333334,61.42685903939485,5.0,274.76019237272817,0.0,0.0
LOAN_087,PAY_00979,2023-01-15,208.33333333333334,61.42685903939485,5.0,274.76019237272817,0.0,0.0
LOAN_087,PAY_00980,2023-02-27,208.33333333333334,61.42685903939485,5.0,274.76019237272817,0.0,0.0
LOAN_087,PAY_00981,2023-03-16,208.33333333333334,61.42685903939485,5.0,274.76019237272817,0.0,0.0
LOAN_087,PAY_00982,2023-04-15,208.33333333333334,61.42685903939485,5.0,274.76019237272817,0.0,0.0
LOAN_087,PAY_00983,2023-05-15,208.33333333333334,61.42685903939485,5.0,274.76019237272817,0.0,0.0
LOAN_087,PAY_00984,2023-06-14,208.33333333333334,61.42685903939485,5.0,274.76019237272817,0.0,0.0
LOAN_088,PAY_00985,2022-08-21,208.33333333333334,53.39865414871548,5.0,266.7319874820488,0.0,0.0
LOAN_088,PAY_00986,2022-09-20,208.33333333333334,53.39865414871548,5.0,266.7319874820488,0.0,0.0
LOAN_088,PAY_00987,2022-10-20,208.33333333333334,53.39865414871548,5.0,266.7319874820488,0.0,0.0
LOAN_088,PAY_00988,2022-11-19,208.33333333333334,53.39865414871548,5.0,266.7319874820488,0.0,0.0
LOAN_088,PAY_00989,2022-12-19,208.33333333333334,53.39865414871548,5.0,266.7319874820488,0.0,0.0
LOAN_088,PAY_00990,2023-01-18,208.33333333333334,53.39865414871548,5.0,266.7319874820488,0.0,0.0
LOAN_088,PAY_00991,2023-02-17,208.33333333333334,53.39865414871548,5.0,266.7319874820488,0.0,0.0
LOAN_088,PAY_00992,2023-03-19,208.33333333333334,53.39865414871548,5.0,266.7319874820488,0.0,0.0
LOAN_088,PAY_00993,2023-04-18,208.33333333333334,53.39865414871548,5.0,266.7319874820488,0.0,0.0
LOAN_088,PAY_00994,2023-05-18,208.33333333333334,53.39865414871548,5.0,266.7319874820488,0.0,0.0
LOAN_088,PAY_00995,2023-06-17,208.33333333333334,53.39865414871548,5.0,266.7319874820488,0.0,0.0
LOAN_088,PAY_00996,2023-07-17,208.33333333333334,53.39865414871548,5.0,266.7319874820488,0.0,0.0
LOAN_088,PAY_00997,2023-08-16,208.33333333333334,53.39865414871548,5.0,266.7319874820488,0.0,0.0
LOAN_088,PAY_00998,2023-09-15,208.33333333333334,53.39865414871548,5.0,266.7319874820488,0.0,0.0
LOAN_088,PAY_00999,2023-10-15,208.33333333333334,53.39865414871548,5.0,266.7319874820488,0.0,0.0
LOAN_088,PAY_01000,2023-11-30,208.33333333333334,53.39865414871548,5.0,266.7319874820488,0.0,0.0
LOAN_088,PAY_01001,2024-01-06,208.33333333333334,53.39865414871548,5.0,266.7319874820488,0.0,0.0
LOAN_088,PAY_01002,2024-01-13,208.33333333333334,53.39865414871548,5.0,266.7319874820488,0.0,0.0
LOAN_088,PAY_01003,2024-02-12,208.33333333333334,53.39865414871548,5.0,266.7319874820488,0.0,0.0
LOAN_088,PAY_01004,2024-03-13,208.33333333333334,53.39865414871548,5.0,266.7319874820488,0.0,0.0
LOAN_089,PAY_01005,2022-10-01,434.7826086956522,119.79481337328706,5.0,559.5774220689392,0.0,0.0
LOAN_089,PAY_01006,2022-10-31,434.7826086956522,119.79481337328706,5.0,559.5774220689392,0.0,0.0
LOAN_089,PAY_01007,2022-12-15,434.7826086956522,119.79481337328706,5.0,559.5774220689392,0.0,0.0
LOAN_089,PAY_01008,2022-12-30,434.7826086956522,119.79481337328706,5.0,559.5774220689392,0.0,0.0
LOAN_089,PAY_01009,2023-01-29,434.7826086956522,119.79481337328706,5.0,559.5774220689392,0.0,0.0
LOAN_089,PAY_01010,2023-02-28,434.7826086956522,119.79481337328706,5.0,559.5774220689392,0.0,0.0
LOAN_089,PAY_01011,2023-03-30,434.7826086956522,119.79481337328706,5.0,559.5774220689392,0.0,0.0
LOAN_089,PAY_01012,2023-04-29,434.7826086956522,119.79481337328706,5.0,559.5774220689392,0.0,0.0
LOAN_089,PAY_01013,2023-05-29,434.7826086956522,119.79481337328706,5.0,559.5774220689392,0.0,0.0
LOAN_089,PAY_01014,2023-06-28,434.7826086956522,119.79481337328706,5.0,559.5774220689392,0.0,0.0
LOAN_089,PAY_01015,2023-07-28,434.7826086956522,119.79481337328706,5.0,559.5774220689392,0.0,0.0
LOAN_089,PAY_01016,2023-08-27,434.7826086956522,119.79481337328706,5.0,559.5774220689392,0.0,0.0
LOAN_089,PAY_01017,2023-09-26,434.7826086956522,119.79481337328706,5.0,559.5774220689392,0.0,0.0
LOAN_089,PAY_01018,2023-10-26,434.7826086956522,119.79481337328706,5.0,559.5774220689392,0.0,0.0
LOAN_089,PAY_01019,2023-12-30,434.7826086956522,119.79481337328706,5.0,559.5774220689392,0.0,0.0
LOAN_089,PAY_01020,2023-12-25,434.7826086956522,119.79481337328706,5.0,559.5774220689392,0.0,0.0
LOAN_089,PAY_01021,2024-01-24,434.7826086956522,119.79481337328706,5.0,559.5774220689392,0.0,0.0
LOAN_089,PAY_01022,2024-03-21,434.7826086956522,119.79481337328706,5.0,559.5774220689392,0.0,0.0
LOAN_089,PAY_01023,2024-03-24,434.7826086956522,119.79481337328706,5.0,559.5774220689392,0.0,0.0
LOAN_090,PAY_01024,2021-02-07,625.0,104.43227967594821,5.0,734.4322796759482,0.0,0.0
LOAN_090,PAY_01025,2021-03-09,625.0,104.43227967594821,5.0,734.4322796759482,0.0,0.0
LOAN_090,PAY_01026,2021-04-08,625.0,104.43227967594821,5.0,734.4322796759482,0.0,0.0
LOAN_090,PAY_01027,2021-05-08,625.0,104.43227967594821,5.0,734.4322796759482,0.0,0.0
LOAN_090,PAY_01028,2021-06-07,625.0,104.43227967594821,5.0,734.4322796759482,0.0,0.0
LOAN_090,PAY_01029,2021-07-07,625.0,104.43227967594821,5.0,734.4322796759482,0.0,0.0
LOAN_090,PAY_01030,2021-08-06,625.0,104.43227967594821,5.0,734.4322796759482,0.0,0.0
LOAN_090,PAY_01031,2021-09-05,625.0,104.43227967594821,5.0,734.4322796759482,0.0,0.0
LOAN_090,PAY_01032,2021-10-05,625.0,104.43227967594821,5.0,734.4322796759482,0.0,0.0
LOAN_090,PAY_01033,2021-11-04,625.0,104.43227967594821,5.0,734.4322796759482,0.0,0.0
LOAN_090,PAY_01034,2021-12-04,625.0,104.43227967594821,5.0,734.4322796759482,0.0,0.0
LOAN_090,PAY_01035,2022-01-03,625.0,104.43227967594821,5.0,734.4322796759482,0.0,0.0
LOAN_090,PAY_01036,2022-02-02,625.0,104.43227967594821,5.0,734.4322796759482,0.0,0.0
LOAN_090,PAY_01037,2022-03-04,625.0,104.43227967594821,5.0,734.4322796759482,0.0,0.0
LOAN_090,PAY_01038,2022-04-03,625.0,104.43227967594821,5.0,734.4322796759482,0.0,0.0
LOAN_090,PAY_01039,2022-05-03,625.0,104.43227967594821,5.0,734.4322796759482,0.0,0.0
LOAN_090,PAY_01040,2022-06-02,625.0,104.43227967594821,5.0,734.4322796759482,0.0,0.0
LOAN_090,PAY_01041,2022-07-02,625.0,104.43227967594821,5.0,734.4322796759482,0.0,0.0
LOAN_091,PAY_01042,2021-12-05,625.0,176.90857761388347,5.0,806.9085776138835,0.0,0.0
LOAN_092,PAY_01043,2021-08-10,1666.6666666666667,167.60705970779213,5.0,1839.2737263744589,0.0,0.0
LOAN_092,PAY_01044,2021-09-09,1666.6666666666667,167.60705970779213,5.0,1839.2737263744589,0.0,0.0
LOAN_093,PAY_01045,2022-10-01,869.5652173913044,135.71335132020124,5.0,1010.2785687115056,0.0,0.0
LOAN_093,PAY_01046,2022-10-31,869.5652173913044,135.71335132020124,5.0,1010.2785687115056,0.0,0.0
LOAN_093,PAY_01047,2022-11-30,869.5652173913044,135.71335132020124,5.0,1010.2785687115056,0.0,0.0
LOAN_093,PAY_01048,2022-12-30,869.5652173913044,135.71335132020124,5.0,1010.2785687115056,0.0,0.0
LOAN_093,PAY_01049,2023-02-06,869.5652173913044,135.71335132020124,5.0,1010.2785687115056,0.0,0.0
LOAN_093,PAY_01050,2023-02-28,869.5652173913044,135.71335132020124,5.0,1010.2785687115056,0.0,0.0
LOAN_093,PAY_01051,2023-03-30,869.5652173913044,135.71335132020124,5.0,1010.2785687115056,0.0,0.0
LOAN_093,PAY_01052,2023-04-29,869.5652173913044,135.71335132020124,5.0,1010.2785687115056,0.0,0.0
LOAN_093,PAY_01053,2023-05-29,869.5652173913044,135.71335132020124,5.0,1010.2785687115056,0.0,0.0
LOAN_093,PAY_01054,2023-06-28,869.5652173913044,135.71335132020124,5.0,1010.2785687115056,0.0,0.0
LOAN_093,PAY_01055,2023-07-28,869.5652173913044,135.71335132020124,5.0,1010.2785687115056,0.0,0.0
LOAN_093,PAY_01056,2023-08-27,869.5652173913044,135.71335132020124,5.0,1010.2785687115056,0.0,0.0
LOAN_093,PAY_01057,2023-09-26,869.5652173913044,135.71335132020124,5.0,1010.2785687115056,0.0,0.0
LOAN_093,PAY_01058,2023-10-26,869.5652173913044,135.71335132020124,5.0,1010.2785687115056,0.0,0.0
LOAN_093,PAY_01059,2023-11-25,869.5652173913044,135.71335132020124,5.0,1010.2785687115056,0.0,0.0
LOAN_093,PAY_01060,2023-12-25,869.5652173913044,135.71335132020124,5.0,1010.2785687115056,0.0,0.0
LOAN_093,PAY_01061,2024-01-24,869.5652173913044,135.71335132020124,5.0,1010.2785687115056,0.0,0.0
LOAN_093,PAY_01062,2024-02-23,869.5652173913044,135.71335132020124,5.0,1010.2785687115056,0.0,0.0
LOAN_093,PAY_01063,2024-03-24,869.5652173913044,135.71335132020124,5.0,1010.2785687115056,0.0,0.0
LOAN_093,PAY_01064,2024-04-28,869.5652173913044,135.71335132020124,5.0,1010.2785687115056,0.0,0.0
LOAN_094,PAY_01065,2022-09-11,833.3333333333334,293.47387245143943,5.0,1131.8072057847728,0.0,0.0
LOAN_094,PAY_01066,2022-10-11,833.3333333333334,293.47387245143943,5.0,1131.8072057847728,0.0,0.0
LOAN_094,PAY_01067,2022-11-10,833.3333333333334,293.47387245143943,5.0,1131.8072057847728,0.0,0.0
LOAN_094,PAY_01068,2022-12-10,833.3333333333334,293.47387245143943,5.0,1131.8072057847728,0.0,0.0
LOAN_094,PAY_01069,2023-01-09,833.3333333333334,293.47387245143943,5.0,1131.8072057847728,0.0,0.0
LOAN_094,PAY_01070,2023-02-08,833.3333333333334,293.47387245143943,5.0,1131.8072057847728,0.0,0.0
LOAN_094,PAY_01071,2023-04-02,833.3333333333334,293.47387245143943,5.0,1131.8072057847728,0.0,0.0
LOAN_094,PAY_01072,2023-04-09,833.3333333333334,293.47387245143943,5.0,1131.8072057847728,0.0,0.0
LOAN_094,PAY_01073,2023-05-09,833.3333333333334,293.47387245143943,5.0,1131.8072057847728,0.0,0.0
LOAN_094,PAY_01074,2023-06-08,833.3333333333334,293.47387245143943,5.0,1131.8072057847728,0.0,0.0
LOAN_094,PAY_01075,2023-07-08,833.3333333333334,293.47387245143943,5.0,1131.8072057847728,0.0,0.0
LOAN_094,PAY_01076,2023-09-01,833.3333333333334,293.47387245143943,5.0,1131.8072057847728,0.0,0.0
LOAN_094,PAY_01077,2023-09-06,833.3333333333334,293.47387245143943,5.0,1131.8072057847728,0.0,0.0
LOAN_094,PAY_01078,2023-10-06,833.3333333333334,293.47387245143943,5.0,1131.8072057847728,0.0,0.0
LOAN_095,PAY_01079,2022-09-25,416.6666666666667,64.24342775612023,5.0,485.9100944227869,0.0,0.0
LOAN_095,PAY_01080,2022-10-12,416.6666666666667,64.24342775612023,5.0,485.9100944227869,0.0,0.0
LOAN_095,PAY_01081,2022-11-11,416.6666666666667,64.24342775612023,5.0,485.9100944227869,0.0,0.0
LOAN_095,PAY_01082,2022-12-11,416.6666666666667,64.24342775612023,5.0,485.9100944227869,0.0,0.0
LOAN_095,PAY_01083,2023-01-10,416.6666666666667,64.24342775612023,5.0,485.9100944227869,0.0,0.0
LOAN_095,PAY_01084,2023-02-09,416.6666666666667,64.24342775612023,5.0,485.9100944227869,0.0,0.0
LOAN_096,PAY_01085,2022-08-31,869.5652173913044,278.67073117321127,5.0,1153.2359485645156,0.0,0.0
LOAN_096,PAY_01086,2022-10-09,869.5652173913044,278.67073117321127,5.0,1153.2359485645156,0.0,0.0
LOAN_096,PAY_01087,2022-10-30,869.5652173913044,278.67073117321127,5.0,1153.2359485645156,0.0,0.0
LOAN_096,PAY_01088,2022-11-29,869.5652173913044,278.67073117321127,5.0,1153.2359485645156,0.0,0.0
LOAN_096,PAY_01089,2023-02-01,869.5652173913044,278.67073117321127,5.0,1153.2359485645156,0.0,0.0
LOAN_096,PAY_01090,2023-01-28,869.5652173913044,278.67073117321127,5.0,1153.2359485645156,0.0,0.0
LOAN_096,PAY_01091,2023-02-27,869.5652173913044,278.67073117321127,5.0,1153.2359485645156,0.0,0.0
LOAN_096,PAY_01092,2023-03-29,869.5652173913044,278.67073117321127,5.0,1153.2359485645156,0.0,0.0
LOAN_096,PAY_01093,2023-04-28,869.5652173913044,278.67073117321127,5.0,1153.2359485645156,0.0,0.0
LOAN_096,PAY_01094,2023-05-28,869.5652173913044,278.67073117321127,5.0,1153.2359485645156,0.0,0.0
LOAN_096,PAY_01095,2023-06-27,869.5652173913044,278.67073117321127,5.0,1153.2359485645156,0.0,0.0
LOAN_096,PAY_01096,2023-07-27,869.5652173913044,278.67073117321127,5.0,1153.2359485645156,0.0,0.0
LOAN_096,PAY_01097,2023-08-26,869.5652173913044,278.67073117321127,5.0,1153.2359485645156,0.0,0.0
LOAN_096,PAY_01098,2023-09-25,869.5652173913044,278.67073117321127,5.0,1153.2359485645156,0.0,0.0
LOAN_096,PAY_01099,2023-10-25,869.5652173913044,278.67073117321127,5.0,1153.2359485645156,0.0,0.0
LOAN_096,PAY_01100,2023-11-24,869.5652173913044,278.67073117321127,5.0,1153.2359485645156,0.0,0.0
LOAN_096,PAY_01101,2023-12-24,869.5652173913044,278.67073117321127,5.0,1153.2359485645156,0.0,0.0
LOAN_096,PAY_01102,2024-03-02,869.5652173913044,278.67073117321127,5.0,1153.2359485645156,0.0,0.0
LOAN_096,PAY_01103,2024-02-22,869.5652173913044,278.67073117321127,5.0,1153.2359485645156,0.0,0.0
LOAN_097,PAY_01104,2022-11-28,416.6666666666667,49.855348914768335,5.0,471.522015581435,0.0,0.0
LOAN_097,PAY_01105,2022-12-28,416.6666666666667,49.855348914768335,5.0,471.522015581435,0.0,0.0
LOAN_097,PAY_01106,2023-01-27,416.6666666666667,49.855348914768335,5.0,471.522015581435,0.0,0.0
LOAN_097,PAY_01107,2023-02-26,416.6666666666667,49.855348914768335,5.0,471.522015581435,0.0,0.0
LOAN_097,PAY_01108,2023-03-28,416.6666666666667,49.855348914768335,5.0,471.522015581435,0.0,0.0
LOAN_097,PAY_01109,2023-04-27,416.6666666666667,49.855348914768335,5.0,471.522015581435,0.0,0.0
LOAN_097,PAY_01110,2023-05-27,416.6666666666667,49.855348914768335,5.0,471.522015581435,0.0,0.0
LOAN_097,PAY_01111,2023-06-26,416.6666666666667,49.855348914768335,5.0,471.522015581435,0.0,0.0
LOAN_097,PAY_01112,2023-07-26,416.6666666666667,49.855348914768335,5.0,471.522015581435,0.0,0.0
LOAN_097,PAY_01113,2023-08-25,416.6666666666667,49.855348914768335,5.0,471.522015581435,0.0,0.0
LOAN_098,PAY_01114,2023-01-15,1250.0,175.8666168187866,5.0,1430.8666168187865,0.0,0.0
LOAN_099,PAY_01115,2021-06-24,625.0,119.79720219519434,5.0,749.7972021951944,0.0,0.0
LOAN_099,PAY_01116,2021-07-11,625.0,119.79720219519434,5.0,749.7972021951944,0.0,0.0
LOAN_099,PAY_01117,2021-08-10,625.0,119.79720219519434,5.0,749.7972021951944,0.0,0.0
LOAN_099,PAY_01118,2021-09-26,625.0,119.79720219519434,5.0,749.7972021951944,0.0,0.0
LOAN_100,PAY_01119,2022-07-23,208.33333333333334,48.777537371146764,5.0,262.11087070448013,0.0,0.0
LOAN_100,PAY_01120,2022-08-22,208.33333333333334,48.777537371146764,5.0,262.11087070448013,0.0,0.0
LOAN_100,PAY_01121,2022-09-21,208.33333333333334,48.777537371146764,5.0,262.11087070448013,0.0,0.0
LOAN_101,PAY_01122,2021-08-12,1666.6666666666667,176.18767394293704,5.0,1847.8543406096037,0.0,0.0
LOAN_101,PAY_01123,2021-09-11,1666.6666666666667,176.18767394293704,5.0,1847.8543406096037,0.0,0.0
LOAN_101,PAY_01124,2021-10-11,1666.6666666666667,176.18767394293704,5.0,1847.8543406096037,0.0,0.0
LOAN_102,PAY_01125,2022-04-20,1666.6666666666667,235.3497160474336,5.0,1907.0163827141002,0.0,0.0
LOAN_102,PAY_01126,2022-05-20,1666.6666666666667,235.3497160474336,5.0,1907.0163827141002,0.0,0.0
LOAN_102,PAY_01127,2022-06-19,1666.6666666666667,235.3497160474336,5.0,1907.0163827141002,0.0,0.0
LOAN_102,PAY_01128,2022-08-25,1666.6666666666667,235.3497160474336,5.0,1907.0163827141002,0.0,0.0
LOAN_102,PAY_01129,2022-08-18,1666.6666666666667,235.3497160474336,5.0,1907.0163827141002,0.0,0.0
LOAN_102,PAY_01130,2022-10-19,1666.6666666666667,235.3497160474336,5.0,1907.0163827141002,0.0,0.0
LOAN_102,PAY_01131,2022-10-17,1666.6666666666667,235.3497160474336,5.0,1907.0163827141002,0.0,0.0
LOAN_102,PAY_01132,2022-11-16,1666.6666666666667,235.3497160474336,5.0,1907.0163827141002,0.0,0.0
LOAN_102,PAY_01133,2023-01-16,1666.6666666666667,235.3497160474336,5.0,1907.0163827141002,0.0,0.0
LOAN_103,PAY_01134,2021-06-05,1250.0,140.50840024851252,5.0,1395.5084002485125,0.0,0.0
LOAN_103,PAY_01135,2021-07-25,1250.0,140.50840024851252,5.0,1395.5084002485125,0.0,0.0
LOAN_103,PAY_01136,2021-07-27,1250.0,140.50840024851252,5.0,1395.5084002485125,0.0,0.0
LOAN_103,PAY_01137,2021-08-26,1250.0,140.50840024851252,5.0,1395.5084002485125,0.0,0.0
LOAN_103,PAY_01138,2021-09-25,1250.0,140.50840024851252,5.0,1395.5084002485125,0.0,0.0
LOAN_103,PAY_01139,2021-10-25,1250.0,140.50840024851252,5.0,1395.5084002485125,0.0,0.0
LOAN_104,PAY_01140,2021-08-14,833.3333333333334,176.57796852717482,5.0,1014.9113018605082,0.0,0.0
LOAN_104,PAY_01141,2021-09-13,833.3333333333334,176.57796852717482,5.0,1014.9113018605082,0.0,0.0
LOAN_104,PAY_01142,2021-10-13,833.3333333333334,176.57796852717482,5.0,1014.9113018605082,0.0,0.0
LOAN_104,PAY_01143,2021-11-12,833.3333333333334,176.57796852717482,5.0,1014.9113018605082,0.0,0.0
LOAN_104,PAY_01144,2021-12-12,833.3333333333334,176.57796852717482,5.0,1014.9113018605082,0.0,0.0
LOAN_104,PAY_01145,2022-01-11,833.3333333333334,176.57796852717482,5.0,1014.9113018605082,0.0,0.0
LOAN_104,PAY_01146,2022-02-10,833.3333333333334,176.57796852717482,5.0,1014.9113018605082,0.0,0.0
LOAN_104,PAY_01147,2022-03-12,833.3333333333334,176.57796852717482,5.0,1014.9113018605082,0.0,0.0
LOAN_105,PAY_01148,2021-04-23,1250.0,100.36548909181704,5.0,1355.365489091817,0.0,0.0
LOAN_105,PAY_01149,2021-05-23,1250.0,100.36548909181704,5.0,1355.365489091817,0.0,0.0
LOAN_105,PAY_01150,2021-06-22,1250.0,100.36548909181704,5.0,1355.365489091817,0.0,0.0
LOAN_105,PAY_01151,2021-07-22,1250.0,100.36548909181704,5.0,1355.365489091817,0.0,0.0
LOAN_105,PAY_01152,2021-08-21,1250.0,100.36548909181704,5.0,1355.365489091817,0.0,0.0
LOAN_105,PAY_01153,2021-09-20,1250.0,100.36548909181704,5.0,1355.365489091817,0.0,0.0
LOAN_106,PAY_01154,2021-09-14,416.6666666666667,136.295713717022,5.0,557.9623803836887,0.0,0.0
LOAN_106,PAY_01155,2021-11-07,416.6666666666667,136.295713717022,5.0,557.9623803836887,0.0,0.0
LOAN_106,PAY_01156,2021-11-13,416.6666666666667,136.295713717022,5.0,557.9623803836887,0.0,0.0
LOAN_106,PAY_01157,2021-12-13,416.6666666666667,136.295713717022,5.0,557.9623803836887,0.0,0.0
LOAN_106,PAY_01158,2022-01-12,416.6666666666667,136.295713717022,5.0,557.9623803836887,0.0,0.0
LOAN_106,PAY_01159,2022-03-25,416.6666666666667,136.295713717022,5.0,557.9623803836887,0.0,0.0
LOAN_106,PAY_01160,2022-03-13,416.6666666666667,136.295713717022,5.0,557.9623803836887,0.0,0.0
LOAN_106,PAY_01161,2022-04-12,416.6666666666667,136.295713717022,5.0,557.9623803836887,0.0,0.0
LOAN_106,PAY_01162,2022-05-12,416.6666666666667,136.295713717022,5.0,557.9623803836887,0.0,0.0
LOAN_106,PAY_01163,2022-06-11,416.6666666666667,136.295713717022,5.0,557.9623803836887,0.0,0.0
LOAN_106,PAY_01164,2022-07-11,416.6666666666667,136.295713717022,5.0,557.9623803836887,0.0,0.0
LOAN_106,PAY_01165,2022-08-10,416.6666666666667,136.295713717022,5.0,557.9623803836887,0.0,0.0
LOAN_106,PAY_01166,2022-09-09,416.6666666666667,136.295713717022,5.0,557.9623803836887,0.0,0.0
LOAN_106,PAY_01167,2022-10-09,416.6666666666667,136.295713717022,5.0,557.9623803836887,0.0,0.0
LOAN_106,PAY_01168,2022-11-08,416.6666666666667,136.295713717022,5.0,557.9623803836887,0.0,0.0
LOAN_106,PAY_01169,2022-12-08,416.6666666666667,136.295713717022,5.0,557.9623803836887,0.0,0.0
LOAN_106,PAY_01170,2023-01-07,416.6666666666667,136.295713717022,5.0,557.9623803836887,0.0,0.0
LOAN_106,PAY_01171,2023-02-06,416.6666666666667,136.295713717022,5.0,557.9623803836887,0.0,0.0
LOAN_106,PAY_01172,2023-04-11,416.6666666666667,136.295713717022,5.0,557.9623803836887,0.0,0.0
LOAN_106,PAY_01173,2023-04-07,416.6666666666667,136.295713717022,5.0,557.9623803836887,0.0,0.0
LOAN_106,PAY_01174,2023-05-07,416.6666666666667,136.295713717022,5.0,557.9623803836887,0.0,0.0
LOAN_106,PAY_01175,2023-06-06,416.6666666666667,136.295713717022,5.0,557.9623803836887,0.0,0.0
LOAN_106,PAY_01176,2023-07-06,416.6666666666667,136.295713717022,5.0,557.9623803836887,0.0,0.0
LOAN_106,PAY_01177,2023-08-05,416.6666666666667,136.295713717022,5.0,557.9623803836887,0.0,0.0
LOAN_107,PAY_01178,2021-04-12,1250.0,157.00259974504763,5.0,1412.0025997450475,0.0,0.0
LOAN_107,PAY_01179,2021-05-12,1250.0,157.00259974504763,5.0,1412.0025997450475,0.0,0.0
LOAN_107,PAY_01180,2021-07-21,1250.0,157.00259974504763,5.0,1412.0025997450475,0.0,0.0
LOAN_107,PAY_01181,2021-07-11,1250.0,157.00259974504763,5.0,1412.0025997450475,0.0,0.0
LOAN_107,PAY_01182,2021-08-10,1250.0,157.00259974504763,5.0,1412.0025997450475,0.0,0.0
LOAN_107,PAY_01183,2021-09-09,1250.0,157.00259974504763,5.0,1412.0025997450475,0.0,0.0
LOAN_107,PAY_01184,2021-10-09,1250.0,157.00259974504763,5.0,1412.0025997450475,0.0,0.0
LOAN_107,PAY_01185,2021-11-08,1250.0,157.00259974504763,5.0,1412.0025997450475,0.0,0.0
LOAN_107,PAY_01186,2021-12-08,1250.0,157.00259974504763,5.0,1412.0025997450475,0.0,0.0
LOAN_107,PAY_01187,2022-01-07,1250.0,157.00259974504763,5.0,1412.0025997450475,0.0,0.0
LOAN_108,PAY_01188,2022-06-18,416.6666666666667,128.9239680091628,5.0,550.5906346758295,0.0,0.0
LOAN_108,PAY_01189,2022-07-18,416.6666666666667,128.9239680091628,5.0,550.5906346758295,0.0,0.0
LOAN_108,PAY_01190,2022-08-17,416.6666666666667,128.9239680091628,5.0,550.5906346758295,0.0,0.0
LOAN_108,PAY_01191,2022-09-16,416.6666666666667,128.9239680091628,5.0,550.5906346758295,0.0,0.0
LOAN_108,PAY_01192,2022-10-16,416.6666666666667,128.9239680091628,5.0,550.5906346758295,0.0,0.0
LOAN_108,PAY_01193,2022-11-15,416.6666666666667,128.9239680091628,5.0,550.5906346758295,0.0,0.0
LOAN_108,PAY_01194,2022-12-15,416.6666666666667,128.9239680091628,5.0,550.5906346758295,0.0,0.0
LOAN_108,PAY_01195,2023-01-14,416.6666666666667,128.9239680091628,5.0,550.5906346758295,0.0,0.0
LOAN_108,PAY_01196,2023-02-13,416.6666666666667,128.9239680091628,5.0,550.5906346758295,0.0,0.0
LOAN_108,PAY_01197,2023-03-15,416.6666666666667,128.9239680091628,5.0,550.5906346758295,0.0,0.0
LOAN_109,PAY_01198,2021-03-12,1666.6666666666667,287.4360751041352,5.0,1959.102741770802,0.0,0.0
LOAN_110,PAY_01199,2021-07-13,1666.6666666666667,277.4221767908907,5.0,1949.0888434575575,0.0,0.0
LOAN_110,PAY_01200,2021-08-12,1666.6666666666667,277.4221767908907,5.0,1949.0888434575575,0.0,0.0
LOAN_110,PAY_01201,2021-09-11,1666.6666666666667,277.4221767908907,5.0,1949.0888434575575,0.0,0.0
LOAN_110,PAY_01202,2021-10-11,1666.6666666666667,277.4221767908907,5.0,1949.0888434575575,0.0,0.0
LOAN_110,PAY_01203,2021-11-10,1666.6666666666667,277.4221767908907,5.0,1949.0888434575575,0.0,0.0
LOAN_110,PAY_01204,2021-12-10,1666.6666666666667,277.4221767908907,5.0,1949.0888434575575,0.0,0.0
LOAN_110,PAY_01205,2022-01-09,1666.6666666666667,277.4221767908907,5.0,1949.0888434575575,0.0,0.0
LOAN_110,PAY_01206,2022-02-08,1666.6666666666667,277.4221767908907,5.0,1949.0888434575575,0.0,0.0
LOAN_110,PAY_01207,2022-03-10,1666.6666666666667,277.4221767908907,5.0,1949.0888434575575,0.0,0.0
LOAN_110,PAY_01208,2022-04-09,1666.6666666666667,277.4221767908907,5.0,1949.0888434575575,0.0,0.0
LOAN_110,PAY_01209,2022-05-09,1666.6666666666667,277.4221767908907,5.0,1949.0888434575575,0.0,0.0
LOAN_110,PAY_01210,2022-06-08,1666.6666666666667,277.4221767908907,5.0,1949.0888434575575,0.0,0.0
LOAN_111,PAY_01211,2022-05-16,833.3333333333334,297.7457793770173,5.0,1136.0791127103507,0.0,0.0
LOAN_111,PAY_01212,2022-06-15,833.3333333333334,297.7457793770173,5.0,1136.0791127103507,0.0,0.0
LOAN_111,PAY_01213,2022-07-15,833.3333333333334,297.7457793770173,5.0,1136.0791127103507,0.0,0.0
LOAN_111,PAY_01214,2022-08-14,833.3333333333334,297.7457793770173,5.0,1136.0791127103507,0.0,0.0
LOAN_111,PAY_01215,2022-09-13,833.3333333333334,297.7457793770173,5.0,1136.0791127103507,0.0,0.0
LOAN_111,PAY_01216,2022-10-13,833.3333333333334,297.7457793770173,5.0,1136.0791127103507,0.0,0.0
LOAN_112,PAY_01217,2022-02-09,208.33333333333334,59.482205177931576,5.0,272.8155385112649,0.0,0.0
LOAN_112,PAY_01218,2022-03-11,208.33333333333334,59.482205177931576,5.0,272.8155385112649,0.0,0.0
LOAN_112,PAY_01219,2022-04-10,208.33333333333334,59.482205177931576,5.0,272.8155385112649,0.0,0.0
LOAN_112,PAY_01220,2022-05-25,208.33333333333334,59.482205177931576,5.0,272.8155385112649,0.0,0.0
LOAN_112,PAY_01221,2022-06-09,208.33333333333334,59.482205177931576,5.0,272.8155385112649,0.0,0.0
LOAN_112,PAY_01222,2022-07-09,208.33333333333334,59.482205177931576,5.0,272.8155385112649,0.0,0.0
LOAN_112,PAY_01223,2022-08-08,208.33333333333334,59.482205177931576,5.0,272.8155385112649,0.0,0.0
LOAN_112,PAY_01224,2022-09-07,208.33333333333334,59.482205177931576,5.0,272.8155385112649,0.0,0.0
LOAN_112,PAY_01225,2022-10-22,208.33333333333334,59.482205177931576,5.0,272.8155385112649,0.0,0.0
LOAN_112,PAY_01226,2022-11-06,208.33333333333334,59.482205177931576,5.0,272.8155385112649,0.0,0.0
LOAN_112,PAY_01227,2022-12-06,208.33333333333334,59.482205177931576,5.0,272.8155385112649,0.0,0.0
LOAN_112,PAY_01228,2023-01-17,208.33333333333334,59.482205177931576,5.0,272.8155385112649,0.0,0.0
LOAN_112,PAY_01229,2023-02-04,208.33333333333334,59.482205177931576,5.0,272.8155385112649,0.0,0.0
LOAN_112,PAY_01230,2023-03-06,208.33333333333334,59.482205177931576,5.0,272.8155385112649,0.0,0.0
LOAN_112,PAY_01231,2023-04-05,208.33333333333334,59.482205177931576,5.0,272.8155385112649,0.0,0.0
LOAN_112,PAY_01232,2023-05-05,208.33333333333334,59.482205177931576,5.0,272.8155385112649,0.0,0.0
LOAN_112,PAY_01233,2023-06-04,208.33333333333334,59.482205177931576,5.0,272.8155385112649,0.0,0.0
LOAN_112,PAY_01234,2023-07-04,208.33333333333334,59.482205177931576,5.0,272.8155385112649,0.0,0.0
LOAN_112,PAY_01235,2023-08-03,208.33333333333334,59.482205177931576,5.0,272.8155385112649,0.0,0.0
LOAN_112,PAY_01236,2023-09-02,208.33333333333334,59.482205177931576,5.0,272.8155385112649,0.0,0.0
LOAN_112,PAY_01237,2023-10-02,208.33333333333334,59.482205177931576,5.0,272.8155385112649,0.0,0.0
LOAN_112,PAY_01238,2023-11-20,208.33333333333334,59.482205177931576,5.0,272.8155385112649,0.0,0.0
LOAN_113,PAY_01239,2022-02-24,208.33333333333334,37.02627724827759,5.0,250.35961058161092,0.0,0.0
LOAN_113,PAY_01240,2022-03-26,208.33333333333334,37.02627724827759,5.0,250.35961058161092,0.0,0.0
LOAN_113,PAY_01241,2022-04-25,208.33333333333334,37.02627724827759,5.0,250.35961058161092,0.0,0.0
LOAN_113,PAY_01242,2022-05-25,208.33333333333334,37.02627724827759,5.0,250.35961058161092,0.0,0.0
LOAN_113,PAY_01243,2022-07-14,208.33333333333334,37.02627724827759,5.0,250.35961058161092,0.0,0.0
LOAN_113,PAY_01244,2022-07-24,208.33333333333334,37.02627724827759,5.0,250.35961058161092,0.0,0.0
LOAN_113,PAY_01245,2022-08-23,208.33333333333334,37.02627724827759,5.0,250.35961058161092,0.0,0.0
LOAN_114,PAY_01246,2022-11-04,208.33333333333334,52.97476212401435,5.0,266.3080954573477,0.0,0.0
LOAN_114,PAY_01247,2022-12-04,208.33333333333334,52.97476212401435,5.0,266.3080954573477,0.0,0.0
LOAN_114,PAY_01248,2023-01-03,208.33333333333334,52.97476212401435,5.0,266.3080954573477,0.0,0.0
LOAN_114,PAY_01249,2023-02-02,208.33333333333334,52.97476212401435,5.0,266.3080954573477,0.0,0.0
LOAN_114,PAY_01250,2023-03-04,208.33333333333334,52.97476212401435,5.0,266.3080954573477,0.0,0.0
LOAN_114,PAY_01251,2023-04-03,208.33333333333334,52.97476212401435,5.0,266.3080954573477,0.0,0.0
LOAN_114,PAY_01252,2023-05-03,208.33333333333334,52.97476212401435,5.0,266.3080954573477,0.0,0.0
LOAN_114,PAY_01253,2023-06-02,208.33333333333334,52.97476212401435,5.0,266.3080954573477,0.0,0.0
LOAN_114,PAY_01254,2023-07-02,208.33333333333334,52.97476212401435,5.0,266.3080954573477,0.0,0.0
LOAN_114,PAY_01255,2023-08-01,208.33333333333334,52.97476212401435,5.0,266.3080954573477,0.0,0.0
LOAN_114,PAY_01256,2023-08-31,208.33333333333334,52.97476212401435,5.0,266.3080954573477,0.0,0.0
LOAN_114,PAY_01257,2023-09-30,208.33333333333334,52.97476212401435,5.0,266.3080954573477,0.0,0.0
LOAN_114,PAY_01258,2023-10-30,208.33333333333334,52.97476212401435,5.0,266.3080954573477,0.0,0.0
LOAN_114,PAY_01259,2023-11-29,208.33333333333334,52.97476212401435,5.0,266.3080954573477,0.0,0.0
LOAN_114,PAY_01260,2023-12-29,208.33333333333334,52.97476212401435,5.0,266.3080954573477,0.0,0.0
LOAN_114,PAY_01261,2024-01-28,208.33333333333334,52.97476212401435,5.0,266.3080954573477,0.0,0.0
LOAN_114,PAY_01262,2024-02-27,208.33333333333334,52.97476212401435,5.0,266.3080954573477,0.0,0.0
LOAN_114,PAY_01263,2024-03-28,208.33333333333334,52.97476212401435,5.0,266.3080954573477,0.0,0.0
LOAN_114,PAY_01264,2024-04-27,208.33333333333334,52.97476212401435,5.0,266.3080954573477,0.0,0.0
LOAN_114,PAY_01265,2024-05-27,208.33333333333334,52.97476212401435,5.0,266.3080954573477,0.0,0.0
LOAN_114,PAY_01266,2024-06-26,208.33333333333334,52.97476212401435,5.0,266.3080954573477,0.0,0.0
LOAN_114,PAY_01267,2024-07-26,208.33333333333334,52.97476212401435,5.0,266.3080954573477,0.0,0.0
LOAN_114,PAY_01268,2024-08-25,208.33333333333334,52.97476212401435,5.0,266.3080954573477,0.0,0.0
LOAN_114,PAY_01269,2024-09-24,208.33333333333334,52.97476212401435,5.0,266.3080954573477,0.0,0.0
LOAN_115,PAY_01270,2022-11-22,416.6666666666667,126.6955767359309,5.0,548.3622434025976,0.0,0.0
LOAN_115,PAY_01271,2022-12-22,416.6666666666667,126.6955767359309,5.0,548.3622434025976,0.0,0.0
LOAN_115,PAY_01272,2023-01-21,416.6666666666667,126.6955767359309,5.0,548.3622434025976,0.0,0.0
LOAN_115,PAY_01273,2023-03-13,416.6666666666667,126.6955767359309,5.0,548.3622434025976,0.0,0.0
LOAN_115,PAY_01274,2023-03-22,416.6666666666667,126.6955767359309,5.0,548.3622434025976,0.0,0.0
LOAN_115,PAY_01275,2023-04-21,416.6666666666667,126.6955767359309,5.0,548.3622434025976,0.0,0.0
LOAN_116,PAY_01276,2022-02-08,208.33333333333334,69.74083789056434,5.0,283.0741712238977,0.0,0.0
LOAN_116,PAY_01277,2022-03-10,208.33333333333334,69.74083789056434,5.0,283.0741712238977,0.0,0.0
LOAN_116,PAY_01278,2022-04-09,208.33333333333334,69.74083789056434,5.0,283.0741712238977,0.0,0.0
LOAN_116,PAY_01279,2022-05-09,208.33333333333334,69.74083789056434,5.0,283.0741712238977,0.0,0.0
LOAN_116,PAY_01280,2022-06-08,208.33333333333334,69.74083789056434,5.0,283.0741712238977,0.0,0.0
LOAN_116,PAY_01281,2022-07-08,208.33333333333334,69.74083789056434,5.0,283.0741712238977,0.0,0.0
LOAN_116,PAY_01282,2022-08-07,208.33333333333334,69.74083789056434,5.0,283.0741712238977,0.0,0.0
LOAN_116,PAY_01283,2022-09-06,208.33333333333334,69.74083789056434,5.0,283.0741712238977,0.0,0.0
LOAN_116,PAY_01284,2022-10-06,208.33333333333334,69.74083789056434,5.0,283.0741712238977,0.0,0.0
LOAN_116,PAY_01285,2022-11-05,208.33333333333334,69.74083789056434,5.0,283.0741712238977,0.0,0.0
LOAN_116,PAY_01286,2022-12-05,208.33333333333334,69.74083789056434,5.0,283.0741712238977,0.0,0.0
LOAN_116,PAY_01287,2023-01-04,208.33333333333334,69.74083789056434,5.0,283.0741712238977,0.0,0.0
LOAN_116,PAY_01288,2023-02-03,208.33333333333334,69.74083789056434,5.0,283.0741712238977,0.0,0.0
LOAN_117,PAY_01289,2021-03-29,416.6666666666667,136.70236760142387,5.0,558.3690342680906,0.0,0.0
LOAN_117,PAY_01290,2021-04-28,416.6666666666667,136.70236760142387,5.0,558.3690342680906,0.0,0.0
LOAN_117,PAY_01291,2021-05-28,416.6666666666667,136.70236760142387,5.0,558.3690342680906,0.0,0.0
LOAN_117,PAY_01292,2021-06-27,416.6666666666667,136.70236760142387,5.0,558.3690342680906,0.0,0.0
LOAN_117,PAY_01293,2021-08-19,416.6666666666667,136.70236760142387,5.0,558.3690342680906,0.0,0.0
LOAN_118,PAY_01294,2022-06-07,416.6666666666667,97.61858674470403,5.0,519.2852534113707,0.0,0.0
LOAN_118,PAY_01295,2022-06-28,416.6666666666667,97.61858674470403,5.0,519.2852534113707,0.0,0.0
LOAN_118,PAY_01296,2022-08-02,416.6666666666667,97.61858674470403,5.0,519.2852534113707,0.0,0.0
LOAN_118,PAY_01297,2022-08-27,416.6666666666667,97.61858674470403,5.0,519.2852534113707,0.0,0.0
LOAN_118,PAY_01298,2022-09-26,416.6666666666667,97.61858674470403,5.0,519.2852534113707,0.0,0.0
LOAN_118,PAY_01299,2022-10-26,416.6666666666667,97.61858674470403,5.0,519.2852534113707,0.0,0.0
LOAN_118,PAY_01300,2022-11-25,416.6666666666667,97.61858674470403,5.0,519.2852534113707,0.0,0.0
LOAN_118,PAY_01301,2022-12-25,416.6666666666667,97.61858674470403,5.0,519.2852534113707,0.0,0.0
LOAN_119,PAY_01302,2022-06-08,625.0,208.4336880655986,5.0,838.4336880655986,0.0,0.0
LOAN_119,PAY_01303,2022-08-03,625.0,208.4336880655986,5.0,838.4336880655986,0.0,0.0
LOAN_119,PAY_01304,2022-08-07,625.0,208.4336880655986,5.0,838.4336880655986,0.0,0.0
LOAN_119,PAY_01305,2022-09-06,625.0,208.4336880655986,5.0,838.4336880655986,0.0,0.0
LOAN_119,PAY_01306,2022-10-06,625.0,208.4336880655986,5.0,838.4336880655986,0.0,0.0
LOAN_119,PAY_01307,2022-11-05,625.0,208.4336880655986,5.0,838.4336880655986,0.0,0.0
LOAN_119,PAY_01308,2022-12-05,625.0,208.4336880655986,5.0,838.4336880655986,0.0,0.0
LOAN_119,PAY_01309,2023-01-04,625.0,208.4336880655986,5.0,838.4336880655986,0.0,0.0
LOAN_119,PAY_01310,2023-02-03,625.0,208.4336880655986,5.0,838.4336880655986,0.0,0.0
LOAN_120,PAY_01311,2022-05-21,208.33333333333334,67.21991104309065,5.0,280.553244376424,0.0,0.0
LOAN_120,PAY_01312,2022-06-20,208.33333333333334,67.21991104309065,5.0,280.553244376424,0.0,0.0
LOAN_120,PAY_01313,2022-07-20,208.33333333333334,67.21991104309065,5.0,280.553244376424,0.0,0.0
LOAN_120,PAY_01314,2022-08-19,208.33333333333334,67.21991104309065,5.0,280.553244376424,0.0,0.0
LOAN_120,PAY_01315,2022-09-18,208.33333333333334,67.21991104309065,5.0,280.553244376424,0.0,0.0
LOAN_120,PAY_01316,2022-10-18,208.33333333333334,67.21991104309065,5.0,280.553244376424,0.0,0.0
LOAN_120,PAY_01317,2022-11-17,208.33333333333334,67.21991104309065,5.0,280.553244376424,0.0,0.0
LOAN_120,PAY_01318,2022-12-17,208.33333333333334,67.21991104309065,5.0,280.553244376424,0.0,0.0
LOAN_120,PAY_01319,2023-01-16,208.33333333333334,67.21991104309065,5.0,280.553244376424,0.0,0.0
LOAN_120,PAY_01320,2023-02-15,208.33333333333334,67.21991104309065,5.0,280.553244376424,0.0,0.0
LOAN_121,PAY_01321,2022-11-24,833.3333333333334,118.86605332945327,5.0,957.1993866627867,0.0,0.0
LOAN_121,PAY_01322,2022-12-13,833.3333333333334,118.86605332945327,5.0,957.1993866627867,0.0,0.0
LOAN_121,PAY_01323,2023-01-12,833.3333333333334,118.86605332945327,5.0,957.1993866627867,0.0,0.0
LOAN_121,PAY_01324,2023-02-11,833.3333333333334,118.86605332945327,5.0,957.1993866627867,0.0,0.0
LOAN_121,PAY_01325,2023-03-13,833.3333333333334,118.86605332945327,5.0,957.1993866627867,0.0,0.0
LOAN_121,PAY_01326,2023-04-12,833.3333333333334,118.86605332945327,5.0,957.1993866627867,0.0,0.0
LOAN_121,PAY_01327,2023-05-12,833.3333333333334,118.86605332945327,5.0,957.1993866627867,0.0,0.0
LOAN_121,PAY_01328,2023-06-11,833.3333333333334,118.86605332945327,5.0,957.1993866627867,0.0,0.0
LOAN_121,PAY_01329,2023-07-11,833.3333333333334,118.86605332945327,5.0,957.1993866627867,0.0,0.0
LOAN_122,PAY_01330,2023-01-25,833.3333333333334,156.99291034258482,5.0,995.3262436759182,0.0,0.0
LOAN_122,PAY_01331,2023-02-24,833.3333333333334,156.99291034258482,5.0,995.3262436759182,0.0,0.0
LOAN_122,PAY_01332,2023-03-26,833.3333333333334,156.99291034258482,5.0,995.3262436759182,0.0,0.0
LOAN_122,PAY_01333,2023-04-25,833.3333333333334,156.99291034258482,5.0,995.3262436759182,0.0,0.0
LOAN_122,PAY_01334,2023-05-25,833.3333333333334,156.99291034258482,5.0,995.3262436759182,0.0,0.0
LOAN_122,PAY_01335,2023-06-24,833.3333333333334,156.99291034258482,5.0,995.3262436759182,0.0,0.0
LOAN_122,PAY_01336,2023-07-24,833.3333333333334,156.99291034258482,5.0,995.3262436759182,0.0,0.0
LOAN_122,PAY_01337,2023-08-23,833.3333333333334,156.99291034258482,5.0,995.3262436759182,0.0,0.0
LOAN_122,PAY_01338,2023-09-22,833.3333333333334,156.99291034258482,5.0,995.3262436759182,0.0,0.0
LOAN_122,PAY_01339,2023-10-22,833.3333333333334,156.99291034258482,5.0,995.3262436759182,0.0,0.0
LOAN_122,PAY_01340,2023-11-21,833.3333333333334,156.99291034258482,5.0,995.3262436759182,0.0,0.0
LOAN_122,PAY_01341,2023-12-21,833.3333333333334,156.99291034258482,5.0,995.3262436759182,0.0,0.0
LOAN_122,PAY_01342,2024-01-20,833.3333333333334,156.99291034258482,5.0,995.3262436759182,0.0,0.0
LOAN_122,PAY_01343,2024-02-19,833.3333333333334,156.99291034258482,5.0,995.3262436759182,0.0,0.0
LOAN_122,PAY_01344,2024-03-20,833.3333333333334,156.99291034258482,5.0,995.3262436759182,0.0,0.0
LOAN_122,PAY_01345,2024-04-19,833.3333333333334,156.99291034258482,5.0,995.3262436759182,0.0,0.0
LOAN_122,PAY_01346,2024-05-19,833.3333333333334,156.99291034258482,5.0,995.3262436759182,0.0,0.0
LOAN_123,PAY_01347,2022-04-03,1250.0,160.12990856940544,5.0,1415.1299085694054,0.0,0.0
LOAN_123,PAY_01348,2022-05-10,1250.0,160.12990856940544,5.0,1415.1299085694054,0.0,0.0
LOAN_123,PAY_01349,2022-06-02,1250.0,160.12990856940544,5.0,1415.1299085694054,0.0,0.0
LOAN_123,PAY_01350,2022-07-02,1250.0,160.12990856940544,5.0,1415.1299085694054,0.0,0.0
LOAN_123,PAY_01351,2022-08-18,1250.0,160.12990856940544,5.0,1415.1299085694054,0.0,0.0
LOAN_123,PAY_01352,2022-08-31,1250.0,160.12990856940544,5.0,1415.1299085694054,0.0,0.0
LOAN_123,PAY_01353,2022-09-30,1250.0,160.12990856940544,5.0,1415.1299085694054,0.0,0.0
LOAN_123,PAY_01354,2022-10-30,1250.0,160.12990856940544,5.0,1415.1299085694054,0.0,0.0
LOAN_123,PAY_01355,2022-11-29,1250.0,160.12990856940544,5.0,1415.1299085694054,0.0,0.0
LOAN_123,PAY_01356,2022-12-29,1250.0,160.12990856940544,5.0,1415.1299085694054,0.0,0.0
LOAN_123,PAY_01357,2023-01-28,1250.0,160.12990856940544,5.0,1415.1299085694054,0.0,0.0
LOAN_123,PAY_01358,2023-02-27,1250.0,160.12990856940544,5.0,1415.1299085694054,0.0,0.0
LOAN_124,PAY_01359,2021-06-16,1666.6666666666667,157.29772160500175,5.0,1828.9643882716684,0.0,0.0
LOAN_124,PAY_01360,2021-06-29,1666.6666666666667,157.29772160500175,5.0,1828.9643882716684,0.0,0.0
LOAN_124,PAY_01361,2021-07-29,1666.6666666666667,157.29772160500175,5.0,1828.9643882716684,0.0,0.0
LOAN_124,PAY_01362,2021-08-28,1666.6666666666667,157.29772160500175,5.0,1828.9643882716684,0.0,0.0
LOAN_124,PAY_01363,2021-09-27,1666.6666666666667,157.29772160500175,5.0,1828.9643882716684,0.0,0.0
LOAN_124,PAY_01364,2021-10-27,1666.6666666666667,157.29772160500175,5.0,1828.9643882716684,0.0,0.0
LOAN_125,PAY_01365,2021-08-20,1250.0,110.85876713670586,5.0,1365.8587671367059,0.0,0.0
LOAN_125,PAY_01366,2021-09-19,1250.0,110.85876713670586,5.0,1365.8587671367059,0.0,0.0
LOAN_125,PAY_01367,2021-10-19,1250.0,110.85876713670586,5.0,1365.8587671367059,0.0,0.0
LOAN_125,PAY_01368,2021-11-18,1250.0,110.85876713670586,5.0,1365.8587671367059,0.0,0.0
LOAN_125,PAY_01369,2021-12-18,1250.0,110.85876713670586,5.0,1365.8587671367059,0.0,0.0
LOAN_125,PAY_01370,2022-01-17,1250.0,110.85876713670586,5.0,1365.8587671367059,0.0,0.0
LOAN_125,PAY_01371,2022-02-16,1250.0,110.85876713670586,5.0,1365.8587671367059,0.0,0.0
LOAN_125,PAY_01372,2022-03-18,1250.0,110.85876713670586,5.0,1365.8587671367059,0.0,0.0
LOAN_125,PAY_01373,2022-04-17,1250.0,110.85876713670586,5.0,1365.8587671367059,0.0,0.0
LOAN_125,PAY_01374,2022-05-17,1250.0,110.85876713670586,5.0,1365.8587671367059,0.0,0.0
LOAN_125,PAY_01375,2022-06-16,1250.0,110.85876713670586,5.0,1365.8587671367059,0.0,0.0
LOAN_125,PAY_01376,2022-07-16,1250.0,110.85876713670586,5.0,1365.8587671367059,0.0,0.0
LOAN_126,PAY_01377,2021-03-26,416.6666666666667,71.87713931871042,5.0,493.5438059853771,0.0,0.0
LOAN_126,PAY_01378,2021-04-25,416.6666666666667,71.87713931871042,5.0,493.5438059853771,0.0,0.0
LOAN_126,PAY_01379,2021-05-25,416.6666666666667,71.87713931871042,5.0,493.5438059853771,0.0,0.0
LOAN_126,PAY_01380,2021-06-24,416.6666666666667,71.87713931871042,5.0,493.5438059853771,0.0,0.0
LOAN_126,PAY_01381,2021-07-24,416.6666666666667,71.87713931871042,5.0,493.5438059853771,0.0,0.0
LOAN_126,PAY_01382,2021-08-23,416.6666666666667,71.87713931871042,5.0,493.5438059853771,0.0,0.0
LOAN_126,PAY_01383,2021-10-31,416.6666666666667,71.87713931871042,5.0,493.5438059853771,0.0,0.0
LOAN_126,PAY_01384,2021-10-22,416.6666666666667,71.87713931871042,5.0,493.5438059853771,0.0,0.0
LOAN_126,PAY_01385,2021-12-16,416.6666666666667,71.87713931871042,5.0,493.5438059853771,0.0,0.0
LOAN_126,PAY_01386,2021-12-21,416.6666666666667,71.87713931871042,5.0,493.5438059853771,0.0,0.0
LOAN_126,PAY_01387,2022-01-20,416.6666666666667,71.87713931871042,5.0,493.5438059853771,0.0,0.0
LOAN_126,PAY_01388,2022-02-19,416.6666666666667,71.87713931871042,5.0,493.5438059853771,0.0,0.0
LOAN_127,PAY_01389,2021-04-11,833.3333333333334,137.30383025403427,5.0,975.6371635873677,0.0,0.0
LOAN_127,PAY_01390,2021-05-11,833.3333333333334,137.30383025403427,5.0,975.6371635873677,0.0,0.0
LOAN_127,PAY_01391,2021-06-10,833.3333333333334,137.30383025403427,5.0,975.6371635873677,0.0,0.0
LOAN_127,PAY_01392,2021-07-10,833.3333333333334,137.30383025403427,5.0,975.6371635873677,0.0,0.0
LOAN_127,PAY_01393,2021-08-09,833.3333333333334,137.30383025403427,5.0,975.6371635873677,0.0,0.0
LOAN_127,PAY_01394,2021-10-18,833.3333333333334,137.30383025403427,5.0,975.6371635873677,0.0,0.0
LOAN_127,PAY_01395,2021-10-08,833.3333333333334,137.30383025403427,5.0,975.6371635873677,0.0,0.0
LOAN_127,PAY_01396,2021-11-07,833.3333333333334,137.30383025403427,5.0,975.6371635873677,0.0,0.0
LOAN_127,PAY_01397,2021-12-30,833.3333333333334,137.30383025403427,5.0,975.6371635873677,0.0,0.0
LOAN_127,PAY_01398,2022-01-06,833.3333333333334,137.30383025403427,5.0,975.6371635873677,0.0,0.0
LOAN_128,PAY_01399,2022-10-23,625.0,151.3370567653266,5.0,781.3370567653266,0.0,0.0
LOAN_128,PAY_01400,2022-11-22,625.0,151.3370567653266,5.0,781.3370567653266,0.0,0.0
LOAN_128,PAY_01401,2022-12-22,625.0,151.3370567653266,5.0,781.3370567653266,0.0,0.0
LOAN_128,PAY_01402,2023-02-15,625.0,151.3370567653266,5.0,781.3370567653266,0.0,0.0
LOAN_128,PAY_01403,2023-02-20,625.0,151.3370567653266,5.0,781.3370567653266,0.0,0.0
LOAN_128,PAY_01404,2023-03-22,625.0,151.3370567653266,5.0,781.3370567653266,0.0,0.0
LOAN_128,PAY_01405,2023-04-21,625.0,151.3370567653266,5.0,781.3370567653266,0.0,0.0
LOAN_128,PAY_01406,2023-05-21,625.0,151.3370567653266,5.0,781.3370567653266,0.0,0.0
LOAN_128,PAY_01407,2023-06-20,625.0,151.3370567653266,5.0,781.3370567653266,0.0,0.0
LOAN_128,PAY_01408,2023-07-20,625.0,151.3370567653266,5.0,781.3370567653266,0.0,0.0
LOAN_128,PAY_01409,2023-08-19,625.0,151.3370567653266,5.0,781.3370567653266,0.0,0.0
LOAN_128,PAY_01410,2023-09-18,625.0,151.3370567653266,5.0,781.3370567653266,0.0,0.0
LOAN_128,PAY_01411,2023-10-18,625.0,151.3370567653266,5.0,781.3370567653266,0.0,0.0
LOAN_128,PAY_01412,2023-11-17,625.0,151.3370567653266,5.0,781.3370567653266,0.0,0.0
LOAN_128,PAY_01413,2023-12-17,625.0,151.3370567653266,5.0,781.3370567653266,0.0,0.0
LOAN_128,PAY_01414,2024-01-16,625.0,151.3370567653266,5.0,781.3370567653266,0.0,0.0
LOAN_128,PAY_01415,2024-02-15,625.0,151.3370567653266,5.0,781.3370567653266,0.0,0.0
LOAN_128,PAY_01416,2024-03-16,625.0,151.3370567653266,5.0,781.3370567653266,0.0,0.0
LOAN_128,PAY_01417,2024-04-15,625.0,151.3370567653266,5.0,781.3370567653266,0.0,0.0
LOAN_128,PAY_01418,2024-05-15,625.0,151.3370567653266,5.0,781.3370567653266,0.0,0.0
LOAN_129,PAY_01419,2022-01-27,625.0,156.25168146244502,5.0,786.251681462445,0.0,0.0
LOAN_129,PAY_01420,2022-02-26,625.0,156.25168146244502,5.0,786.251681462445,0.0,0.0
LOAN_129,PAY_01421,2022-03-28,625.0,156.25168146244502,5.0,786.251681462445,0.0,0.0
LOAN_129,PAY_01422,2022-04-27,625.0,156.25168146244502,5.0,786.251681462445,0.0,0.0
LOAN_129,PAY_01423,2022-05-27,625.0,156.25168146244502,5.0,786.251681462445,0.0,0.0
LOAN_129,PAY_01424,2022-06-26,625.0,156.25168146244502,5.0,786.251681462445,0.0,0.0
LOAN_129,PAY_01425,2022-07-26,625.0,156.25168146244502,5.0,786.251681462445,0.0,0.0
LOAN_129,PAY_01426,2022-08-25,625.0,156.25168146244502,5.0,786.251681462445,0.0,0.0
LOAN_129,PAY_01427,2022-09-24,625.0,156.25168146244502,5.0,786.251681462445,0.0,0.0
LOAN_129,PAY_01428,2022-10-24,625.0,156.25168146244502,5.0,786.251681462445,0.0,0.0
LOAN_129,PAY_01429,2022-11-23,625.0,156.25168146244502,5.0,786.251681462445,0.0,0.0
LOAN_129,PAY_01430,2022-12-23,625.0,156.25168146244502,5.0,786.251681462445,0.0,0.0
LOAN_129,PAY_01431,2023-01-22,625.0,156.25168146244502,5.0,786.251681462445,0.0,0.0
LOAN_129,PAY_01432,2023-02-21,625.0,156.25168146244502,5.0,786.251681462445,0.0,0.0
LOAN_129,PAY_01433,2023-04-09,625.0,156.25168146244502,5.0,786.251681462445,0.0,0.0
LOAN_129,PAY_01434,2023-04-22,625.0,156.25168146244502,5.0,786.251681462445,0.0,0.0
LOAN_129,PAY_01435,2023-05-22,625.0,156.25168146244502,5.0,786.251681462445,0.0,0.0
LOAN_130,PAY_01436,2021-11-07,1250.0,131.9972433188229,5.0,1386.997243318823,0.0,0.0
LOAN_130,PAY_01437,2021-12-07,1250.0,131.9972433188229,5.0,1386.997243318823,0.0,0.0
LOAN_130,PAY_01438,2022-01-06,1250.0,131.9972433188229,5.0,1386.997243318823,0.0,0.0
LOAN_130,PAY_01439,2022-02-05,1250.0,131.9972433188229,5.0,1386.997243318823,0.0,0.0
LOAN_130,PAY_01440,2022-03-07,1250.0,131.9972433188229,5.0,1386.997243318823,0.0,0.0
LOAN_130,PAY_01441,2022-04-06,1250.0,131.9972433188229,5.0,1386.997243318823,0.0,0.0
LOAN_130,PAY_01442,2022-05-06,1250.0,131.9972433188229,5.0,1386.997243318823,0.0,0.0
LOAN_130,PAY_01443,2022-06-05,1250.0,131.9972433188229,5.0,1386.997243318823,0.0,0.0
LOAN_130,PAY_01444,2022-07-05,1250.0,131.9972433188229,5.0,1386.997243318823,0.0,0.0
LOAN_130,PAY_01445,2022-08-04,1250.0,131.9972433188229,5.0,1386.997243318823,0.0,0.0
LOAN_130,PAY_01446,2022-09-03,1250.0,131.9972433188229,5.0,1386.997243318823,0.0,0.0
LOAN_130,PAY_01447,2022-10-03,1250.0,131.9972433188229,5.0,1386.997243318823,0.0,0.0
LOAN_131,PAY_01448,2021-10-25,416.6666666666667,87.41861253362968,5.0,509.0852792002964,0.0,0.0
LOAN_131,PAY_01449,2021-11-24,416.6666666666667,87.41861253362968,5.0,509.0852792002964,0.0,0.0
LOAN_131,PAY_01450,2021-12-24,416.6666666666667,87.41861253362968,5.0,509.0852792002964,0.0,0.0
LOAN_131,PAY_01451,2022-02-07,416.6666666666667,87.41861253362968,5.0,509.0852792002964,0.0,0.0
LOAN_131,PAY_01452,2022-02-22,416.6666666666667,87.41861253362968,5.0,509.0852792002964,0.0,0.0
LOAN_131,PAY_01453,2022-03-24,416.6666666666667,87.41861253362968,5.0,509.0852792002964,0.0,0.0
LOAN_131,PAY_01454,2022-04-23,416.6666666666667,87.41861253362968,5.0,509.0852792002964,0.0,0.0
LOAN_131,PAY_01455,2022-05-23,416.6666666666667,87.41861253362968,5.0,509.0852792002964,0.0,0.0
LOAN_131,PAY_01456,2022-06-22,416.6666666666667,87.41861253362968,5.0,509.0852792002964,0.0,0.0
LOAN_131,PAY_01457,2022-07-22,416.6666666666667,87.41861253362968,5.0,509.0852792002964,0.0,0.0
LOAN_131,PAY_01458,2022-08-21,416.6666666666667,87.41861253362968,5.0,509.0852792002964,0.0,0.0
LOAN_131,PAY_01459,2022-09-20,416.6666666666667,87.41861253362968,5.0,509.0852792002964,0.0,0.0
LOAN_131,PAY_01460,2022-10-20,416.6666666666667,87.41861253362968,5.0,509.0852792002964,0.0,0.0
LOAN_131,PAY_01461,2022-11-19,416.6666666666667,87.41861253362968,5.0,509.0852792002964,0.0,0.0
LOAN_131,PAY_01462,2022-12-19,416.6666666666667,87.41861253362968,5.0,509.0852792002964,0.0,0.0
LOAN_131,PAY_01463,2023-01-18,416.6666666666667,87.41861253362968,5.0,509.0852792002964,0.0,0.0
LOAN_131,PAY_01464,2023-02-17,416.6666666666667,87.41861253362968,5.0,509.0852792002964,0.0,0.0
LOAN_131,PAY_01465,2023-03-19,416.6666666666667,87.41861253362968,5.0,509.0852792002964,0.0,0.0
LOAN_131,PAY_01466,2023-04-18,416.6666666666667,87.41861253362968,5.0,509.0852792002964,0.0,0.0
LOAN_131,PAY_01467,2023-05-18,416.6666666666667,87.41861253362968,5.0,509.0852792002964,0.0,0.0
LOAN_131,PAY_01468,2023-06-17,416.6666666666667,87.41861253362968,5.0,509.0852792002964,0.0,0.0
LOAN_131,PAY_01469,2023-07-22,416.6666666666667,87.41861253362968,5.0,509.0852792002964,0.0,0.0
LOAN_131,PAY_01470,2023-08-16,416.6666666666667,87.41861253362968,5.0,509.0852792002964,0.0,0.0
LOAN_131,PAY_01471,2023-09-15,416.6666666666667,87.41861253362968,5.0,509.0852792002964,0.0,0.0
LOAN_132,PAY_01472,2022-12-14,416.6666666666667,98.61447723973718,5.0,520.2811439064038,0.0,0.0
LOAN_132,PAY_01473,2023-01-13,416.6666666666667,98.61447723973718,5.0,520.2811439064038,0.0,0.0
LOAN_132,PAY_01474,2023-03-24,416.6666666666667,98.61447723973718,5.0,520.2811439064038,0.0,0.0
LOAN_132,PAY_01475,2023-04-17,416.6666666666667,98.61447723973718,5.0,520.2811439064038,0.0,0.0
LOAN_132,PAY_01476,2023-04-13,416.6666666666667,98.61447723973718,5.0,520.2811439064038,0.0,0.0
LOAN_132,PAY_01477,2023-05-13,416.6666666666667,98.61447723973718,5.0,520.2811439064038,0.0,0.0
LOAN_132,PAY_01478,2023-06-12,416.6666666666667,98.61447723973718,5.0,520.2811439064038,0.0,0.0
LOAN_132,PAY_01479,2023-07-12,416.6666666666667,98.61447723973718,5.0,520.2811439064038,0.0,0.0
LOAN_132,PAY_01480,2023-08-11,416.6666666666667,98.61447723973718,5.0,520.2811439064038,0.0,0.0
LOAN_132,PAY_01481,2023-09-10,416.6666666666667,98.61447723973718,5.0,520.2811439064038,0.0,0.0
LOAN_132,PAY_01482,2023-10-10,416.6666666666667,98.61447723973718,5.0,520.2811439064038,0.0,0.0
LOAN_132,PAY_01483,2023-11-09,416.6666666666667,98.61447723973718,5.0,520.2811439064038,0.0,0.0
LOAN_132,PAY_01484,2024-01-21,416.6666666666667,98.61447723973718,5.0,520.2811439064038,0.0,0.0
LOAN_132,PAY_01485,2024-01-08,416.6666666666667,98.61447723973718,5.0,520.2811439064038,0.0,0.0
LOAN_132,PAY_01486,2024-02-07,416.6666666666667,98.61447723973718,5.0,520.2811439064038,0.0,0.0
LOAN_132,PAY_01487,2024-03-08,416.6666666666667,98.61447723973718,5.0,520.2811439064038,0.0,0.0
LOAN_133,PAY_01488,2021-10-08,416.6666666666667,52.81364619128045,5.0,474.4803128579471,0.0,0.0
LOAN_133,PAY_01489,2021-12-20,416.6666666666667,52.81364619128045,5.0,474.4803128579471,0.0,0.0
LOAN_133,PAY_01490,2021-12-07,416.6666666666667,52.81364619128045,5.0,474.4803128579471,0.0,0.0
LOAN_133,PAY_01491,2022-01-06,416.6666666666667,52.81364619128045,5.0,474.4803128579471,0.0,0.0
LOAN_133,PAY_01492,2022-02-05,416.6666666666667,52.81364619128045,5.0,474.4803128579471,0.0,0.0
LOAN_133,PAY_01493,2022-03-07,416.6666666666667,52.81364619128045,5.0,474.4803128579471,0.0,0.0
LOAN_134,PAY_01494,2022-09-30,833.3333333333334,92.1831143668283,5.0,930.5164477001617,0.0,0.0
LOAN_135,PAY_01495,2022-11-04,833.3333333333334,285.40003462840804,5.0,1123.7333679617414,0.0,0.0
LOAN_135,PAY_01496,2022-12-04,833.3333333333334,285.40003462840804,5.0,1123.7333679617414,0.0,0.0
LOAN_135,PAY_01497,2023-01-03,833.3333333333334,285.40003462840804,5.0,1123.7333679617414,0.0,0.0
LOAN_135,PAY_01498,2023-02-02,833.3333333333334,285.40003462840804,5.0,1123.7333679617414,0.0,0.0
LOAN_136,PAY_01499,2022-10-11,1666.6666666666667,189.46368171165628,5.0,1861.130348378323,0.0,0.0
LOAN_136,PAY_01500,2022-11-10,1666.6666666666667,189.46368171165628,5.0,1861.130348378323,0.0,0.0
LOAN_136,PAY_01501,2022-12-10,1666.6666666666667,189.46368171165628,5.0,1861.130348378323,0.0,0.0
LOAN_136,PAY_01502,2023-01-09,1666.6666666666667,189.46368171165628,5.0,1861.130348378323,0.0,0.0
LOAN_136,PAY_01503,2023-02-08,1666.6666666666667,189.46368171165628,5.0,1861.130348378323,0.0,0.0
LOAN_136,PAY_01504,2023-03-10,1666.6666666666667,189.46368171165628,5.0,1861.130348378323,0.0,0.0
LOAN_136,PAY_01505,2023-04-09,1666.6666666666667,189.46368171165628,5.0,1861.130348378323,0.0,0.0
LOAN_136,PAY_01506,2023-05-09,1666.6666666666667,189.46368171165628,5.0,1861.130348378323,0.0,0.0
LOAN_136,PAY_01507,2023-06-23,1666.6666666666667,189.46368171165628,5.0,1861.130348378323,0.0,0.0
LOAN_136,PAY_01508,2023-07-08,1666.6666666666667,189.46368171165628,5.0,1861.130348378323,0.0,0.0
LOAN_136,PAY_01509,2023-08-07,1666.6666666666667,189.46368171165628,5.0,1861.130348378323,0.0,0.0
LOAN_137,PAY_01510,2023-01-01,625.0,199.51861090791783,5.0,829.5186109079178,0.0,0.0
LOAN_137,PAY_01511,2023-01-31,625.0,199.51861090791783,5.0,829.5186109079178,0.0,0.0
LOAN_137,PAY_01512,2023-03-02,625.0,199.51861090791783,5.0,829.5186109079178,0.0,0.0
LOAN_137,PAY_01513,2023-04-01,625.0,199.51861090791783,5.0,829.5186109079178,0.0,0.0
LOAN_137,PAY_01514,2023-05-01,625.0,199.51861090791783,5.0,829.5186109079178,0.0,0.0
LOAN_137,PAY_01515,2023-05-31,625.0,199.51861090791783,5.0,829.5186109079178,0.0,0.0
LOAN_137,PAY_01516,2023-08-06,625.0,199.51861090791783,5.0,829.5186109079178,0.0,0.0
LOAN_137,PAY_01517,2023-07-30,625.0,199.51861090791783,5.0,829.5186109079178,0.0,0.0
LOAN_137,PAY_01518,2023-08-29,625.0,199.51861090791783,5.0,829.5186109079178,0.0,0.0
LOAN_137,PAY_01519,2023-09-28,625.0,199.51861090791783,5.0,829.5186109079178,0.0,0.0
LOAN_137,PAY_01520,2023-10-28,625.0,199.51861090791783,5.0,829.5186109079178,0.0,0.0
LOAN_137,PAY_01521,2023-11-27,625.0,199.51861090791783,5.0,829.5186109079178,0.0,0.0
LOAN_137,PAY_01522,2023-12-27,625.0,199.51861090791783,5.0,829.5186109079178,0.0,0.0
LOAN_137,PAY_01523,2024-01-26,625.0,199.51861090791783,5.0,829.5186109079178,0.0,0.0
LOAN_137,PAY_01524,2024-02-25,625.0,199.51861090791783,5.0,829.5186109079178,0.0,0.0
LOAN_137,PAY_01525,2024-03-26,625.0,199.51861090791783,5.0,829.5186109079178,0.0,0.0
LOAN_137,PAY_01526,2024-05-26,625.0,199.51861090791783,5.0,829.5186109079178,0.0,0.0
LOAN_137,PAY_01527,2024-05-25,625.0,199.51861090791783,5.0,829.5186109079178,0.0,0.0
LOAN_137,PAY_01528,2024-06-24,625.0,199.51861090791783,5.0,829.5186109079178,0.0,0.0
LOAN_137,PAY_01529,2024-07-24,625.0,199.51861090791783,5.0,829.5186109079178,0.0,0.0
LOAN_138,PAY_01530,2021-02-18,416.6666666666667,54.966235715406725,5.0,476.63290238207344,0.0,0.0
LOAN_138,PAY_01531,2021-03-20,416.6666666666667,54.966235715406725,5.0,476.63290238207344,0.0,0.0
LOAN_138,PAY_01532,2021-04-19,416.6666666666667,54.966235715406725,5.0,476.63290238207344,0.0,0.0
LOAN_138,PAY_01533,2021-05-19,416.6666666666667,54.966235715406725,5.0,476.63290238207344,0.0,0.0
LOAN_138,PAY_01534,2021-06-18,416.6666666666667,54.966235715406725,5.0,476.63290238207344,0.0,0.0
LOAN_138,PAY_01535,2021-07-18,416.6666666666667,54.966235715406725,5.0,476.63290238207344,0.0,0.0
LOAN_138,PAY_01536,2021-09-30,416.6666666666667,54.966235715406725,5.0,476.63290238207344,0.0,0.0
LOAN_138,PAY_01537,2021-09-16,416.6666666666667,54.966235715406725,5.0,476.63290238207344,0.0,0.0
LOAN_138,PAY_01538,2021-10-16,416.6666666666667,54.966235715406725,5.0,476.63290238207344,0.0,0.0
LOAN_138,PAY_01539,2021-12-06,416.6666666666667,54.966235715406725,5.0,476.63290238207344,0.0,0.0
LOAN_138,PAY_01540,2021-12-15,416.6666666666667,54.966235715406725,5.0,476.63290238207344,0.0,0.0
LOAN_139,PAY_01541,2022-08-16,1666.6666666666667,284.4626820604271,5.0,1956.1293487270939,0.0,0.0
LOAN_139,PAY_01542,2022-09-15,1666.6666666666667,284.4626820604271,5.0,1956.1293487270939,0.0,0.0
LOAN_139,PAY_01543,2022-10-15,1666.6666666666667,284.4626820604271,5.0,1956.1293487270939,0.0,0.0
LOAN_139,PAY_01544,2022-12-09,1666.6666666666667,284.4626820604271,5.0,1956.1293487270939,0.0,0.0
LOAN_139,PAY_01545,2022-12-14,1666.6666666666667,284.4626820604271,5.0,1956.1293487270939,0.0,0.0
LOAN_139,PAY_01546,2023-01-13,1666.6666666666667,284.4626820604271,5.0,1956.1293487270939,0.0,0.0
LOAN_139,PAY_01547,2023-02-12,1666.6666666666667,284.4626820604271,5.0,1956.1293487270939,0.0,0.0
LOAN_139,PAY_01548,2023-03-14,1666.6666666666667,284.4626820604271,5.0,1956.1293487270939,0.0,0.0
LOAN_139,PAY_01549,2023-04-13,1666.6666666666667,284.4626820604271,5.0,1956.1293487270939,0.0,0.0
LOAN_140,PAY_01550,2021-02-12,1666.6666666666667,233.1149705729247,5.0,1904.7816372395914,0.0,0.0
LOAN_140,PAY_01551,2021-03-14,1666.6666666666667,233.1149705729247,5.0,1904.7816372395914,0.0,0.0
LOAN_140,PAY_01552,2021-04-13,1666.6666666666667,233.1149705729247,5.0,1904.7816372395914,0.0,0.0
LOAN_140,PAY_01553,2021-05-13,1666.6666666666667,233.1149705729247,5.0,1904.7816372395914,0.0,0.0
LOAN_140,PAY_01554,2021-06-12,1666.6666666666667,233.1149705729247,5.0,1904.7816372395914,0.0,0.0
LOAN_140,PAY_01555,2021-07-12,1666.6666666666667,233.1149705729247,5.0,1904.7816372395914,0.0,0.0
LOAN_140,PAY_01556,2021-08-11,1666.6666666666667,233.1149705729247,5.0,1904.7816372395914,0.0,0.0
LOAN_140,PAY_01557,2021-09-10,1666.6666666666667,233.1149705729247,5.0,1904.7816372395914,0.0,0.0
LOAN_141,PAY_01558,2022-02-01,416.6666666666667,69.44926633226585,5.0,491.1159329989325,0.0,0.0
LOAN_142,PAY_01559,2021-06-29,625.0,187.19807668789625,5.0,817.1980766878962,0.0,0.0
LOAN_142,PAY_01560,2021-08-19,625.0,187.19807668789625,5.0,817.1980766878962,0.0,0.0
LOAN_142,PAY_01561,2021-08-28,625.0,187.19807668789625,5.0,817.1980766878962,0.0,0.0
LOAN_142,PAY_01562,2021-09-27,625.0,187.19807668789625,5.0,817.1980766878962,0.0,0.0
LOAN_142,PAY_01563,2021-10-27,625.0,187.19807668789625,5.0,817.1980766878962,0.0,0.0
LOAN_142,PAY_01564,2021-11-26,625.0,187.19807668789625,5.0,817.1980766878962,0.0,0.0
LOAN_142,PAY_01565,2021-12-26,625.0,187.19807668789625,5.0,817.1980766878962,0.0,0.0
LOAN_142,PAY_01566,2022-01-25,625.0,187.19807668789625,5.0,817.1980766878962,0.0,0.0
LOAN_142,PAY_01567,2022-02-24,625.0,187.19807668789625,5.0,817.1980766878962,0.0,0.0
LOAN_142,PAY_01568,2022-03-26,625.0,187.19807668789625,5.0,817.1980766878962,0.0,0.0
LOAN_142,PAY_01569,2022-04-25,625.0,187.19807668789625,5.0,817.1980766878962,0.0,0.0
LOAN_142,PAY_01570,2022-05-25,625.0,187.19807668789625,5.0,817.1980766878962,0.0,0.0
LOAN_142,PAY_01571,2022-06-24,625.0,187.19807668789625,5.0,817.1980766878962,0.0,0.0
LOAN_142,PAY_01572,2022-07-24,625.0,187.19807668789625,5.0,817.1980766878962,0.0,0.0
LOAN_142,PAY_01573,2022-08-23,625.0,187.19807668789625,5.0,817.1980766878962,0.0,0.0
LOAN_142,PAY_01574,2022-09-22,625.0,187.19807668789625,5.0,817.1980766878962,0.0,0.0
LOAN_142,PAY_01575,2022-10-22,625.0,187.19807668789625,5.0,817.1980766878962,0.0,0.0
LOAN_142,PAY_01576,2022-11-21,625.0,187.19807668789625,5.0,817.1980766878962,0.0,0.0
LOAN_142,PAY_01577,2022-12-21,625.0,187.19807668789625,5.0,817.1980766878962,0.0,0.0
LOAN_142,PAY_01578,2023-01-20,625.0,187.19807668789625,5.0,817.1980766878962,0.0,0.0
LOAN_142,PAY_01579,2023-02-19,625.0,187.19807668789625,5.0,817.1980766878962,0.0,0.0
LOAN_142,PAY_01580,2023-03-21,625.0,187.19807668789625,5.0,817.1980766878962,0.0,0.0
LOAN_142,PAY_01581,2023-04-20,625.0,187.19807668789625,5.0,817.1980766878962,0.0,0.0
LOAN_142,PAY_01582,2023-05-20,625.0,187.19807668789625,5.0,817.1980766878962,0.0,0.0
LOAN_143,PAY_01583,2022-07-25,625.0,111.6219670727081,5.0,741.6219670727081,0.0,0.0
LOAN_143,PAY_01584,2022-08-24,625.0,111.6219670727081,5.0,741.6219670727081,0.0,0.0
LOAN_144,PAY_01585,2021-04-14,416.6666666666667,38.25647715319645,5.0,459.9231438198631,0.0,0.0
LOAN_144,PAY_01586,2021-05-14,416.6666666666667,38.25647715319645,5.0,459.9231438198631,0.0,0.0
LOAN_144,PAY_01587,2021-06-13,416.6666666666667,38.25647715319645,5.0,459.9231438198631,0.0,0.0
LOAN_144,PAY_01588,2021-07-13,416.6666666666667,38.25647715319645,5.0,459.9231438198631,0.0,0.0
LOAN_144,PAY_01589,2021-08-12,416.6666666666667,38.25647715319645,5.0,459.9231438198631,0.0,0.0
LOAN_144,PAY_01590,2021-09-11,416.6666666666667,38.25647715319645,5.0,459.9231438198631,0.0,0.0
LOAN_144,PAY_01591,2021-10-11,416.6666666666667,38.25647715319645,5.0,459.9231438198631,0.0,0.0
LOAN_144,PAY_01592,2021-11-10,416.6666666666667,38.25647715319645,5.0,459.9231438198631,0.0,0.0
LOAN_144,PAY_01593,2021-12-10,416.6666666666667,38.25647715319645,5.0,459.9231438198631,0.0,0.0
LOAN_144,PAY_01594,2022-01-09,416.6666666666667,38.25647715319645,5.0,459.9231438198631,0.0,0.0
LOAN_144,PAY_01595,2022-02-08,416.6666666666667,38.25647715319645,5.0,459.9231438198631,0.0,0.0
LOAN_145,PAY_01596,2022-12-13,833.3333333333334,262.5406185332547,5.0,1100.873951866588,0.0,0.0
LOAN_145,PAY_01597,2023-01-12,833.3333333333334,262.5406185332547,5.0,1100.873951866588,0.0,0.0
LOAN_145,PAY_01598,2023-02-11,833.3333333333334,262.5406185332547,5.0,1100.873951866588,0.0,0.0
LOAN_145,PAY_01599,2023-03-13,833.3333333333334,262.5406185332547,5.0,1100.873951866588,0.0,0.0
LOAN_145,PAY_01600,2023-04-12,833.3333333333334,262.5406185332547,5.0,1100.873951866588,0.0,0.0
LOAN_145,PAY_01601,2023-05-12,833.3333333333334,262.5406185332547,5.0,1100.873951866588,0.0,0.0
LOAN_145,PAY_01602,2023-06-11,833.3333333333334,262.5406185332547,5.0,1100.873951866588,0.0,0.0
LOAN_145,PAY_01603,2023-07-11,833.3333333333334,262.5406185332547,5.0,1100.873951866588,0.0,0.0
LOAN_145,PAY_01604,2023-08-10,833.3333333333334,262.5406185332547,5.0,1100.873951866588,0.0,0.0
LOAN_145,PAY_01605,2023-09-09,833.3333333333334,262.5406185332547,5.0,1100.873951866588,0.0,0.0
LOAN_145,PAY_01606,2023-10-09,833.3333333333334,262.5406185332547,5.0,1100.873951866588,0.0,0.0
LOAN_145,PAY_01607,2023-12-19,833.3333333333334,262.5406185332547,5.0,1100.873951866588,0.0,0.0
LOAN_145,PAY_01608,2023-12-08,833.3333333333334,262.5406185332547,5.0,1100.873951866588,0.0,0.0
LOAN_145,PAY_01609,2024-01-07,833.3333333333334,262.5406185332547,5.0,1100.873951866588,0.0,0.0
LOAN_145,PAY_01610,2024-02-06,833.3333333333334,262.5406185332547,5.0,1100.873951866588,0.0,0.0
LOAN_145,PAY_01611,2024-03-07,833.3333333333334,262.5406185332547,5.0,1100.873951866588,0.0,0.0
LOAN_145,PAY_01612,2024-05-21,833.3333333333334,262.5406185332547,5.0,1100.873951866588,0.0,0.0
LOAN_145,PAY_01613,2024-05-06,833.3333333333334,262.5406185332547,5.0,1100.873951866588,0.0,0.0
LOAN_145,PAY_01614,2024-06-05,833.3333333333334,262.5406185332547,5.0,1100.873951866588,0.0,0.0
LOAN_145,PAY_01615,2024-07-05,833.3333333333334,262.5406185332547,5.0,1100.873951866588,0.0,0.0
LOAN_145,PAY_01616,2024-08-04,833.3333333333334,262.5406185332547,5.0,1100.873951866588,0.0,0.0
LOAN_145,PAY_01617,2024-10-09,833.3333333333334,262.5406185332547,5.0,1100.873951866588,0.0,0.0
LOAN_145,PAY_01618,2024-10-03,833.3333333333334,262.5406185332547,5.0,1100.873951866588,0.0,0.0
LOAN_145,PAY_01619,2024-11-02,833.3333333333334,262.5406185332547,5.0,1100.873951866588,0.0,0.0
LOAN_146,PAY_01620,2023-01-19,1250.0,104.89567062279018,5.0,1359.8956706227902,0.0,0.0
LOAN_146,PAY_01621,2023-03-04,1250.0,104.89567062279018,5.0,1359.8956706227902,0.0,0.0
LOAN_146,PAY_01622,2023-03-20,1250.0,104.89567062279018,5.0,1359.8956706227902,0.0,0.0
LOAN_146,PAY_01623,2023-04-19,1250.0,104.89567062279018,5.0,1359.8956706227902,0.0,0.0
LOAN_147,PAY_01624,2021-12-07,416.6666666666667,48.7806773888661,5.0,470.44734405553277,0.0,0.0
LOAN_147,PAY_01625,2022-01-06,416.6666666666667,48.7806773888661,5.0,470.44734405553277,0.0,0.0
LOAN_147,PAY_01626,2022-02-05,416.6666666666667,48.7806773888661,5.0,470.44734405553277,0.0,0.0
LOAN_147,PAY_01627,2022-03-25,416.6666666666667,48.7806773888661,5.0,470.44734405553277,0.0,0.0
LOAN_147,PAY_01628,2022-04-06,416.6666666666667,48.7806773888661,5.0,470.44734405553277,0.0,0.0
LOAN_147,PAY_01629,2022-06-02,416.6666666666667,48.7806773888661,5.0,470.44734405553277,0.0,0.0
LOAN_147,PAY_01630,2022-07-15,416.6666666666667,48.7806773888661,5.0,470.44734405553277,0.0,0.0
LOAN_147,PAY_01631,2022-07-05,416.6666666666667,48.7806773888661,5.0,470.44734405553277,0.0,0.0
LOAN_147,PAY_01632,2022-08-04,416.6666666666667,48.7806773888661,5.0,470.44734405553277,0.0,0.0
LOAN_147,PAY_01633,2022-10-05,416.6666666666667,48.7806773888661,5.0,470.44734405553277,0.0,0.0
LOAN_147,PAY_01634,2022-10-03,416.6666666666667,48.7806773888661,5.0,470.44734405553277,0.0,0.0
LOAN_148,PAY_01635,2021-06-16,833.3333333333334,72.44063561582651,5.0,910.7739689491599,0.0,0.0
LOAN_148,PAY_01636,2021-06-25,833.3333333333334,72.44063561582651,5.0,910.7739689491599,0.0,0.0
LOAN_148,PAY_01637,2021-07-25,833.3333333333334,72.44063561582651,5.0,910.7739689491599,0.0,0.0
LOAN_148,PAY_01638,2021-08-24,833.3333333333334,72.44063561582651,5.0,910.7739689491599,0.0,0.0
LOAN_148,PAY_01639,2021-09-23,833.3333333333334,72.44063561582651,5.0,910.7739689491599,0.0,0.0
LOAN_148,PAY_01640,2021-10-23,833.3333333333334,72.44063561582651,5.0,910.7739689491599,0.0,0.0
LOAN_148,PAY_01641,2021-11-22,833.3333333333334,72.44063561582651,5.0,910.7739689491599,0.0,0.0
LOAN_148,PAY_01642,2021-12-22,833.3333333333334,72.44063561582651,5.0,910.7739689491599,0.0,0.0
LOAN_148,PAY_01643,2022-01-21,833.3333333333334,72.44063561582651,5.0,910.7739689491599,0.0,0.0
LOAN_148,PAY_01644,2022-02-20,833.3333333333334,72.44063561582651,5.0,910.7739689491599,0.0,0.0
LOAN_148,PAY_01645,2022-03-22,833.3333333333334,72.44063561582651,5.0,910.7739689491599,0.0,0.0
LOAN_148,PAY_01646,2022-04-21,833.3333333333334,72.44063561582651,5.0,910.7739689491599,0.0,0.0
LOAN_149,PAY_01647,2022-01-29,208.33333333333334,48.427307138017945,5.0,261.7606404713513,0.0,0.0
LOAN_149,PAY_01648,2022-02-28,208.33333333333334,48.427307138017945,5.0,261.7606404713513,0.0,0.0
LOAN_149,PAY_01649,2022-03-30,208.33333333333334,48.427307138017945,5.0,261.7606404713513,0.0,0.0
LOAN_149,PAY_01650,2022-05-06,208.33333333333334,48.427307138017945,5.0,261.7606404713513,0.0,0.0
LOAN_149,PAY_01651,2022-05-29,208.33333333333334,48.427307138017945,5.0,261.7606404713513,0.0,0.0
LOAN_149,PAY_01652,2022-07-28,208.33333333333334,48.427307138017945,5.0,261.7606404713513,0.0,0.0
LOAN_149,PAY_01653,2022-07-28,208.33333333333334,48.427307138017945,5.0,261.7606404713513,0.0,0.0
LOAN_149,PAY_01654,2022-08-27,208.33333333333334,48.427307138017945,5.0,261.7606404713513,0.0,0.0
LOAN_149,PAY_01655,2022-09-26,208.33333333333334,48.427307138017945,5.0,261.7606404713513,0.0,0.0
LOAN_149,PAY_01656,2022-10-26,208.33333333333334,48.427307138017945,5.0,261.7606404713513,0.0,0.0
LOAN_149,PAY_01657,2022-11-25,208.33333333333334,48.427307138017945,5.0,261.7606404713513,0.0,0.0
LOAN_149,PAY_01658,2022-12-25,208.33333333333334,48.427307138017945,5.0,261.7606404713513,0.0,0.0
LOAN_149,PAY_01659,2023-01-24,208.33333333333334,48.427307138017945,5.0,261.7606404713513,0.0,0.0
LOAN_149,PAY_01660,2023-02-23,208.33333333333334,48.427307138017945,5.0,261.7606404713513,0.0,0.0
LOAN_149,PAY_01661,2023-03-25,208.33333333333334,48.427307138017945,5.0,261.7606404713513,0.0,0.0
LOAN_150,PAY_01662,2021-03-06,416.6666666666667,78.16826948004494,5.0,499.83493614671164,0.0,0.0
LOAN_150,PAY_01663,2021-04-05,416.6666666666667,78.16826948004494,5.0,499.83493614671164,0.0,0.0
LOAN_150,PAY_01664,2021-05-05,416.6666666666667,78.16826948004494,5.0,499.83493614671164,0.0,0.0
LOAN_150,PAY_01665,2021-06-04,416.6666666666667,78.16826948004494,5.0,499.83493614671164,0.0,0.0
LOAN_150,PAY_01666,2021-07-04,416.6666666666667,78.16826948004494,5.0,499.83493614671164,0.0,0.0
LOAN_150,PAY_01667,2021-08-03,416.6666666666667,78.16826948004494,5.0,499.83493614671164,0.0,0.0
LOAN_151,PAY_01668,2021-10-20,1250.0,223.91534756131364,5.0,1478.9153475613136,0.0,0.0
LOAN_151,PAY_01669,2021-10-16,1250.0,223.91534756131364,5.0,1478.9153475613136,0.0,0.0
LOAN_151,PAY_01670,2021-11-15,1250.0,223.91534756131364,5.0,1478.9153475613136,0.0,0.0
LOAN_151,PAY_01671,2021-12-15,1250.0,223.91534756131364,5.0,1478.9153475613136,0.0,0.0
LOAN_151,PAY_01672,2022-01-14,1250.0,223.91534756131364,5.0,1478.9153475613136,0.0,0.0
LOAN_152,PAY_01673,2022-04-10,1250.0,138.95354942449237,5.0,1393.9535494244924,0.0,0.0
LOAN_152,PAY_01674,2022-05-10,1250.0,138.95354942449237,5.0,1393.9535494244924,0.0,0.0
LOAN_152,PAY_01675,2022-06-09,1250.0,138.95354942449237,5.0,1393.9535494244924,0.0,0.0
LOAN_152,PAY_01676,2022-08-09,1250.0,138.95354942449237,5.0,1393.9535494244924,0.0,0.0
LOAN_153,PAY_01677,2022-07-07,1666.6666666666667,143.28824122010977,5.0,1814.9549078867765,0.0,0.0
LOAN_153,PAY_01678,2022-08-06,1666.6666666666667,143.28824122010977,5.0,1814.9549078867765,0.0,0.0
LOAN_153,PAY_01679,2022-09-05,1666.6666666666667,143.28824122010977,5.0,1814.9549078867765,0.0,0.0
LOAN_153,PAY_01680,2022-10-05,1666.6666666666667,143.28824122010977,5.0,1814.9549078867765,0.0,0.0
LOAN_153,PAY_01681,2022-11-04,1666.6666666666667,143.28824122010977,5.0,1814.9549078867765,0.0,0.0
LOAN_153,PAY_01682,2022-12-04,1666.6666666666667,143.28824122010977,5.0,1814.9549078867765,0.0,0.0
LOAN_153,PAY_01683,2023-01-03,1666.6666666666667,143.28824122010977,5.0,1814.9549078867765,0.0,0.0
LOAN_153,PAY_01684,2023-02-28,1666.6666666666667,143.28824122010977,5.0,1814.9549078867765,0.0,0.0
LOAN_153,PAY_01685,2023-03-04,1666.6666666666667,143.28824122010977,5.0,1814.9549078867765,0.0,0.0
LOAN_153,PAY_01686,2023-04-03,1666.6666666666667,143.28824122010977,5.0,1814.9549078867765,0.0,0.0
LOAN_154,PAY_01687,2022-01-12,625.0,200.8646115214148,5.0,830.8646115214148,0.0,0.0
LOAN_154,PAY_01688,2022-02-11,625.0,200.8646115214148,5.0,830.8646115214148,0.0,0.0
LOAN_154,PAY_01689,2022-03-13,625.0,200.8646115214148,5.0,830.8646115214148,0.0,0.0
LOAN_154,PAY_01690,2022-04-12,625.0,200.8646115214148,5.0,830.8646115214148,0.0,0.0
LOAN_154,PAY_01691,2022-06-18,625.0,200.8646115214148,5.0,830.8646115214148,0.0,0.0
LOAN_154,PAY_01692,2022-06-11,625.0,200.8646115214148,5.0,830.8646115214148,0.0,0.0
LOAN_155,PAY_01693,2021-06-23,208.33333333333334,51.099969807177324,5.0,264.43330314051065,0.0,0.0
LOAN_155,PAY_01694,2021-07-23,208.33333333333334,51.099969807177324,5.0,264.43330314051065,0.0,0.0
LOAN_155,PAY_01695,2021-08-22,208.33333333333334,51.099969807177324,5.0,264.43330314051065,0.0,0.0
LOAN_155,PAY_01696,2021-09-21,208.33333333333334,51.099969807177324,5.0,264.43330314051065,0.0,0.0
LOAN_155,PAY_01697,2021-10-21,208.33333333333334,51.099969807177324,5.0,264.43330314051065,0.0,0.0
LOAN_155,PAY_01698,2021-11-20,208.33333333333334,51.099969807177324,5.0,264.43330314051065,0.0,0.0
LOAN_155,PAY_01699,2021-12-20,208.33333333333334,51.099969807177324,5.0,264.43330314051065,0.0,0.0
LOAN_155,PAY_01700,2022-01-19,208.33333333333334,51.099969807177324,5.0,264.43330314051065,0.0,0.0
LOAN_155,PAY_01701,2022-02-18,208.33333333333334,51.099969807177324,5.0,264.43330314051065,0.0,0.0
LOAN_155,PAY_01702,2022-04-02,208.33333333333334,51.099969807177324,5.0,264.43330314051065,0.0,0.0
LOAN_156,PAY_01703,2022-10-05,208.33333333333334,47.98219534420259,5.0,261.31552867753595,0.0,0.0
LOAN_156,PAY_01704,2022-11-04,208.33333333333334,47.98219534420259,5.0,261.31552867753595,0.0,0.0
LOAN_156,PAY_01705,2022-12-04,208.33333333333334,47.98219534420259,5.0,261.31552867753595,0.0,0.0
LOAN_156,PAY_01706,2023-01-03,208.33333333333334,47.98219534420259,5.0,261.31552867753595,0.0,0.0
LOAN_156,PAY_01707,2023-02-02,208.33333333333334,47.98219534420259,5.0,261.31552867753595,0.0,0.0
LOAN_156,PAY_01708,2023-03-04,208.33333333333334,47.98219534420259,5.0,261.31552867753595,0.0,0.0
LOAN_156,PAY_01709,2023-04-03,208.33333333333334,47.98219534420259,5.0,261.31552867753595,0.0,0.0
LOAN_156,PAY_01710,2023-05-03,208.33333333333334,47.98219534420259,5.0,261.31552867753595,0.0,0.0
LOAN_156,PAY_01711,2023-06-02,208.33333333333334,47.98219534420259,5.0,261.31552867753595,0.0,0.0
LOAN_156,PAY_01712,2023-07-02,208.33333333333334,47.98219534420259,5.0,261.31552867753595,0.0,0.0
LOAN_156,PAY_01713,2023-08-20,208.33333333333334,47.98219534420259,5.0,261.31552867753595,0.0,0.0
LOAN_156,PAY_01714,2023-08-31,208.33333333333334,47.98219534420259,5.0,261.31552867753595,0.0,0.0
LOAN_156,PAY_01715,2023-09-30,208.33333333333334,47.98219534420259,5.0,261.31552867753595,0.0,0.0
LOAN_156,PAY_01716,2023-10-30,208.33333333333334,47.98219534420259,5.0,261.31552867753595,0.0,0.0
LOAN_156,PAY_01717,2023-11-29,208.33333333333334,47.98219534420259,5.0,261.31552867753595,0.0,0.0
LOAN_157,PAY_01718,2021-06-20,1250.0,155.5543167528737,5.0,1410.5543167528738,0.0,0.0
LOAN_158,PAY_01719,2021-08-03,208.33333333333334,65.64265145121708,5.0,278.9759847845504,0.0,0.0
LOAN_158,PAY_01720,2021-09-02,208.33333333333334,65.64265145121708,5.0,278.9759847845504,0.0,0.0
LOAN_159,PAY_01721,2021-05-05,416.6666666666667,90.9090988490877,5.0,512.5757655157544,0.0,0.0
LOAN_159,PAY_01722,2021-06-04,416.6666666666667,90.9090988490877,5.0,512.5757655157544,0.0,0.0
LOAN_159,PAY_01723,2021-07-04,416.6666666666667,90.9090988490877,5.0,512.5757655157544,0.0,0.0
LOAN_159,PAY_01724,2021-08-03,416.6666666666667,90.9090988490877,5.0,512.5757655157544,0.0,0.0
LOAN_159,PAY_01725,2021-09-02,416.6666666666667,90.9090988490877,5.0,512.5757655157544,0.0,0.0
LOAN_159,PAY_01726,2021-10-02,416.6666666666667,90.9090988490877,5.0,512.5757655157544,0.0,0.0
LOAN_159,PAY_01727,2021-11-01,416.6666666666667,90.9090988490877,5.0,512.5757655157544,0.0,0.0
LOAN_159,PAY_01728,2021-12-01,416.6666666666667,90.9090988490877,5.0,512.5757655157544,0.0,0.0
LOAN_159,PAY_01729,2021-12-31,416.6666666666667,90.9090988490877,5.0,512.5757655157544,0.0,0.0
LOAN_160,PAY_01730,2021-10-22,208.33333333333334,68.40311921232363,5.0,281.73645254565696,0.0,0.0
LOAN_160,PAY_01731,2021-11-21,208.33333333333334,68.40311921232363,5.0,281.73645254565696,0.0,0.0
LOAN_160,PAY_01732,2021-12-21,208.33333333333334,68.40311921232363,5.0,281.73645254565696,0.0,0.0
LOAN_160,PAY_01733,2022-01-20,208.33333333333334,68.40311921232363,5.0,281.73645254565696,0.0,0.0
LOAN_160,PAY_01734,2022-02-19,208.33333333333334,68.40311921232363,5.0,281.73645254565696,0.0,0.0
LOAN_160,PAY_01735,2022-03-21,208.33333333333334,68.40311921232363,5.0,281.73645254565696,0.0,0.0
LOAN_160,PAY_01736,2022-04-20,208.33333333333334,68.40311921232363,5.0,281.73645254565696,0.0,0.0
LOAN_160,PAY_01737,2022-05-20,208.33333333333334,68.40311921232363,5.0,281.73645254565696,0.0,0.0
LOAN_160,PAY_01738,2022-06-19,208.33333333333334,68.40311921232363,5.0,281.73645254565696,0.0,0.0
LOAN_160,PAY_01739,2022-07-19,208.33333333333334,68.40311921232363,5.0,281.73645254565696,0.0,0.0
LOAN_160,PAY_01740,2022-08-18,208.33333333333334,68.40311921232363,5.0,281.73645254565696,0.0,0.0
LOAN_160,PAY_01741,2022-09-17,208.33333333333334,68.40311921232363,5.0,281.73645254565696,0.0,0.0
LOAN_160,PAY_01742,2022-10-17,208.33333333333334,68.40311921232363,5.0,281.73645254565696,0.0,0.0
LOAN_160,PAY_01743,2022-11-16,208.33333333333334,68.40311921232363,5.0,281.73645254565696,0.0,0.0
LOAN_160,PAY_01744,2022-12-16,208.33333333333334,68.40311921232363,5.0,281.73645254565696,0.0,0.0
LOAN_160,PAY_01745,2023-02-10,208.33333333333334,68.40311921232363,5.0,281.73645254565696,0.0,0.0
LOAN_160,PAY_01746,2023-02-14,208.33333333333334,68.40311921232363,5.0,281.73645254565696,0.0,0.0
LOAN_160,PAY_01747,2023-03-16,208.33333333333334,68.40311921232363,5.0,281.73645254565696,0.0,0.0
LOAN_160,PAY_01748,2023-04-15,208.33333333333334,68.40311921232363,5.0,281.73645254565696,0.0,0.0
LOAN_160,PAY_01749,2023-05-15,208.33333333333334,68.40311921232363,5.0,281.73645254565696,0.0,0.0
LOAN_160,PAY_01750,2023-06-14,208.33333333333334,68.40311921232363,5.0,281.73645254565696,0.0,0.0
LOAN_160,PAY_01751,2023-07-14,208.33333333333334,68.40311921232363,5.0,281.73645254565696,0.0,0.0
LOAN_160,PAY_01752,2023-08-13,208.33333333333334,68.40311921232363,5.0,281.73645254565696,0.0,0.0
LOAN_161,PAY_01753,2022-02-18,1250.0,205.10966188250828,5.0,1460.1096618825084,0.0,0.0
LOAN_161,PAY_01754,2022-03-20,1250.0,205.10966188250828,5.0,1460.1096618825084,0.0,0.0
LOAN_161,PAY_01755,2022-04-19,1250.0,205.10966188250828,5.0,1460.1096618825084,0.0,0.0
LOAN_161,PAY_01756,2022-05-19,1250.0,205.10966188250828,5.0,1460.1096618825084,0.0,0.0
LOAN_161,PAY_01757,2022-06-18,1250.0,205.10966188250828,5.0,1460.1096618825084,0.0,0.0
LOAN_161,PAY_01758,2022-07-18,1250.0,205.10966188250828,5.0,1460.1096618825084,0.0,0.0
LOAN_162,PAY_01759,2021-10-04,833.3333333333334,207.76841278381224,5.0,1046.1017461171457,0.0,0.0
LOAN_162,PAY_01760,2021-11-03,833.3333333333334,207.76841278381224,5.0,1046.1017461171457,0.0,0.0
LOAN_162,PAY_01761,2021-12-03,833.3333333333334,207.76841278381224,5.0,1046.1017461171457,0.0,0.0
LOAN_162,PAY_01762,2022-01-02,833.3333333333334,207.76841278381224,5.0,1046.1017461171457,0.0,0.0
LOAN_162,PAY_01763,2022-02-01,833.3333333333334,207.76841278381224,5.0,1046.1017461171457,0.0,0.0
LOAN_162,PAY_01764,2022-03-03,833.3333333333334,207.76841278381224,5.0,1046.1017461171457,0.0,0.0
LOAN_162,PAY_01765,2022-04-02,833.3333333333334,207.76841278381224,5.0,1046.1017461171457,0.0,0.0
LOAN_162,PAY_01766,2022-05-02,833.3333333333334,207.76841278381224,5.0,1046.1017461171457,0.0,0.0
LOAN_162,PAY_01767,2022-06-01,833.3333333333334,207.76841278381224,5.0,1046.1017461171457,0.0,0.0
LOAN_162,PAY_01768,2022-07-01,833.3333333333334,207.76841278381224,5.0,1046.1017461171457,0.0,0.0
LOAN_162,PAY_01769,2022-07-31,833.3333333333334,207.76841278381224,5.0,1046.1017461171457,0.0,0.0
LOAN_162,PAY_01770,2022-09-07,833.3333333333334,207.76841278381224,5.0,1046.1017461171457,0.0,0.0
LOAN_163,PAY_01771,2022-05-07,833.3333333333334,147.00502063865295,5.0,985.3383539719863,0.0,0.0
LOAN_163,PAY_01772,2022-06-06,833.3333333333334,147.00502063865295,5.0,985.3383539719863,0.0,0.0
LOAN_163,PAY_01773,2022-07-06,833.3333333333334,147.00502063865295,5.0,985.3383539719863,0.0,0.0
LOAN_163,PAY_01774,2022-08-05,833.3333333333334,147.00502063865295,5.0,985.3383539719863,0.0,0.0
LOAN_163,PAY_01775,2022-09-04,833.3333333333334,147.00502063865295,5.0,985.3383539719863,0.0,0.0
LOAN_163,PAY_01776,2022-10-04,833.3333333333334,147.00502063865295,5.0,985.3383539719863,0.0,0.0
LOAN_163,PAY_01777,2022-11-03,833.3333333333334,147.00502063865295,5.0,985.3383539719863,0.0,0.0
LOAN_163,PAY_01778,2022-12-08,833.3333333333334,147.00502063865295,5.0,985.3383539719863,0.0,0.0
LOAN_163,PAY_01779,2023-02-05,833.3333333333334,147.00502063865295,5.0,985.3383539719863,0.0,0.0
LOAN_163,PAY_01780,2023-02-01,833.3333333333334,147.00502063865295,5.0,985.3383539719863,0.0,0.0
LOAN_163,PAY_01781,2023-03-03,833.3333333333334,147.00502063865295,5.0,985.3383539719863,0.0,0.0
LOAN_163,PAY_01782,2023-04-02,833.3333333333334,147.00502063865295,5.0,985.3383539719863,0.0,0.0
LOAN_163,PAY_01783,2023-05-02,833.3333333333334,147.00502063865295,5.0,985.3383539719863,0.0,0.0
LOAN_163,PAY_01784,2023-06-01,833.3333333333334,147.00502063865295,5.0,985.3383539719863,0.0,0.0
LOAN_163,PAY_01785,2023-07-01,833.3333333333334,147.00502063865295,5.0,985.3383539719863,0.0,0.0
LOAN_163,PAY_01786,2023-07-31,833.3333333333334,147.00502063865295,5.0,985.3383539719863,0.0,0.0
LOAN_163,PAY_01787,2023-08-30,833.3333333333334,147.00502063865295,5.0,985.3383539719863,0.0,0.0
LOAN_163,PAY_01788,2023-09-29,833.3333333333334,147.00502063865295,5.0,985.3383539719863,0.0,0.0
LOAN_164,PAY_01789,2022-10-18,208.33333333333334,64.78004128496305,5.0,278.1133746182964,0.0,0.0
LOAN_164,PAY_01790,2022-11-17,208.33333333333334,64.78004128496305,5.0,278.1133746182964,0.0,0.0
LOAN_164,PAY_01791,2022-12-17,208.33333333333334,64.78004128496305,5.0,278.1133746182964,0.0,0.0
LOAN_164,PAY_01792,2023-01-16,208.33333333333334,64.78004128496305,5.0,278.1133746182964,0.0,0.0
LOAN_164,PAY_01793,2023-02-15,208.33333333333334,64.78004128496305,5.0,278.1133746182964,0.0,0.0
LOAN_164,PAY_01794,2023-03-17,208.33333333333334,64.78004128496305,5.0,278.1133746182964,0.0,0.0
LOAN_164,PAY_01795,2023-04-16,208.33333333333334,64.78004128496305,5.0,278.1133746182964,0.0,0.0
LOAN_164,PAY_01796,2023-05-16,208.33333333333334,64.78004128496305,5.0,278.1133746182964,0.0,0.0
LOAN_164,PAY_01797,2023-06-15,208.33333333333334,64.78004128496305,5.0,278.1133746182964,0.0,0.0
LOAN_164,PAY_01798,2023-07-15,208.33333333333334,64.78004128496305,5.0,278.1133746182964,0.0,0.0
LOAN_164,PAY_01799,2023-08-14,208.33333333333334,64.78004128496305,5.0,278.1133746182964,0.0,0.0
LOAN_164,PAY_01800,2023-09-13,208.33333333333334,64.78004128496305,5.0,278.1133746182964,0.0,0.0
LOAN_164,PAY_01801,2023-10-13,208.33333333333334,64.78004128496305,5.0,278.1133746182964,0.0,0.0
LOAN_164,PAY_01802,2023-11-12,208.33333333333334,64.78004128496305,5.0,278.1133746182964,0.0,0.0
LOAN_164,PAY_01803,2023-12-12,208.33333333333334,64.78004128496305,5.0,278.1133746182964,0.0,0.0
LOAN_164,PAY_01804,2024-01-11,208.33333333333334,64.78004128496305,5.0,278.1133746182964,0.0,0.0
LOAN_164,PAY_01805,2024-02-10,208.33333333333334,64.78004128496305,5.0,278.1133746182964,0.0,0.0
LOAN_164,PAY_01806,2024-03-11,208.33333333333334,64.78004128496305,5.0,278.1133746182964,0.0,0.0
LOAN_164,PAY_01807,2024-04-10,208.33333333333334,64.78004128496305,5.0,278.1133746182964,0.0,0.0
LOAN_164,PAY_01808,2024-05-10,208.33333333333334,64.78004128496305,5.0,278.1133746182964,0.0,0.0
LOAN_164,PAY_01809,2024-06-09,208.33333333333334,64.78004128496305,5.0,278.1133746182964,0.0,0.0
LOAN_164,PAY_01810,2024-07-09,208.33333333333334,64.78004128496305,5.0,278.1133746182964,0.0,0.0
LOAN_164,PAY_01811,2024-09-09,208.33333333333334,64.78004128496305,5.0,278.1133746182964,0.0,0.0
LOAN_164,PAY_01812,2024-09-07,208.33333333333334,64.78004128496305,5.0,278.1133746182964,0.0,0.0
LOAN_165,PAY_01813,2021-05-21,1250.0,111.68154458065652,5.0,1366.6815445806565,0.0,0.0
LOAN_166,PAY_01814,2021-10-21,625.0,148.50879581282067,5.0,778.5087958128206,0.0,0.0
LOAN_166,PAY_01815,2021-11-20,625.0,148.50879581282067,5.0,778.5087958128206,0.0,0.0
LOAN_166,PAY_01816,2021-12-20,625.0,148.50879581282067,5.0,778.5087958128206,0.0,0.0
LOAN_166,PAY_01817,2022-01-19,625.0,148.50879581282067,5.0,778.5087958128206,0.0,0.0
LOAN_166,PAY_01818,2022-02-18,625.0,148.50879581282067,5.0,778.5087958128206,0.0,0.0
LOAN_166,PAY_01819,2022-04-03,625.0,148.50879581282067,5.0,778.5087958128206,0.0,0.0
LOAN_166,PAY_01820,2022-04-19,625.0,148.50879581282067,5.0,778.5087958128206,0.0,0.0
LOAN_166,PAY_01821,2022-05-19,625.0,148.50879581282067,5.0,778.5087958128206,0.0,0.0
LOAN_166,PAY_01822,2022-06-18,625.0,148.50879581282067,5.0,778.5087958128206,0.0,0.0
LOAN_166,PAY_01823,2022-07-18,625.0,148.50879581282067,5.0,778.5087958128206,0.0,0.0
LOAN_166,PAY_01824,2022-08-17,625.0,148.50879581282067,5.0,778.5087958128206,0.0,0.0
LOAN_166,PAY_01825,2022-09-16,625.0,148.50879581282067,5.0,778.5087958128206,0.0,0.0
LOAN_166,PAY_01826,2022-10-16,625.0,148.50879581282067,5.0,778.5087958128206,0.0,0.0
LOAN_166,PAY_01827,2022-12-29,625.0,148.50879581282067,5.0,778.5087958128206,0.0,0.0
LOAN_166,PAY_01828,2022-12-15,625.0,148.50879581282067,5.0,778.5087958128206,0.0,0.0
LOAN_167,PAY_01829,2021-04-22,833.3333333333334,251.04915889450535,5.0,1089.3824922278386,0.0,0.0
LOAN_167,PAY_01830,2021-05-22,833.3333333333334,251.04915889450535,5.0,1089.3824922278386,0.0,0.0
LOAN_167,PAY_01831,2021-06-21,833.3333333333334,251.04915889450535,5.0,1089.3824922278386,0.0,0.0
LOAN_167,PAY_01832,2021-07-21,833.3333333333334,251.04915889450535,5.0,1089.3824922278386,0.0,0.0
LOAN_167,PAY_01833,2021-08-20,833.3333333333334,251.04915889450535,5.0,1089.3824922278386,0.0,0.0
LOAN_167,PAY_01834,2021-09-19,833.3333333333334,251.04915889450535,5.0,1089.3824922278386,0.0,0.0
LOAN_167,PAY_01835,2021-11-11,833.3333333333334,251.04915889450535,5.0,1089.3824922278386,0.0,0.0
LOAN_167,PAY_01836,2021-11-18,833.3333333333334,251.04915889450535,5.0,1089.3824922278386,0.0,0.0
LOAN_167,PAY_01837,2021-12-18,833.3333333333334,251.04915889450535,5.0,1089.3824922278386,0.0,0.0
LOAN_167,PAY_01838,2022-01-17,833.3333333333334,251.04915889450535,5.0,1089.3824922278386,0.0,0.0
LOAN_167,PAY_01839,2022-02-16,833.3333333333334,251.04915889450535,5.0,1089.3824922278386,0.0,0.0
LOAN_167,PAY_01840,2022-04-05,833.3333333333334,251.04915889450535,5.0,1089.3824922278386,0.0,0.0
LOAN_167,PAY_01841,2022-04-17,833.3333333333334,251.04915889450535,5.0,1089.3824922278386,0.0,0.0
LOAN_167,PAY_01842,2022-05-17,833.3333333333334,251.04915889450535,5.0,1089.3824922278386,0.0,0.0
LOAN_167,PAY_01843,2022-06-16,833.3333333333334,251.04915889450535,5.0,1089.3824922278386,0.0,0.0
LOAN_167,PAY_01844,2022-07-27,833.3333333333334,251.04915889450535,5.0,1089.3824922278386,0.0,0.0
LOAN_167,PAY_01845,2022-08-15,833.3333333333334,251.04915889450535,5.0,1089.3824922278386,0.0,0.0
LOAN_167,PAY_01846,2022-09-14,833.3333333333334,251.04915889450535,5.0,1089.3824922278386,0.0,0.0
LOAN_167,PAY_01847,2022-10-14,833.3333333333334,251.04915889450535,5.0,1089.3824922278386,0.0,0.0
LOAN_167,PAY_01848,2022-11-13,833.3333333333334,251.04915889450535,5.0,1089.3824922278386,0.0,0.0
LOAN_167,PAY_01849,2023-01-10,833.3333333333334,251.04915889450535,5.0,1089.3824922278386,0.0,0.0
LOAN_167,PAY_01850,2023-01-12,833.3333333333334,251.04915889450535,5.0,1089.3824922278386,0.0,0.0
LOAN_167,PAY_01851,2023-02-11,833.3333333333334,251.04915889450535,5.0,1089.3824922278386,0.0,0.0
LOAN_167,PAY_01852,2023-04-08,833.3333333333334,251.04915889450535,5.0,1089.3824922278386,0.0,0.0
LOAN_168,PAY_01853,2021-08-09,416.6666666666667,67.70432422206463,5.0,489.3709908887313,0.0,0.0
LOAN_168,PAY_01854,2021-09-08,416.6666666666667,67.70432422206463,5.0,489.3709908887313,0.0,0.0
LOAN_168,PAY_01855,2021-10-08,416.6666666666667,67.70432422206463,5.0,489.3709908887313,0.0,0.0
LOAN_168,PAY_01856,2021-11-07,416.6666666666667,67.70432422206463,5.0,489.3709908887313,0.0,0.0
LOAN_168,PAY_01857,2021-12-07,416.6666666666667,67.70432422206463,5.0,489.3709908887313,0.0,0.0
LOAN_168,PAY_01858,2022-01-06,416.6666666666667,67.70432422206463,5.0,489.3709908887313,0.0,0.0
LOAN_168,PAY_01859,2022-02-05,416.6666666666667,67.70432422206463,5.0,489.3709908887313,0.0,0.0
LOAN_168,PAY_01860,2022-03-07,416.6666666666667,67.70432422206463,5.0,489.3709908887313,0.0,0.0
LOAN_168,PAY_01861,2022-05-19,416.6666666666667,67.70432422206463,5.0,489.3709908887313,0.0,0.0
LOAN_168,PAY_01862,2022-05-06,416.6666666666667,67.70432422206463,5.0,489.3709908887313,0.0,0.0
LOAN_168,PAY_01863,2022-06-05,416.6666666666667,67.70432422206463,5.0,489.3709908887313,0.0,0.0
LOAN_168,PAY_01864,2022-07-05,416.6666666666667,67.70432422206463,5.0,489.3709908887313,0.0,0.0
LOAN_168,PAY_01865,2022-08-12,416.6666666666667,67.70432422206463,5.0,489.3709908887313,0.0,0.0
LOAN_168,PAY_01866,2022-09-03,416.6666666666667,67.70432422206463,5.0,489.3709908887313,0.0,0.0
LOAN_168,PAY_01867,2022-10-03,416.6666666666667,67.70432422206463,5.0,489.3709908887313,0.0,0.0
LOAN_169,PAY_01868,2021-12-17,625.0,190.58821734658565,5.0,820.5882173465857,0.0,0.0
LOAN_169,PAY_01869,2022-01-16,625.0,190.58821734658565,5.0,820.5882173465857,0.0,0.0
LOAN_169,PAY_01870,2022-02-15,625.0,190.58821734658565,5.0,820.5882173465857,0.0,0.0
LOAN_169,PAY_01871,2022-03-17,625.0,190.58821734658565,5.0,820.5882173465857,0.0,0.0
LOAN_169,PAY_01872,2022-04-16,625.0,190.58821734658565,5.0,820.5882173465857,0.0,0.0
LOAN_169,PAY_01873,2022-05-16,625.0,190.58821734658565,5.0,820.5882173465857,0.0,0.0
LOAN_169,PAY_01874,2022-06-15,625.0,190.58821734658565,5.0,820.5882173465857,0.0,0.0
LOAN_169,PAY_01875,2022-07-15,625.0,190.58821734658565,5.0,820.5882173465857,0.0,0.0
LOAN_169,PAY_01876,2022-08-14,625.0,190.58821734658565,5.0,820.5882173465857,0.0,0.0
LOAN_169,PAY_01877,2022-10-07,625.0,190.58821734658565,5.0,820.5882173465857,0.0,0.0
LOAN_169,PAY_01878,2022-10-13,625.0,190.58821734658565,5.0,820.5882173465857,0.0,0.0
LOAN_169,PAY_01879,2022-11-12,625.0,190.58821734658565,5.0,820.5882173465857,0.0,0.0
LOAN_169,PAY_01880,2022-12-12,625.0,190.58821734658565,5.0,820.5882173465857,0.0,0.0
LOAN_169,PAY_01881,2023-01-11,625.0,190.58821734658565,5.0,820.5882173465857,0.0,0.0
LOAN_169,PAY_01882,2023-02-10,625.0,190.58821734658565,5.0,820.5882173465857,0.0,0.0
LOAN_169,PAY_01883,2023-03-12,625.0,190.58821734658565,5.0,820.5882173465857,0.0,0.0
LOAN_169,PAY_01884,2023-05-06,625.0,190.58821734658565,5.0,820.5882173465857,0.0,0.0
LOAN_169,PAY_01885,2023-05-11,625.0,190.58821734658565,5.0,820.5882173465857,0.0,0.0
LOAN_169,PAY_01886,2023-06-25,625.0,190.58821734658565,5.0,820.5882173465857,0.0,0.0
LOAN_169,PAY_01887,2023-07-10,625.0,190.58821734658565,5.0,820.5882173465857,0.0,0.0
LOAN_169,PAY_01888,2023-08-09,625.0,190.58821734658565,5.0,820.5882173465857,0.0,0.0
LOAN_169,PAY_01889,2023-09-08,625.0,190.58821734658565,5.0,820.5882173465857,0.0,0.0
LOAN_169,PAY_01890,2023-10-08,625.0,190.58821734658565,5.0,820.5882173465857,0.0,0.0
LOAN_169,PAY_01891,2023-11-07,625.0,190.58821734658565,5.0,820.5882173465857,0.0,0.0
LOAN_170,PAY_01892,2022-11-16,416.6666666666667,59.478365047213195,5.0,481.14503171387986,0.0,0.0
LOAN_170,PAY_01893,2023-01-08,416.6666666666667,59.478365047213195,5.0,481.14503171387986,0.0,0.0
LOAN_170,PAY_01894,2023-01-15,416.6666666666667,59.478365047213195,5.0,481.14503171387986,0.0,0.0
LOAN_170,PAY_01895,2023-02-14,416.6666666666667,59.478365047213195,5.0,481.14503171387986,0.0,0.0
LOAN_171,PAY_01896,2021-11-10,833.3333333333334,179.41842058188547,5.0,1017.7517539152188,0.0,0.0
LOAN_171,PAY_01897,2021-12-10,833.3333333333334,179.41842058188547,5.0,1017.7517539152188,0.0,0.0
LOAN_171,PAY_01898,2022-01-09,833.3333333333334,179.41842058188547,5.0,1017.7517539152188,0.0,0.0
LOAN_171,PAY_01899,2022-02-08,833.3333333333334,179.41842058188547,5.0,1017.7517539152188,0.0,0.0
LOAN_171,PAY_01900,2022-03-10,833.3333333333334,179.41842058188547,5.0,1017.7517539152188,0.0,0.0
LOAN_171,PAY_01901,2022-04-09,833.3333333333334,179.41842058188547,5.0,1017.7517539152188,0.0,0.0
LOAN_171,PAY_01902,2022-05-09,833.3333333333334,179.41842058188547,5.0,1017.7517539152188,0.0,0.0
LOAN_171,PAY_01903,2022-06-08,833.3333333333334,179.41842058188547,5.0,1017.7517539152188,0.0,0.0
LOAN_171,PAY_01904,2022-07-08,833.3333333333334,179.41842058188547,5.0,1017.7517539152188,0.0,0.0
LOAN_171,PAY_01905,2022-08-07,833.3333333333334,179.41842058188547,5.0,1017.7517539152188,0.0,0.0
LOAN_171,PAY_01906,2022-09-06,833.3333333333334,179.41842058188547,5.0,1017.7517539152188,0.0,0.0
LOAN_171,PAY_01907,2022-10-06,833.3333333333334,179.41842058188547,5.0,1017.7517539152188,0.0,0.0
LOAN_171,PAY_01908,2022-11-05,833.3333333333334,179.41842058188547,5.0,1017.7517539152188,0.0,0.0
LOAN_171,PAY_01909,2022-12-05,833.3333333333334,179.41842058188547,5.0,1017.7517539152188,0.0,0.0
LOAN_172,PAY_01910,2022-01-02,416.6666666666667,99.92856692105475,5.0,521.5952335877214,0.0,0.0
LOAN_172,PAY_01911,2022-02-01,416.6666666666667,99.92856692105475,5.0,521.5952335877214,0.0,0.0
LOAN_172,PAY_01912,2022-03-03,416.6666666666667,99.92856692105475,5.0,521.5952335877214,0.0,0.0
LOAN_172,PAY_01913,2022-04-02,416.6666666666667,99.92856692105475,5.0,521.5952335877214,0.0,0.0
LOAN_172,PAY_01914,2022-05-02,416.6666666666667,99.92856692105475,5.0,521.5952335877214,0.0,0.0
LOAN_172,PAY_01915,2022-06-01,416.6666666666667,99.92856692105475,5.0,521.5952335877214,0.0,0.0
LOAN_172,PAY_01916,2022-08-12,416.6666666666667,99.92856692105475,5.0,521.5952335877214,0.0,0.0
LOAN_172,PAY_01917,2022-07-31,416.6666666666667,99.92856692105475,5.0,521.5952335877214,0.0,0.0
LOAN_172,PAY_01918,2022-08-30,416.6666666666667,99.92856692105475,5.0,521.5952335877214,0.0,0.0
LOAN_173,PAY_01919,2022-07-02,1666.6666666666667,278.72317475202317,5.0,1950.38984141869,0.0,0.0
LOAN_173,PAY_01920,2022-07-11,1666.6666666666667,278.72317475202317,5.0,1950.38984141869,0.0,0.0
LOAN_173,PAY_01921,2022-09-10,1666.6666666666667,278.72317475202317,5.0,1950.38984141869,0.0,0.0
LOAN_173,PAY_01922,2022-09-09,1666.6666666666667,278.72317475202317,5.0,1950.38984141869,0.0,0.0
LOAN_173,PAY_01923,2022-10-09,1666.6666666666667,278.72317475202317,5.0,1950.38984141869,0.0,0.0
LOAN_174,PAY_01924,2022-06-09,416.6666666666667,40.3353833484031,5.0,462.0020500150698,0.0,0.0
LOAN_174,PAY_01925,2022-07-09,416.6666666666667,40.3353833484031,5.0,462.0020500150698,0.0,0.0
LOAN_174,PAY_01926,2022-08-24,416.6666666666667,40.3353833484031,5.0,462.0020500150698,0.0,0.0
LOAN_175,PAY_01927,2022-06-13,416.6666666666667,90.38257653984107,5.0,512.0492432065078,0.0,0.0
LOAN_175,PAY_01928,2022-07-13,416.6666666666667,90.38257653984107,5.0,512.0492432065078,0.0,0.0
LOAN_175,PAY_01929,2022-08-12,416.6666666666667,90.38257653984107,5.0,512.0492432065078,0.0,0.0
LOAN_175,PAY_01930,2022-09-11,416.6666666666667,90.38257653984107,5.0,512.0492432065078,0.0,0.0
LOAN_175,PAY_01931,2022-10-11,416.6666666666667,90.38257653984107,5.0,512.0492432065078,0.0,0.0
LOAN_175,PAY_01932,2022-11-10,416.6666666666667,90.38257653984107,5.0,512.0492432065078,0.0,0.0
LOAN_175,PAY_01933,2022-12-10,416.6666666666667,90.38257653984107,5.0,512.0492432065078,0.0,0.0
LOAN_176,PAY_01934,2021-08-30,416.6666666666667,149.3847769871313,5.0,571.051443653798,0.0,0.0
LOAN_176,PAY_01935,2021-09-29,416.6666666666667,149.3847769871313,5.0,571.051443653798,0.0,0.0
LOAN_176,PAY_01936,2021-10-29,416.6666666666667,149.3847769871313,5.0,571.051443653798,0.0,0.0
LOAN_176,PAY_01937,2021-11-28,416.6666666666667,149.3847769871313,5.0,571.051443653798,0.0,0.0
LOAN_176,PAY_01938,2021-12-28,416.6666666666667,149.3847769871313,5.0,571.051443653798,0.0,0.0
LOAN_176,PAY_01939,2022-01-27,416.6666666666667,149.3847769871313,5.0,571.051443653798,0.0,0.0
LOAN_176,PAY_01940,2022-02-26,416.6666666666667,149.3847769871313,5.0,571.051443653798,0.0,0.0
LOAN_176,PAY_01941,2022-03-28,416.6666666666667,149.3847769871313,5.0,571.051443653798,0.0,0.0
LOAN_176,PAY_01942,2022-04-27,416.6666666666667,149.3847769871313,5.0,571.051443653798,0.0,0.0
LOAN_176,PAY_01943,2022-05-27,416.6666666666667,149.3847769871313,5.0,571.051443653798,0.0,0.0
LOAN_176,PAY_01944,2022-06-26,416.6666666666667,149.3847769871313,5.0,571.051443653798,0.0,0.0
LOAN_176,PAY_01945,2022-08-07,416.6666666666667,149.3847769871313,5.0,571.051443653798,0.0,0.0
LOAN_176,PAY_01946,2022-09-19,416.6666666666667,149.3847769871313,5.0,571.051443653798,0.0,0.0
LOAN_176,PAY_01947,2022-09-24,416.6666666666667,149.3847769871313,5.0,571.051443653798,0.0,0.0
LOAN_176,PAY_01948,2022-10-24,416.6666666666667,149.3847769871313,5.0,571.051443653798,0.0,0.0
LOAN_176,PAY_01949,2022-11-23,416.6666666666667,149.3847769871313,5.0,571.051443653798,0.0,0.0
LOAN_176,PAY_01950,2022-12-23,416.6666666666667,149.3847769871313,5.0,571.051443653798,0.0,0.0
LOAN_176,PAY_01951,2023-01-22,416.6666666666667,149.3847769871313,5.0,571.051443653798,0.0,0.0
LOAN_176,PAY_01952,2023-02-21,416.6666666666667,149.3847769871313,5.0,571.051443653798,0.0,0.0
LOAN_176,PAY_01953,2023-03-23,416.6666666666667,149.3847769871313,5.0,571.051443653798,0.0,0.0
LOAN_176,PAY_01954,2023-04-22,416.6666666666667,149.3847769871313,5.0,571.051443653798,0.0,0.0
LOAN_176,PAY_01955,2023-06-27,416.6666666666667,149.3847769871313,5.0,571.051443653798,0.0,0.0
LOAN_176,PAY_01956,2023-06-21,416.6666666666667,149.3847769871313,5.0,571.051443653798,0.0,0.0
LOAN_176,PAY_01957,2023-07-21,416.6666666666667,149.3847769871313,5.0,571.051443653798,0.0,0.0
LOAN_177,PAY_01958,2022-01-04,833.3333333333334,131.9421409527702,5.0,970.2754742861035,0.0,0.0
LOAN_177,PAY_01959,2022-02-03,833.3333333333334,131.9421409527702,5.0,970.2754742861035,0.0,0.0
LOAN_177,PAY_01960,2022-03-05,833.3333333333334,131.9421409527702,5.0,970.2754742861035,0.0,0.0
LOAN_177,PAY_01961,2022-04-04,833.3333333333334,131.9421409527702,5.0,970.2754742861035,0.0,0.0
LOAN_177,PAY_01962,2022-05-04,833.3333333333334,131.9421409527702,5.0,970.2754742861035,0.0,0.0
LOAN_177,PAY_01963,2022-06-03,833.3333333333334,131.9421409527702,5.0,970.2754742861035,0.0,0.0
LOAN_177,PAY_01964,2022-07-03,833.3333333333334,131.9421409527702,5.0,970.2754742861035,0.0,0.0
LOAN_177,PAY_01965,2022-08-02,833.3333333333334,131.9421409527702,5.0,970.2754742861035,0.0,0.0
LOAN_177,PAY_01966,2022-09-08,833.3333333333334,131.9421409527702,5.0,970.2754742861035,0.0,0.0
LOAN_177,PAY_01967,2022-10-01,833.3333333333334,131.9421409527702,5.0,970.2754742861035,0.0,0.0
LOAN_177,PAY_01968,2022-10-31,833.3333333333334,131.9421409527702,5.0,970.2754742861035,0.0,0.0
LOAN_177,PAY_01969,2022-11-30,833.3333333333334,131.9421409527702,5.0,970.2754742861035,0.0,0.0
LOAN_178,PAY_01970,2021-09-13,1250.0,218.30076025026517,5.0,1473.3007602502653,0.0,0.0
LOAN_178,PAY_01971,2021-11-24,1250.0,218.30076025026517,5.0,1473.3007602502653,0.0,0.0
LOAN_178,PAY_01972,2021-11-12,1250.0,218.30076025026517,5.0,1473.3007602502653,0.0,0.0
LOAN_178,PAY_01973,2021-12-12,1250.0,218.30076025026517,5.0,1473.3007602502653,0.0,0.0
LOAN_178,PAY_01974,2022-01-11,1250.0,218.30076025026517,5.0,1473.3007602502653,0.0,0.0
LOAN_178,PAY_01975,2022-02-10,1250.0,218.30076025026517,5.0,1473.3007602502653,0.0,0.0
LOAN_179,PAY_01976,2021-02-15,833.3333333333334,76.72763344382102,5.0,915.0609667771544,0.0,0.0
LOAN_179,PAY_01977,2021-04-30,833.3333333333334,76.72763344382102,5.0,915.0609667771544,0.0,0.0
LOAN_179,PAY_01978,2021-04-16,833.3333333333334,76.72763344382102,5.0,915.0609667771544,0.0,0.0
LOAN_179,PAY_01979,2021-05-26,833.3333333333334,76.72763344382102,5.0,915.0609667771544,0.0,0.0
LOAN_179,PAY_01980,2021-06-15,833.3333333333334,76.72763344382102,5.0,915.0609667771544,0.0,0.0
LOAN_179,PAY_01981,2021-08-26,833.3333333333334,76.72763344382102,5.0,915.0609667771544,0.0,0.0
LOAN_179,PAY_01982,2021-08-14,833.3333333333334,76.72763344382102,5.0,915.0609667771544,0.0,0.0
LOAN_179,PAY_01983,2021-09-13,833.3333333333334,76.72763344382102,5.0,915.0609667771544,0.0,0.0
LOAN_179,PAY_01984,2021-10-13,833.3333333333334,76.72763344382102,5.0,915.0609667771544,0.0,0.0
LOAN_179,PAY_01985,2021-11-12,833.3333333333334,76.72763344382102,5.0,915.0609667771544,0.0,0.0
LOAN_179,PAY_01986,2021-12-12,833.3333333333334,76.72763344382102,5.0,915.0609667771544,0.0,0.0
LOAN_179,PAY_01987,2022-01-11,833.3333333333334,76.72763344382102,5.0,915.0609667771544,0.0,0.0
LOAN_180,PAY_01988,2021-06-19,1250.0,209.6380527241316,5.0,1464.6380527241315,0.0,0.0
LOAN_180,PAY_01989,2021-07-19,1250.0,209.6380527241316,5.0,1464.6380527241315,0.0,0.0
LOAN_180,PAY_01990,2021-09-26,1250.0,209.6380527241316,5.0,1464.6380527241315,0.0,0.0
LOAN_180,PAY_01991,2021-09-17,1250.0,209.6380527241316,5.0,1464.6380527241315,0.0,0.0
LOAN_180,PAY_01992,2021-10-17,1250.0,209.6380527241316,5.0,1464.6380527241315,0.0,0.0
LOAN_180,PAY_01993,2021-11-16,1250.0,209.6380527241316,5.0,1464.6380527241315,0.0,0.0
LOAN_180,PAY_01994,2021-12-16,1250.0,209.6380527241316,5.0,1464.6380527241315,0.0,0.0
LOAN_180,PAY_01995,2022-01-15,1250.0,209.6380527241316,5.0,1464.6380527241315,0.0,0.0
LOAN_180,PAY_01996,2022-02-14,1250.0,209.6380527241316,5.0,1464.6380527241315,0.0,0.0
LOAN_181,PAY_01997,2021-12-14,1250.0,220.70743199703165,5.0,1475.7074319970316,0.0,0.0
LOAN_181,PAY_01998,2022-01-13,1250.0,220.70743199703165,5.0,1475.7074319970316,0.0,0.0
LOAN_181,PAY_01999,2022-02-12,1250.0,220.70743199703165,5.0,1475.7074319970316,0.0,0.0
LOAN_181,PAY_02000,2022-03-14,1250.0,220.70743199703165,5.0,1475.7074319970316,0.0,0.0
LOAN_181,PAY_02001,2022-04-13,1250.0,220.70743199703165,5.0,1475.7074319970316,0.0,0.0
LOAN_181,PAY_02002,2022-05-26,1250.0,220.70743199703165,5.0,1475.7074319970316,0.0,0.0
LOAN_181,PAY_02003,2022-06-12,1250.0,220.70743199703165,5.0,1475.7074319970316,0.0,0.0
LOAN_181,PAY_02004,2022-07-12,1250.0,220.70743199703165,5.0,1475.7074319970316,0.0,0.0
LOAN_181,PAY_02005,2022-08-11,1250.0,220.70743199703165,5.0,1475.7074319970316,0.0,0.0
LOAN_181,PAY_02006,2022-09-10,1250.0,220.70743199703165,5.0,1475.7074319970316,0.0,0.0
LOAN_181,PAY_02007,2022-10-25,1250.0,220.70743199703165,5.0,1475.7074319970316,0.0,0.0
LOAN_181,PAY_02008,2022-11-09,1250.0,220.70743199703165,5.0,1475.7074319970316,0.0,0.0
LOAN_182,PAY_02009,2021-12-24,416.6666666666667,127.85261083861195,5.0,549.5192775052786,0.0,0.0
LOAN_182,PAY_02010,2022-01-23,416.6666666666667,127.85261083861195,5.0,549.5192775052786,0.0,0.0
LOAN_182,PAY_02011,2022-02-22,416.6666666666667,127.85261083861195,5.0,549.5192775052786,0.0,0.0
LOAN_182,PAY_02012,2022-03-24,416.6666666666667,127.85261083861195,5.0,549.5192775052786,0.0,0.0
LOAN_182,PAY_02013,2022-04-23,416.6666666666667,127.85261083861195,5.0,549.5192775052786,0.0,0.0
LOAN_182,PAY_02014,2022-05-23,416.6666666666667,127.85261083861195,5.0,549.5192775052786,0.0,0.0
LOAN_182,PAY_02015,2022-06-22,416.6666666666667,127.85261083861195,5.0,549.5192775052786,0.0,0.0
LOAN_182,PAY_02016,2022-07-22,416.6666666666667,127.85261083861195,5.0,549.5192775052786,0.0,0.0
LOAN_182,PAY_02017,2022-08-21,416.6666666666667,127.85261083861195,5.0,549.5192775052786,0.0,0.0
LOAN_182,PAY_02018,2022-09-20,416.6666666666667,127.85261083861195,5.0,549.5192775052786,0.0,0.0
LOAN_182,PAY_02019,2022-10-20,416.6666666666667,127.85261083861195,5.0,549.5192775052786,0.0,0.0
LOAN_182,PAY_02020,2022-12-01,416.6666666666667,127.85261083861195,5.0,549.5192775052786,0.0,0.0
LOAN_182,PAY_02021,2022-12-19,416.6666666666667,127.85261083861195,5.0,549.5192775052786,0.0,0.0
LOAN_182,PAY_02022,2023-01-18,416.6666666666667,127.85261083861195,5.0,549.5192775052786,0.0,0.0
LOAN_182,PAY_02023,2023-02-17,416.6666666666667,127.85261083861195,5.0,549.5192775052786,0.0,0.0
LOAN_182,PAY_02024,2023-03-19,416.6666666666667,127.85261083861195,5.0,549.5192775052786,0.0,0.0
LOAN_182,PAY_02025,2023-04-18,416.6666666666667,127.85261083861195,5.0,549.5192775052786,0.0,0.0
LOAN_182,PAY_02026,2023-05-18,416.6666666666667,127.85261083861195,5.0,549.5192775052786,0.0,0.0
LOAN_182,PAY_02027,2023-06-17,416.6666666666667,127.85261083861195,5.0,549.5192775052786,0.0,0.0
LOAN_182,PAY_02028,2023-07-17,416.6666666666667,127.85261083861195,5.0,549.5192775052786,0.0,0.0
LOAN_182,PAY_02029,2023-08-16,416.6666666666667,127.85261083861195,5.0,549.5192775052786,0.0,0.0
LOAN_182,PAY_02030,2023-09-15,416.6666666666667,127.85261083861195,5.0,549.5192775052786,0.0,0.0
LOAN_182,PAY_02031,2023-10-15,416.6666666666667,127.85261083861195,5.0,549.5192775052786,0.0,0.0
LOAN_182,PAY_02032,2023-11-14,416.6666666666667,127.85261083861195,5.0,549.5192775052786,0.0,0.0
LOAN_183,PAY_02033,2022-11-20,1250.0,157.3312369003376,5.0,1412.3312369003377,0.0,0.0
LOAN_183,PAY_02034,2022-12-20,1250.0,157.3312369003376,5.0,1412.3312369003377,0.0,0.0
LOAN_183,PAY_02035,2023-01-19,1250.0,157.3312369003376,5.0,1412.3312369003377,0.0,0.0
LOAN_183,PAY_02036,2023-02-18,1250.0,157.3312369003376,5.0,1412.3312369003377,0.0,0.0
LOAN_184,PAY_02037,2022-04-21,1666.6666666666667,163.09735194376034,5.0,1834.764018610427,0.0,0.0
LOAN_184,PAY_02038,2022-05-21,1666.6666666666667,163.09735194376034,5.0,1834.764018610427,0.0,0.0
LOAN_184,PAY_02039,2022-06-20,1666.6666666666667,163.09735194376034,5.0,1834.764018610427,0.0,0.0
LOAN_184,PAY_02040,2022-07-20,1666.6666666666667,163.09735194376034,5.0,1834.764018610427,0.0,0.0
LOAN_184,PAY_02041,2022-08-19,1666.6666666666667,163.09735194376034,5.0,1834.764018610427,0.0,0.0
LOAN_184,PAY_02042,2022-09-18,1666.6666666666667,163.09735194376034,5.0,1834.764018610427,0.0,0.0
LOAN_184,PAY_02043,2022-10-18,1666.6666666666667,163.09735194376034,5.0,1834.764018610427,0.0,0.0
LOAN_184,PAY_02044,2022-12-26,1666.6666666666667,163.09735194376034,5.0,1834.764018610427,0.0,0.0
LOAN_185,PAY_02045,2022-03-07,416.6666666666667,131.77963436139225,5.0,553.446301028059,0.0,0.0
LOAN_185,PAY_02046,2022-04-06,416.6666666666667,131.77963436139225,5.0,553.446301028059,0.0,0.0
LOAN_185,PAY_02047,2022-05-06,416.6666666666667,131.77963436139225,5.0,553.446301028059,0.0,0.0
LOAN_185,PAY_02048,2022-06-05,416.6666666666667,131.77963436139225,5.0,553.446301028059,0.0,0.0
LOAN_185,PAY_02049,2022-07-05,416.6666666666667,131.77963436139225,5.0,553.446301028059,0.0,0.0
LOAN_185,PAY_02050,2022-08-04,416.6666666666667,131.77963436139225,5.0,553.446301028059,0.0,0.0
LOAN_185,PAY_02051,2022-09-03,416.6666666666667,131.77963436139225,5.0,553.446301028059,0.0,0.0
LOAN_185,PAY_02052,2022-10-03,416.6666666666667,131.77963436139225,5.0,553.446301028059,0.0,0.0
LOAN_185,PAY_02053,2022-11-02,416.6666666666667,131.77963436139225,5.0,553.446301028059,0.0,0.0
LOAN_185,PAY_02054,2022-12-02,416.6666666666667,131.77963436139225,5.0,553.446301028059,0.0,0.0
LOAN_185,PAY_02055,2023-01-01,416.6666666666667,131.77963436139225,5.0,553.446301028059,0.0,0.0
LOAN_185,PAY_02056,2023-01-31,416.6666666666667,131.77963436139225,5.0,553.446301028059,0.0,0.0
LOAN_185,PAY_02057,2023-04-01,416.6666666666667,131.77963436139225,5.0,553.446301028059,0.0,0.0
LOAN_185,PAY_02058,2023-04-01,416.6666666666667,131.77963436139225,5.0,553.446301028059,0.0,0.0
LOAN_185,PAY_02059,2023-05-01,416.6666666666667,131.77963436139225,5.0,553.446301028059,0.0,0.0
LOAN_185,PAY_02060,2023-05-31,416.6666666666667,131.77963436139225,5.0,553.446301028059,0.0,0.0
LOAN_186,PAY_02061,2021-09-30,208.33333333333334,69.96566916737086,5.0,283.2990025007042,0.0,0.0
LOAN_186,PAY_02062,2021-10-30,208.33333333333334,69.96566916737086,5.0,283.2990025007042,0.0,0.0
LOAN_186,PAY_02063,2021-11-29,208.33333333333334,69.96566916737086,5.0,283.2990025007042,0.0,0.0
LOAN_186,PAY_02064,2021-12-29,208.33333333333334,69.96566916737086,5.0,283.2990025007042,0.0,0.0
LOAN_186,PAY_02065,2022-02-20,208.33333333333334,69.96566916737086,5.0,283.2990025007042,0.0,0.0
LOAN_186,PAY_02066,2022-02-27,208.33333333333334,69.96566916737086,5.0,283.2990025007042,0.0,0.0
LOAN_186,PAY_02067,2022-03-29,208.33333333333334,69.96566916737086,5.0,283.2990025007042,0.0,0.0
LOAN_186,PAY_02068,2022-04-28,208.33333333333334,69.96566916737086,5.0,283.2990025007042,0.0,0.0
LOAN_186,PAY_02069,2022-05-28,208.33333333333334,69.96566916737086,5.0,283.2990025007042,0.0,0.0
LOAN_186,PAY_02070,2022-06-27,208.33333333333334,69.96566916737086,5.0,283.2990025007042,0.0,0.0
LOAN_186,PAY_02071,2022-07-27,208.33333333333334,69.96566916737086,5.0,283.2990025007042,0.0,0.0
LOAN_186,PAY_02072,2022-08-26,208.33333333333334,69.96566916737086,5.0,283.2990025007042,0.0,0.0
LOAN_186,PAY_02073,2022-09-25,208.33333333333334,69.96566916737086,5.0,283.2990025007042,0.0,0.0
LOAN_186,PAY_02074,2022-10-25,208.33333333333334,69.96566916737086,5.0,283.2990025007042,0.0,0.0
LOAN_186,PAY_02075,2022-11-24,208.33333333333334,69.96566916737086,5.0,283.2990025007042,0.0,0.0
LOAN_186,PAY_02076,2022-12-24,208.33333333333334,69.96566916737086,5.0,283.2990025007042,0.0,0.0
LOAN_186,PAY_02077,2023-01-23,208.33333333333334,69.96566916737086,5.0,283.2990025007042,0.0,0.0
LOAN_186,PAY_02078,2023-03-20,208.33333333333334,69.96566916737086,5.0,283.2990025007042,0.0,0.0
LOAN_186,PAY_02079,2023-03-24,208.33333333333334,69.96566916737086,5.0,283.2990025007042,0.0,0.0
LOAN_186,PAY_02080,2023-04-23,208.33333333333334,69.96566916737086,5.0,283.2990025007042,0.0,0.0
LOAN_186,PAY_02081,2023-05-23,208.33333333333334,69.96566916737086,5.0,283.2990025007042,0.0,0.0
LOAN_186,PAY_02082,2023-06-22,208.33333333333334,69.96566916737086,5.0,283.2990025007042,0.0,0.0
LOAN_186,PAY_02083,2023-07-22,208.33333333333334,69.96566916737086,5.0,283.2990025007042,0.0,0.0
LOAN_186,PAY_02084,2023-08-21,208.33333333333334,69.96566916737086,5.0,283.2990025007042,0.0,0.0
LOAN_187,PAY_02085,2022-04-20,416.6666666666667,84.9028739142186,5.0,506.5695405808853,0.0,0.0
LOAN_187,PAY_02086,2022-05-20,416.6666666666667,84.9028739142186,5.0,506.5695405808853,0.0,0.0
LOAN_187,PAY_02087,2022-06-19,416.6666666666667,84.9028739142186,5.0,506.5695405808853,0.0,0.0
LOAN_187,PAY_02088,2022-08-14,416.6666666666667,84.9028739142186,5.0,506.5695405808853,0.0,0.0
LOAN_187,PAY_02089,2022-08-18,416.6666666666667,84.9028739142186,5.0,506.5695405808853,0.0,0.0
LOAN_187,PAY_02090,2022-09-17,416.6666666666667,84.9028739142186,5.0,506.5695405808853,0.0,0.0
LOAN_187,PAY_02091,2022-10-17,416.6666666666667,84.9028739142186,5.0,506.5695405808853,0.0,0.0
LOAN_187,PAY_02092,2022-11-16,416.6666666666667,84.9028739142186,5.0,506.5695405808853,0.0,0.0
LOAN_187,PAY_02093,2022-12-16,416.6666666666667,84.9028739142186,5.0,506.5695405808853,0.0,0.0
LOAN_187,PAY_02094,2023-01-15,416.6666666666667,84.9028739142186,5.0,506.5695405808853,0.0,0.0
LOAN_188,PAY_02095,2022-06-25,208.33333333333334,36.83672104707621,5.0,250.17005438040957,0.0,0.0
LOAN_188,PAY_02096,2022-07-25,208.33333333333334,36.83672104707621,5.0,250.17005438040957,0.0,0.0
LOAN_188,PAY_02097,2022-08-24,208.33333333333334,36.83672104707621,5.0,250.17005438040957,0.0,0.0
LOAN_188,PAY_02098,2022-09-23,208.33333333333334,36.83672104707621,5.0,250.17005438040957,0.0,0.0
LOAN_188,PAY_02099,2022-10-23,208.33333333333334,36.83672104707621,5.0,250.17005438040957,0.0,0.0
LOAN_188,PAY_02100,2022-11-22,208.33333333333334,36.83672104707621,5.0,250.17005438040957,0.0,0.0
LOAN_188,PAY_02101,2022-12-22,208.33333333333334,36.83672104707621,5.0,250.17005438040957,0.0,0.0
LOAN_188,PAY_02102,2023-01-27,208.33333333333334,36.83672104707621,5.0,250.17005438040957,0.0,0.0
LOAN_188,PAY_02103,2023-02-20,208.33333333333334,36.83672104707621,5.0,250.17005438040957,0.0,0.0
LOAN_188,PAY_02104,2023-03-22,208.33333333333334,36.83672104707621,5.0,250.17005438040957,0.0,0.0
LOAN_188,PAY_02105,2023-04-21,208.33333333333334,36.83672104707621,5.0,250.17005438040957,0.0,0.0
LOAN_188,PAY_02106,2023-06-15,208.33333333333334,36.83672104707621,5.0,250.17005438040957,0.0,0.0
LOAN_188,PAY_02107,2023-06-20,208.33333333333334,36.83672104707621,5.0,250.17005438040957,0.0,0.0
LOAN_189,PAY_02108,2021-09-12,833.3333333333334,214.8167689417221,5.0,1053.1501022750554,0.0,0.0
LOAN_189,PAY_02109,2021-10-12,833.3333333333334,214.8167689417221,5.0,1053.1501022750554,0.0,0.0
LOAN_190,PAY_02110,2021-11-01,416.6666666666667,60.79551869776032,5.0,482.462185364427,0.0,0.0
LOAN_190,PAY_02111,2022-01-11,416.6666666666667,60.79551869776032,5.0,482.462185364427,0.0,0.0
LOAN_190,PAY_02112,2021-12-31,416.6666666666667,60.79551869776032,5.0,482.462185364427,0.0,0.0
LOAN_190,PAY_02113,2022-01-30,416.6666666666667,60.79551869776032,5.0,482.462185364427,0.0,0.0
LOAN_190,PAY_02114,2022-03-01,416.6666666666667,60.79551869776032,5.0,482.462185364427,0.0,0.0
LOAN_190,PAY_02115,2022-03-31,416.6666666666667,60.79551869776032,5.0,482.462185364427,0.0,0.0
LOAN_190,PAY_02116,2022-05-13,416.6666666666667,60.79551869776032,5.0,482.462185364427,0.0,0.0
LOAN_190,PAY_02117,2022-05-30,416.6666666666667,60.79551869776032,5.0,482.462185364427,0.0,0.0
LOAN_190,PAY_02118,2022-06-29,416.6666666666667,60.79551869776032,5.0,482.462185364427,0.0,0.0
LOAN_190,PAY_02119,2022-07-29,416.6666666666667,60.79551869776032,5.0,482.462185364427,0.0,0.0
LOAN_190,PAY_02120,2022-08-28,416.6666666666667,60.79551869776032,5.0,482.462185364427,0.0,0.0
LOAN_190,PAY_02121,2022-10-21,416.6666666666667,60.79551869776032,5.0,482.462185364427,0.0,0.0
LOAN_191,PAY_02122,2021-05-06,1666.6666666666667,283.9159046416259,5.0,1955.5825713082927,0.0,0.0
LOAN_191,PAY_02123,2021-06-05,1666.6666666666667,283.9159046416259,5.0,1955.5825713082927,0.0,0.0
LOAN_191,PAY_02124,2021-07-05,1666.6666666666667,283.9159046416259,5.0,1955.5825713082927,0.0,0.0
LOAN_191,PAY_02125,2021-08-23,1666.6666666666667,283.9159046416259,5.0,1955.5825713082927,0.0,0.0
LOAN_191,PAY_02126,2021-09-03,1666.6666666666667,283.9159046416259,5.0,1955.5825713082927,0.0,0.0
LOAN_191,PAY_02127,2021-10-03,1666.6666666666667,283.9159046416259,5.0,1955.5825713082927,0.0,0.0
LOAN_191,PAY_02128,2021-11-02,1666.6666666666667,283.9159046416259,5.0,1955.5825713082927,0.0,0.0
LOAN_191,PAY_02129,2021-12-02,1666.6666666666667,283.9159046416259,5.0,1955.5825713082927,0.0,0.0
LOAN_191,PAY_02130,2022-01-01,1666.6666666666667,283.9159046416259,5.0,1955.5825713082927,0.0,0.0
LOAN_191,PAY_02131,2022-01-31,1666.6666666666667,283.9159046416259,5.0,1955.5825713082927,0.0,0.0
LOAN_191,PAY_02132,2022-03-02,1666.6666666666667,283.9159046416259,5.0,1955.5825713082927,0.0,0.0
LOAN_191,PAY_02133,2022-05-04,1666.6666666666667,283.9159046416259,5.0,1955.5825713082927,0.0,0.0
LOAN_192,PAY_02134,2021-10-15,625.0,194.38227794243846,5.0,824.3822779424385,0.0,0.0
LOAN_192,PAY_02135,2021-11-14,625.0,194.38227794243846,5.0,824.3822779424385,0.0,0.0
LOAN_192,PAY_02136,2021-12-14,625.0,194.38227794243846,5.0,824.3822779424385,0.0,0.0
LOAN_192,PAY_02137,2022-01-13,625.0,194.38227794243846,5.0,824.3822779424385,0.0,0.0
LOAN_192,PAY_02138,2022-02-12,625.0,194.38227794243846,5.0,824.3822779424385,0.0,0.0
LOAN_192,PAY_02139,2022-03-14,625.0,194.38227794243846,5.0,824.3822779424385,0.0,0.0
LOAN_192,PAY_02140,2022-04-13,625.0,194.38227794243846,5.0,824.3822779424385,0.0,0.0
LOAN_192,PAY_02141,2022-05-13,625.0,194.38227794243846,5.0,824.3822779424385,0.0,0.0
LOAN_192,PAY_02142,2022-06-12,625.0,194.38227794243846,5.0,824.3822779424385,0.0,0.0
LOAN_192,PAY_02143,2022-07-12,625.0,194.38227794243846,5.0,824.3822779424385,0.0,0.0
LOAN_192,PAY_02144,2022-08-11,625.0,194.38227794243846,5.0,824.3822779424385,0.0,0.0
LOAN_192,PAY_02145,2022-09-10,625.0,194.38227794243846,5.0,824.3822779424385,0.0,0.0
LOAN_192,PAY_02146,2022-10-10,625.0,194.38227794243846,5.0,824.3822779424385,0.0,0.0
LOAN_192,PAY_02147,2022-11-09,625.0,194.38227794243846,5.0,824.3822779424385,0.0,0.0
LOAN_192,PAY_02148,2022-12-09,625.0,194.38227794243846,5.0,824.3822779424385,0.0,0.0
LOAN_192,PAY_02149,2023-01-08,625.0,194.38227794243846,5.0,824.3822779424385,0.0,0.0
LOAN_192,PAY_02150,2023-02-24,625.0,194.38227794243846,5.0,824.3822779424385,0.0,0.0
LOAN_192,PAY_02151,2023-03-09,625.0,194.38227794243846,5.0,824.3822779424385,0.0,0.0
LOAN_192,PAY_02152,2023-04-08,625.0,194.38227794243846,5.0,824.3822779424385,0.0,0.0
LOAN_192,PAY_02153,2023-05-08,625.0,194.38227794243846,5.0,824.3822779424385,0.0,0.0
LOAN_192,PAY_02154,2023-06-28,625.0,194.38227794243846,5.0,824.3822779424385,0.0,0.0
LOAN_192,PAY_02155,2023-07-07,625.0,194.38227794243846,5.0,824.3822779424385,0.0,0.0
LOAN_192,PAY_02156,2023-08-06,625.0,194.38227794243846,5.0,824.3822779424385,0.0,0.0
LOAN_192,PAY_02157,2023-09-20,625.0,194.38227794243846,5.0,824.3822779424385,0.0,0.0
LOAN_193,PAY_02158,2021-11-25,416.6666666666667,43.711635444766415,5.0,465.3783021114331,0.0,0.0
LOAN_193,PAY_02159,2021-12-25,416.6666666666667,43.711635444766415,5.0,465.3783021114331,0.0,0.0
LOAN_193,PAY_02160,2022-03-04,416.6666666666667,43.711635444766415,5.0,465.3783021114331,0.0,0.0
LOAN_193,PAY_02161,2022-03-14,416.6666666666667,43.711635444766415,5.0,465.3783021114331,0.0,0.0
LOAN_193,PAY_02162,2022-03-25,416.6666666666667,43.711635444766415,5.0,465.3783021114331,0.0,0.0
LOAN_193,PAY_02163,2022-04-24,416.6666666666667,43.711635444766415,5.0,465.3783021114331,0.0,0.0
LOAN_194,PAY_02164,2021-07-09,416.6666666666667,120.10238843662871,5.0,541.7690551032954,0.0,0.0
LOAN_194,PAY_02165,2021-08-08,416.6666666666667,120.10238843662871,5.0,541.7690551032954,0.0,0.0
LOAN_194,PAY_02166,2021-09-07,416.6666666666667,120.10238843662871,5.0,541.7690551032954,0.0,0.0
LOAN_194,PAY_02167,2021-10-07,416.6666666666667,120.10238843662871,5.0,541.7690551032954,0.0,0.0
LOAN_194,PAY_02168,2021-11-06,416.6666666666667,120.10238843662871,5.0,541.7690551032954,0.0,0.0
LOAN_194,PAY_02169,2021-12-06,416.6666666666667,120.10238843662871,5.0,541.7690551032954,0.0,0.0
LOAN_194,PAY_02170,2022-01-05,416.6666666666667,120.10238843662871,5.0,541.7690551032954,0.0,0.0
LOAN_194,PAY_02171,2022-02-04,416.6666666666667,120.10238843662871,5.0,541.7690551032954,0.0,0.0
LOAN_194,PAY_02172,2022-03-06,416.6666666666667,120.10238843662871,5.0,541.7690551032954,0.0,0.0
LOAN_194,PAY_02173,2022-05-03,416.6666666666667,120.10238843662871,5.0,541.7690551032954,0.0,0.0
LOAN_194,PAY_02174,2022-05-05,416.6666666666667,120.10238843662871,5.0,541.7690551032954,0.0,0.0
LOAN_195,PAY_02175,2023-01-28,625.0,138.47576623032649,5.0,768.4757662303265,0.0,0.0
LOAN_195,PAY_02176,2023-02-27,625.0,138.47576623032649,5.0,768.4757662303265,0.0,0.0
LOAN_195,PAY_02177,2023-03-29,625.0,138.47576623032649,5.0,768.4757662303265,0.0,0.0
LOAN_195,PAY_02178,2023-04-28,625.0,138.47576623032649,5.0,768.4757662303265,0.0,0.0
LOAN_195,PAY_02179,2023-05-28,625.0,138.47576623032649,5.0,768.4757662303265,0.0,0.0
LOAN_195,PAY_02180,2023-06-27,625.0,138.47576623032649,5.0,768.4757662303265,0.0,0.0
LOAN_195,PAY_02181,2023-07-27,625.0,138.47576623032649,5.0,768.4757662303265,0.0,0.0
LOAN_195,PAY_02182,2023-08-26,625.0,138.47576623032649,5.0,768.4757662303265,0.0,0.0
LOAN_195,PAY_02183,2023-10-17,625.0,138.47576623032649,5.0,768.4757662303265,0.0,0.0
LOAN_195,PAY_02184,2023-10-25,625.0,138.47576623032649,5.0,768.4757662303265,0.0,0.0
LOAN_195,PAY_02185,2023-12-31,625.0,138.47576623032649,5.0,768.4757662303265,0.0,0.0
LOAN_196,PAY_02186,2022-12-20,416.6666666666667,58.70042209499457,5.0,480.36708876166125,0.0,0.0
LOAN_196,PAY_02187,2023-01-19,416.6666666666667,58.70042209499457,5.0,480.36708876166125,0.0,0.0
LOAN_196,PAY_02188,2023-03-30,416.6666666666667,58.70042209499457,5.0,480.36708876166125,0.0,0.0
LOAN_196,PAY_02189,2023-03-20,416.6666666666667,58.70042209499457,5.0,480.36708876166125,0.0,0.0
LOAN_196,PAY_02190,2023-04-19,416.6666666666667,58.70042209499457,5.0,480.36708876166125,0.0,0.0
LOAN_196,PAY_02191,2023-05-19,416.6666666666667,58.70042209499457,5.0,480.36708876166125,0.0,0.0
LOAN_196,PAY_02192,2023-06-18,416.6666666666667,58.70042209499457,5.0,480.36708876166125,0.0,0.0
LOAN_196,PAY_02193,2023-07-18,416.6666666666667,58.70042209499457,5.0,480.36708876166125,0.0,0.0
LOAN_196,PAY_02194,2023-08-17,416.6666666666667,58.70042209499457,5.0,480.36708876166125,0.0,0.0
LOAN_196,PAY_02195,2023-09-16,416.6666666666667,58.70042209499457,5.0,480.36708876166125,0.0,0.0
LOAN_196,PAY_02196,2023-10-16,416.6666666666667,58.70042209499457,5.0,480.36708876166125,0.0,0.0
LOAN_196,PAY_02197,2023-11-15,416.6666666666667,58.70042209499457,5.0,480.36708876166125,0.0,0.0
LOAN_197,PAY_02198,2021-12-01,416.6666666666667,138.78608676336825,5.0,560.4527534300349,0.0,0.0
LOAN_197,PAY_02199,2021-12-31,416.6666666666667,138.78608676336825,5.0,560.4527534300349,0.0,0.0
LOAN_197,PAY_02200,2022-02-12,416.6666666666667,138.78608676336825,5.0,560.4527534300349,0.0,0.0
LOAN_197,PAY_02201,2022-03-01,416.6666666666667,138.78608676336825,5.0,560.4527534300349,0.0,0.0
LOAN_197,PAY_02202,2022-03-31,416.6666666666667,138.78608676336825,5.0,560.4527534300349,0.0,0.0
LOAN_197,PAY_02203,2022-04-30,416.6666666666667,138.78608676336825,5.0,560.4527534300349,0.0,0.0
LOAN_197,PAY_02204,2022-05-30,416.6666666666667,138.78608676336825,5.0,560.4527534300349,0.0,0.0
LOAN_197,PAY_02205,2022-06-29,416.6666666666667,138.78608676336825,5.0,560.4527534300349,0.0,0.0
LOAN_197,PAY_02206,2022-07-29,416.6666666666667,138.78608676336825,5.0,560.4527534300349,0.0,0.0
LOAN_197,PAY_02207,2022-08-28,416.6666666666667,138.78608676336825,5.0,560.4527534300349,0.0,0.0
LOAN_197,PAY_02208,2022-09-27,416.6666666666667,138.78608676336825,5.0,560.4527534300349,0.0,0.0
LOAN_197,PAY_02209,2022-11-11,416.6666666666667,138.78608676336825,5.0,560.4527534300349,0.0,0.0
LOAN_197,PAY_02210,2022-11-26,416.6666666666667,138.78608676336825,5.0,560.4527534300349,0.0,0.0
LOAN_197,PAY_02211,2022-12-26,416.6666666666667,138.78608676336825,5.0,560.4527534300349,0.0,0.0
LOAN_197,PAY_02212,2023-02-10,416.6666666666667,138.78608676336825,5.0,560.4527534300349,0.0,0.0
LOAN_198,PAY_02213,2022-09-07,416.6666666666667,58.26285119231349,5.0,479.92951785898015,0.0,0.0
LOAN_198,PAY_02214,2022-11-16,416.6666666666667,58.26285119231349,5.0,479.92951785898015,0.0,0.0
LOAN_198,PAY_02215,2022-11-06,416.6666666666667,58.26285119231349,5.0,479.92951785898015,0.0,0.0
LOAN_198,PAY_02216,2022-12-06,416.6666666666667,58.26285119231349,5.0,479.92951785898015,0.0,0.0
LOAN_198,PAY_02217,2023-01-05,416.6666666666667,58.26285119231349,5.0,479.92951785898015,0.0,0.0
LOAN_198,PAY_02218,2023-02-04,416.6666666666667,58.26285119231349,5.0,479.92951785898015,0.0,0.0
LOAN_198,PAY_02219,2023-03-20,416.6666666666667,58.26285119231349,5.0,479.92951785898015,0.0,0.0
LOAN_198,PAY_02220,2023-04-05,416.6666666666667,58.26285119231349,5.0,479.92951785898015,0.0,0.0
LOAN_198,PAY_02221,2023-05-05,416.6666666666667,58.26285119231349,5.0,479.92951785898015,0.0,0.0
LOAN_198,PAY_02222,2023-06-04,416.6666666666667,58.26285119231349,5.0,479.92951785898015,0.0,0.0
LOAN_199,PAY_02223,2021-03-19,833.3333333333334,294.11512775189243,5.0,1132.4484610852257,0.0,0.0
LOAN_199,PAY_02224,2021-05-03,833.3333333333334,294.11512775189243,5.0,1132.4484610852257,0.0,0.0
LOAN_199,PAY_02225,2021-05-18,833.3333333333334,294.11512775189243,5.0,1132.4484610852257,0.0,0.0
LOAN_199,PAY_02226,2021-06-17,833.3333333333334,294.11512775189243,5.0,1132.4484610852257,0.0,0.0
LOAN_199,PAY_02227,2021-07-26,833.3333333333334,294.11512775189243,5.0,1132.4484610852257,0.0,0.0
LOAN_199,PAY_02228,2021-08-16,833.3333333333334,294.11512775189243,5.0,1132.4484610852257,0.0,0.0
LOAN_199,PAY_02229,2021-09-15,833.3333333333334,294.11512775189243,5.0,1132.4484610852257,0.0,0.0
LOAN_199,PAY_02230,2021-10-15,833.3333333333334,294.11512775189243,5.0,1132.4484610852257,0.0,0.0
LOAN_199,PAY_02231,2021-11-14,833.3333333333334,294.11512775189243,5.0,1132.4484610852257,0.0,0.0
LOAN_199,PAY_02232,2021-12-14,833.3333333333334,294.11512775189243,5.0,1132.4484610852257,0.0,0.0
LOAN_199,PAY_02233,2022-01-13,833.3333333333334,294.11512775189243,5.0,1132.4484610852257,0.0,0.0
LOAN_199,PAY_02234,2022-02-12,833.3333333333334,294.11512775189243,5.0,1132.4484610852257,0.0,0.0
LOAN_199,PAY_02235,2022-03-29,833.3333333333334,294.11512775189243,5.0,1132.4484610852257,0.0,0.0
LOAN_199,PAY_02236,2022-04-13,833.3333333333334,294.11512775189243,5.0,1132.4484610852257,0.0,0.0
LOAN_199,PAY_02237,2022-05-13,833.3333333333334,294.11512775189243,5.0,1132.4484610852257,0.0,0.0
LOAN_199,PAY_02238,2022-06-12,833.3333333333334,294.11512775189243,5.0,1132.4484610852257,0.0,0.0
LOAN_199,PAY_02239,2022-07-12,833.3333333333334,294.11512775189243,5.0,1132.4484610852257,0.0,0.0
LOAN_199,PAY_02240,2022-08-11,833.3333333333334,294.11512775189243,5.0,1132.4484610852257,0.0,0.0
LOAN_200,PAY_02241,2022-07-10,416.6666666666667,74.81824939700924,5.0,496.48491606367594,0.0,0.0
LOAN_200,PAY_02242,2022-09-17,416.6666666666667,74.81824939700924,5.0,496.48491606367594,0.0,0.0
LOAN_200,PAY_02243,2022-09-08,416.6666666666667,74.81824939700924,5.0,496.48491606367594,0.0,0.0
LOAN_200,PAY_02244,2022-10-08,416.6666666666667,74.81824939700924,5.0,496.48491606367594,0.0,0.0
