loan_id,scheduled_instalment_date,scheduled_principal,scheduled_interest,scheduled_fees,scheduled_vat
LOAN_001,2022-03-17,416.6666666666667,57.18423013613986,5.0,1.0
LOAN_001,2022-04-16,416.6666666666667,57.18423013613986,5.0,1.0
LOAN_001,2022-05-16,416.6666666666667,57.18423013613986,5.0,1.0
LOAN_001,2022-06-15,416.6666666666667,57.18423013613986,5.0,1.0
LOAN_001,2022-07-15,416.6666666666667,57.18423013613986,5.0,1.0
LOAN_001,2022-08-14,416.6666666666667,57.18423013613986,5.0,1.0
LOAN_001,2022-09-13,416.6666666666667,57.18423013613986,5.0,1.0
LOAN_001,2022-10-13,416.6666666666667,57.18423013613986,5.0,1.0
LOAN_001,2022-11-12,416.6666666666667,57.18423013613986,5.0,1.0
LOAN_001,2022-12-12,416.6666666666667,57.18423013613986,5.0,1.0
LOAN_001,2023-01-11,416.6666666666667,57.18423013613986,5.0,1.0
LOAN_001,2023-02-10,416.6666666666667,57.18423013613986,5.0,1.0
LOAN_002,2022-10-31,217.3913043478261,46.492360401313825,5.0,1.0
LOAN_002,2022-11-30,217.3913043478261,46.492360401313825,5.0,1.0
LOAN_002,2022-12-30,217.3913043478261,46.492360401313825,5.0,1.0
LOAN_002,2023-01-29,217.3913043478261,46.492360401313825,5.0,1.0
LOAN_002,2023-02-28,217.3913043478261,46.492360401313825,5.0,1.0
LOAN_002,2023-03-30,217.3913043478261,46.492360401313825,5.0,1.0
LOAN_002,2023-04-29,217.3913043478261,46.492360401313825,5.0,1.0
LOAN_002,2023-05-29,217.3913043478261,46.492360401313825,5.0,1.0
LOAN_002,2023-06-28,217.3913043478261,46.492360401313825,5.0,1.0
LOAN_002,2023-07-28,217.3913043478261,46.492360401313825,5.0,1.0
LOAN_002,2023-08-27,217.3913043478261,46.492360401313825,5.0,1.0
LOAN_002,2023-09-26,217.3913043478261,46.492360401313825,5.0,1.0
LOAN_002,2023-10-26,217.3913043478261,46.492360401313825,5.0,1.0
LOAN_002,2023-11-25,217.3913043478261,46.492360401313825,5.0,1.0
LOAN_002,2023-12-25,217.3913043478261,46.492360401313825,5.0,1.0
LOAN_002,2024-01-24,217.3913043478261,46.492360401313825,5.0,1.0
LOAN_002,2024-02-23,217.3913043478261,46.492360401313825,5.0,1.0
LOAN_002,2024-03-24,217.3913043478261,46.492360401313825,5.0,1.0
LOAN_002,2024-04-23,217.3913043478261,46.492360401313825,5.0,1.0
LOAN_002,2024-05-23,217.3913043478261,46.492360401313825,5.0,1.0
LOAN_002,2024-06-22,217.3913043478261,46.492360401313825,5.0,1.0
LOAN_002,2024-07-22,217.3913043478261,46.492360401313825,5.0,1.0
LOAN_002,2024-08-21,217.3913043478261,46.492360401313825,5.0,1.0
LOAN_003,2021-06-11,1666.6666666666667,193.22525641873665,5.0,1.0
LOAN_003,2021-07-11,1666.6666666666667,193.22525641873665,5.0,1.0
LOAN_003,2021-08-10,1666.6666666666667,193.22525641873665,5.0,1.0
LOAN_003,2021-09-09,1666.6666666666667,193.22525641873665,5.0,1.0
LOAN_003,2021-10-09,1666.6666666666667,193.22525641873665,5.0,1.0
LOAN_003,2021-11-08,1666.6666666666667,193.22525641873665,5.0,1.0
LOAN_003,2021-12-08,1666.6666666666667,193.22525641873665,5.0,1.0
LOAN_003,2022-01-07,1666.6666666666667,193.22525641873665,5.0,1.0
LOAN_003,2022-02-06,1666.6666666666667,193.22525641873665,5.0,1.0
LOAN_003,2022-03-08,1666.6666666666667,193.22525641873665,5.0,1.0
LOAN_003,2022-04-07,1666.6666666666667,193.22525641873665,5.0,1.0
LOAN_003,2022-05-07,1666.6666666666667,193.22525641873665,5.0,1.0
LOAN_004,2022-01-01,416.6666666666667,57.204792099966774,5.0,1.0
LOAN_004,2022-01-31,416.6666666666667,57.204792099966774,5.0,1.0
LOAN_004,2022-03-02,416.6666666666667,57.204792099966774,5.0,1.0
LOAN_004,2022-04-01,416.6666666666667,57.204792099966774,5.0,1.0
LOAN_004,2022-05-01,416.6666666666667,57.204792099966774,5.0,1.0
LOAN_004,2022-05-31,416.6666666666667,57.204792099966774,5.0,1.0
LOAN_004,2022-06-30,416.6666666666667,57.204792099966774,5.0,1.0
LOAN_004,2022-07-30,416.6666666666667,57.204792099966774,5.0,1.0
LOAN_004,2022-08-29,416.6666666666667,57.204792099966774,5.0,1.0
LOAN_004,2022-09-28,416.6666666666667,57.204792099966774,5.0,1.0
LOAN_004,2022-10-28,416.6666666666667,57.204792099966774,5.0,1.0
LOAN_004,2022-11-27,416.6666666666667,57.204792099966774,5.0,1.0
LOAN_005,2022-07-13,208.33333333333334,33.36555860501458,5.0,1.0
LOAN_005,2022-08-12,208.33333333333334,33.36555860501458,5.0,1.0
LOAN_005,2022-09-11,208.33333333333334,33.36555860501458,5.0,1.0
LOAN_005,2022-10-11,208.33333333333334,33.36555860501458,5.0,1.0
LOAN_005,2022-11-10,208.33333333333334,33.36555860501458,5.0,1.0
LOAN_005,2022-12-10,208.33333333333334,33.36555860501458,5.0,1.0
LOAN_005,2023-01-09,208.33333333333334,33.36555860501458,5.0,1.0
LOAN_005,2023-02-08,208.33333333333334,33.36555860501458,5.0,1.0
LOAN_005,2023-03-10,208.33333333333334,33.36555860501458,5.0,1.0
LOAN_005,2023-04-09,208.33333333333334,33.36555860501458,5.0,1.0
LOAN_005,2023-05-09,208.33333333333334,33.36555860501458,5.0,1.0
LOAN_005,2023-06-08,208.33333333333334,33.36555860501458,5.0,1.0
LOAN_005,2023-07-08,208.33333333333334,33.36555860501458,5.0,1.0
LOAN_005,2023-08-07,208.33333333333334,33.36555860501458,5.0,1.0
LOAN_005,2023-09-06,208.33333333333334,33.36555860501458,5.0,1.0
LOAN_005,2023-10-06,208.33333333333334,33.36555860501458,5.0,1.0
LOAN_005,2023-11-05,208.33333333333334,33.36555860501458,5.0,1.0
LOAN_005,2023-12-05,208.33333333333334,33.36555860501458,5.0,1.0
LOAN_005,2024-01-04,208.33333333333334,33.36555860501458,5.0,1.0
LOAN_005,2024-02-03,208.33333333333334,33.36555860501458,5.0,1.0
LOAN_005,2024-03-04,208.33333333333334,33.36555860501458,5.0,1.0
LOAN_005,2024-04-03,208.33333333333334,33.36555860501458,5.0,1.0
LOAN_005,2024-05-03,208.33333333333334,33.36555860501458,5.0,1.0
LOAN_005,2024-06-02,208.33333333333334,33.36555860501458,5.0,1.0
LOAN_006,2021-09-30,416.6666666666667,37.648398769867775,5.0,1.0
LOAN_006,2021-10-30,416.6666666666667,37.648398769867775,5.0,1.0
LOAN_006,2021-11-29,416.6666666666667,37.648398769867775,5.0,1.0
LOAN_006,2021-12-29,416.6666666666667,37.648398769867775,5.0,1.0
LOAN_006,2022-01-28,416.6666666666667,37.648398769867775,5.0,1.0
LOAN_006,2022-02-27,416.6666666666667,37.648398769867775,5.0,1.0
LOAN_006,2022-03-29,416.6666666666667,37.648398769867775,5.0,1.0
LOAN_006,2022-04-28,416.6666666666667,37.648398769867775,5.0,1.0
LOAN_006,2022-05-28,416.6666666666667,37.648398769867775,5.0,1.0
LOAN_006,2022-06-27,416.6666666666667,37.648398769867775,5.0,1.0
LOAN_006,2022-07-27,416.6666666666667,37.648398769867775,5.0,1.0
LOAN_006,2022-08-26,416.6666666666667,37.648398769867775,5.0,1.0
LOAN_007,2022-10-26,416.6666666666667,128.18950857872412,5.0,1.0
LOAN_007,2022-11-25,416.6666666666667,128.18950857872412,5.0,1.0
LOAN_007,2022-12-25,416.6666666666667,128.18950857872412,5.0,1.0
LOAN_007,2023-01-24,416.6666666666667,128.18950857872412,5.0,1.0
LOAN_007,2023-02-23,416.6666666666667,128.18950857872412,5.0,1.0
LOAN_007,2023-03-25,416.6666666666667,128.18950857872412,5.0,1.0
LOAN_007,2023-04-24,416.6666666666667,128.18950857872412,5.0,1.0
LOAN_007,2023-05-24,416.6666666666667,128.18950857872412,5.0,1.0
LOAN_007,2023-06-23,416.6666666666667,128.18950857872412,5.0,1.0
LOAN_007,2023-07-23,416.6666666666667,128.18950857872412,5.0,1.0
LOAN_007,2023-08-22,416.6666666666667,128.18950857872412,5.0,1.0
LOAN_007,2023-09-21,416.6666666666667,128.18950857872412,5.0,1.0
LOAN_007,2023-10-21,416.6666666666667,128.18950857872412,5.0,1.0
LOAN_007,2023-11-20,416.6666666666667,128.18950857872412,5.0,1.0
LOAN_007,2023-12-20,416.6666666666667,128.18950857872412,5.0,1.0
LOAN_007,2024-01-19,416.6666666666667,128.18950857872412,5.0,1.0
LOAN_007,2024-02-18,416.6666666666667,128.18950857872412,5.0,1.0
LOAN_007,2024-03-19,416.6666666666667,128.18950857872412,5.0,1.0
LOAN_007,2024-04-18,416.6666666666667,128.18950857872412,5.0,1.0
LOAN_007,2024-05-18,416.6666666666667,128.18950857872412,5.0,1.0
LOAN_007,2024-06-17,416.6666666666667,128.18950857872412,5.0,1.0
LOAN_007,2024-07-17,416.6666666666667,128.18950857872412,5.0,1.0
LOAN_007,2024-08-16,416.6666666666667,128.18950857872412,5.0,1.0
LOAN_007,2024-09-15,416.6666666666667,128.18950857872412,5.0,1.0
LOAN_008,2022-12-31,217.3913043478261,49.47120936026979,5.0,1.0
LOAN_008,2023-01-30,217.3913043478261,49.47120936026979,5.0,1.0
LOAN_008,2023-03-01,217.3913043478261,49.47120936026979,5.0,1.0
LOAN_008,2023-03-31,217.3913043478261,49.47120936026979,5.0,1.0
LOAN_008,2023-04-30,217.3913043478261,49.47120936026979,5.0,1.0
LOAN_008,2023-05-30,217.3913043478261,49.47120936026979,5.0,1.0
LOAN_008,2023-06-29,217.3913043478261,49.47120936026979,5.0,1.0
LOAN_008,2023-07-29,217.3913043478261,49.47120936026979,5.0,1.0
LOAN_008,2023-08-28,217.3913043478261,49.47120936026979,5.0,1.0
LOAN_008,2023-09-27,217.3913043478261,49.47120936026979,5.0,1.0
LOAN_008,2023-10-27,217.3913043478261,49.47120936026979,5.0,1.0
LOAN_008,2023-11-26,217.3913043478261,49.47120936026979,5.0,1.0
LOAN_008,2023-12-26,217.3913043478261,49.47120936026979,5.0,1.0
LOAN_008,2024-01-25,217.3913043478261,49.47120936026979,5.0,1.0
LOAN_008,2024-02-24,217.3913043478261,49.47120936026979,5.0,1.0
LOAN_008,2024-03-25,217.3913043478261,49.47120936026979,5.0,1.0
LOAN_008,2024-04-24,217.3913043478261,49.47120936026979,5.0,1.0
LOAN_008,2024-05-24,217.3913043478261,49.47120936026979,5.0,1.0
LOAN_008,2024-06-23,217.3913043478261,49.47120936026979,5.0,1.0
LOAN_008,2024-07-23,217.3913043478261,49.47120936026979,5.0,1.0
LOAN_008,2024-08-22,217.3913043478261,49.47120936026979,5.0,1.0
LOAN_008,2024-09-21,217.3913043478261,49.47120936026979,5.0,1.0
LOAN_008,2024-10-21,217.3913043478261,49.47120936026979,5.0,1.0
LOAN_009,2021-02-23,1666.6666666666667,155.31092878030623,5.0,1.0
LOAN_009,2021-03-25,1666.6666666666667,155.31092878030623,5.0,1.0
LOAN_009,2021-04-24,1666.6666666666667,155.31092878030623,5.0,1.0
LOAN_009,2021-05-24,1666.6666666666667,155.31092878030623,5.0,1.0
LOAN_009,2021-06-23,1666.6666666666667,155.31092878030623,5.0,1.0
LOAN_009,2021-07-23,1666.6666666666667,155.31092878030623,5.0,1.0
LOAN_009,2021-08-22,1666.6666666666667,155.31092878030623,5.0,1.0
LOAN_009,2021-09-21,1666.6666666666667,155.31092878030623,5.0,1.0
LOAN_009,2021-10-21,1666.6666666666667,155.31092878030623,5.0,1.0
LOAN_009,2021-11-20,1666.6666666666667,155.31092878030623,5.0,1.0
LOAN_009,2021-12-20,1666.6666666666667,155.31092878030623,5.0,1.0
LOAN_009,2022-01-19,1666.6666666666667,155.31092878030623,5.0,1.0
LOAN_010,2021-02-19,416.6666666666667,82.47283955698778,5.0,1.0
LOAN_010,2021-03-21,416.6666666666667,82.47283955698778,5.0,1.0
LOAN_010,2021-04-20,416.6666666666667,82.47283955698778,5.0,1.0
LOAN_010,2021-05-20,416.6666666666667,82.47283955698778,5.0,1.0
LOAN_010,2021-06-19,416.6666666666667,82.47283955698778,5.0,1.0
LOAN_010,2021-07-19,416.6666666666667,82.47283955698778,5.0,1.0
LOAN_010,2021-08-18,416.6666666666667,82.47283955698778,5.0,1.0
LOAN_010,2021-09-17,416.6666666666667,82.47283955698778,5.0,1.0
LOAN_010,2021-10-17,416.6666666666667,82.47283955698778,5.0,1.0
LOAN_010,2021-11-16,416.6666666666667,82.47283955698778,5.0,1.0
LOAN_010,2021-12-16,416.6666666666667,82.47283955698778,5.0,1.0
LOAN_010,2022-01-15,416.6666666666667,82.47283955698778,5.0,1.0
LOAN_010,2022-02-14,416.6666666666667,82.47283955698778,5.0,1.0
LOAN_010,2022-03-16,416.6666666666667,82.47283955698778,5.0,1.0
LOAN_010,2022-04-15,416.6666666666667,82.47283955698778,5.0,1.0
LOAN_010,2022-05-15,416.6666666666667,82.47283955698778,5.0,1.0
LOAN_010,2022-06-14,416.6666666666667,82.47283955698778,5.0,1.0
LOAN_010,2022-07-14,416.6666666666667,82.47283955698778,5.0,1.0
LOAN_010,2022-08-13,416.6666666666667,82.47283955698778,5.0,1.0
LOAN_010,2022-09-12,416.6666666666667,82.47283955698778,5.0,1.0
LOAN_010,2022-10-12,416.6666666666667,82.47283955698778,5.0,1.0
LOAN_010,2022-11-11,416.6666666666667,82.47283955698778,5.0,1.0
LOAN_010,2022-12-11,416.6666666666667,82.47283955698778,5.0,1.0
LOAN_010,2023-01-10,416.6666666666667,82.47283955698778,5.0,1.0
LOAN_011,2022-03-28,625.0,197.18570779971034,5.0,1.0
LOAN_011,2022-04-27,625.0,197.18570779971034,5.0,1.0
LOAN_011,2022-05-27,625.0,197.18570779971034,5.0,1.0
LOAN_011,2022-06-26,625.0,197.18570779971034,5.0,1.0
LOAN_011,2022-07-26,625.0,197.18570779971034,5.0,1.0
LOAN_011,2022-08-25,625.0,197.18570779971034,5.0,1.0
LOAN_011,2022-09-24,625.0,197.18570779971034,5.0,1.0
LOAN_011,2022-10-24,625.0,197.18570779971034,5.0,1.0
LOAN_011,2022-11-23,625.0,197.18570779971034,5.0,1.0
LOAN_011,2022-12-23,625.0,197.18570779971034,5.0,1.0
LOAN_011,2023-01-22,625.0,197.18570779971034,5.0,1.0
LOAN_011,2023-02-21,625.0,197.18570779971034,5.0,1.0
LOAN_011,2023-03-23,625.0,197.18570779971034,5.0,1.0
LOAN_011,2023-04-22,625.0,197.18570779971034,5.0,1.0
LOAN_011,2023-05-22,625.0,197.18570779971034,5.0,1.0
LOAN_011,2023-06-21,625.0,197.18570779971034,5.0,1.0
LOAN_011,2023-07-21,625.0,197.18570779971034,5.0,1.0
LOAN_011,2023-08-20,625.0,197.18570779971034,5.0,1.0
LOAN_011,2023-09-19,625.0,197.18570779971034,5.0,1.0
LOAN_011,2023-10-19,625.0,197.18570779971034,5.0,1.0
LOAN_011,2023-11-18,625.0,197.18570779971034,5.0,1.0
LOAN_011,2023-12-18,625.0,197.18570779971034,5.0,1.0
LOAN_011,2024-01-17,625.0,197.18570779971034,5.0,1.0
LOAN_011,2024-02-16,625.0,197.18570779971034,5.0,1.0
LOAN_012,2022-01-19,416.6666666666667,138.94320807252734,5.0,1.0
LOAN_012,2022-02-18,416.6666666666667,138.94320807252734,5.0,1.0
LOAN_012,2022-03-20,416.6666666666667,138.94320807252734,5.0,1.0
LOAN_012,2022-04-19,416.6666666666667,138.94320807252734,5.0,1.0
LOAN_012,2022-05-19,416.6666666666667,138.94320807252734,5.0,1.0
LOAN_012,2022-06-18,416.6666666666667,138.94320807252734,5.0,1.0
LOAN_012,2022-07-18,416.6666666666667,138.94320807252734,5.0,1.0
LOAN_012,2022-08-17,416.6666666666667,138.94320807252734,5.0,1.0
LOAN_012,2022-09-16,416.6666666666667,138.94320807252734,5.0,1.0
LOAN_012,2022-10-16,416.6666666666667,138.94320807252734,5.0,1.0
LOAN_012,2022-11-15,416.6666666666667,138.94320807252734,5.0,1.0
LOAN_012,2022-12-15,416.6666666666667,138.94320807252734,5.0,1.0
LOAN_012,2023-01-14,416.6666666666667,138.94320807252734,5.0,1.0
LOAN_012,2023-02-13,416.6666666666667,138.94320807252734,5.0,1.0
LOAN_012,2023-03-15,416.6666666666667,138.94320807252734,5.0,1.0
LOAN_012,2023-04-14,416.6666666666667,138.94320807252734,5.0,1.0
LOAN_012,2023-05-14,416.6666666666667,138.94320807252734,5.0,1.0
LOAN_012,2023-06-13,416.6666666666667,138.94320807252734,5.0,1.0
LOAN_012,2023-07-13,416.6666666666667,138.94320807252734,5.0,1.0
LOAN_012,2023-08-12,416.6666666666667,138.94320807252734,5.0,1.0
LOAN_012,2023-09-11,416.6666666666667,138.94320807252734,5.0,1.0
LOAN_012,2023-10-11,416.6666666666667,138.94320807252734,5.0,1.0
LOAN_012,2023-11-10,416.6666666666667,138.94320807252734,5.0,1.0
LOAN_012,2023-12-10,416.6666666666667,138.94320807252734,5.0,1.0
LOAN_013,2022-07-07,208.33333333333334,35.452035192389665,5.0,1.0
LOAN_013,2022-08-06,208.33333333333334,35.452035192389665,5.0,1.0
LOAN_013,2022-09-05,208.33333333333334,35.452035192389665,5.0,1.0
LOAN_013,2022-10-05,208.33333333333334,35.452035192389665,5.0,1.0
LOAN_013,2022-11-04,208.33333333333334,35.452035192389665,5.0,1.0
LOAN_013,2022-12-04,208.33333333333334,35.452035192389665,5.0,1.0
LOAN_013,2023-01-03,208.33333333333334,35.452035192389665,5.0,1.0
LOAN_013,2023-02-02,208.33333333333334,35.452035192389665,5.0,1.0
LOAN_013,2023-03-04,208.33333333333334,35.452035192389665,5.0,1.0
LOAN_013,2023-04-03,208.33333333333334,35.452035192389665,5.0,1.0
LOAN_013,2023-05-03,208.33333333333334,35.452035192389665,5.0,1.0
LOAN_013,2023-06-02,208.33333333333334,35.452035192389665,5.0,1.0
LOAN_013,2023-07-02,208.33333333333334,35.452035192389665,5.0,1.0
LOAN_013,2023-08-01,208.33333333333334,35.452035192389665,5.0,1.0
LOAN_013,2023-08-31,208.33333333333334,35.452035192389665,5.0,1.0
LOAN_013,2023-09-30,208.33333333333334,35.452035192389665,5.0,1.0
LOAN_013,2023-10-30,208.33333333333334,35.452035192389665,5.0,1.0
LOAN_013,2023-11-29,208.33333333333334,35.452035192389665,5.0,1.0
LOAN_013,2023-12-29,208.33333333333334,35.452035192389665,5.0,1.0
LOAN_013,2024-01-28,208.33333333333334,35.452035192389665,5.0,1.0
LOAN_013,2024-02-27,208.33333333333334,35.452035192389665,5.0,1.0
LOAN_013,2024-03-28,208.33333333333334,35.452035192389665,5.0,1.0
LOAN_013,2024-04-27,208.33333333333334,35.452035192389665,5.0,1.0
LOAN_013,2024-05-27,208.33333333333334,35.452035192389665,5.0,1.0
LOAN_014,2022-09-13,208.33333333333334,67.34524424579608,5.0,1.0
LOAN_014,2022-10-13,208.33333333333334,67.34524424579608,5.0,1.0
LOAN_014,2022-11-12,208.33333333333334,67.34524424579608,5.0,1.0
LOAN_014,2022-12-12,208.33333333333334,67.34524424579608,5.0,1.0
LOAN_014,2023-01-11,208.33333333333334,67.34524424579608,5.0,1.0
LOAN_014,2023-02-10,208.33333333333334,67.34524424579608,5.0,1.0
LOAN_014,2023-03-12,208.33333333333334,67.34524424579608,5.0,1.0
LOAN_014,2023-04-11,208.33333333333334,67.34524424579608,5.0,1.0
LOAN_014,2023-05-11,208.33333333333334,67.34524424579608,5.0,1.0
LOAN_014,2023-06-10,208.33333333333334,67.34524424579608,5.0,1.0
LOAN_014,2023-07-10,208.33333333333334,67.34524424579608,5.0,1.0
LOAN_014,2023-08-09,208.33333333333334,67.34524424579608,5.0,1.0
LOAN_014,2023-09-08,208.33333333333334,67.34524424579608,5.0,1.0
LOAN_014,2023-10-08,208.33333333333334,67.34524424579608,5.0,1.0
LOAN_014,2023-11-07,208.33333333333334,67.34524424579608,5.0,1.0
LOAN_014,2023-12-07,208.33333333333334,67.34524424579608,5.0,1.0
LOAN_014,2024-01-06,208.33333333333334,67.34524424579608,5.0,1.0
LOAN_014,2024-02-05,208.33333333333334,67.34524424579608,5.0,1.0
LOAN_014,2024-03-06,208.33333333333334,67.34524424579608,5.0,1.0
LOAN_014,2024-04-05,208.33333333333334,67.34524424579608,5.0,1.0
LOAN_014,2024-05-05,208.33333333333334,67.34524424579608,5.0,1.0
LOAN_014,2024-06-04,208.33333333333334,67.34524424579608,5.0,1.0
LOAN_014,2024-07-04,208.33333333333334,67.34524424579608,5.0,1.0
LOAN_014,2024-08-03,208.33333333333334,67.34524424579608,5.0,1.0
LOAN_015,2021-03-16,1666.6666666666667,199.72233737731517,5.0,1.0
LOAN_015,2021-04-15,1666.6666666666667,199.72233737731517,5.0,1.0
LOAN_015,2021-05-15,1666.6666666666667,199.72233737731517,5.0,1.0
LOAN_015,2021-06-14,1666.6666666666667,199.72233737731517,5.0,1.0
LOAN_015,2021-07-14,1666.6666666666667,199.72233737731517,5.0,1.0
LOAN_015,2021-08-13,1666.6666666666667,199.72233737731517,5.0,1.0
LOAN_015,2021-09-12,1666.6666666666667,199.72233737731517,5.0,1.0
LOAN_015,2021-10-12,1666.6666666666667,199.72233737731517,5.0,1.0
LOAN_015,2021-11-11,1666.6666666666667,199.72233737731517,5.0,1.0
LOAN_015,2021-12-11,1666.6666666666667,199.72233737731517,5.0,1.0
LOAN_015,2022-01-10,1666.6666666666667,199.72233737731517,5.0,1.0
LOAN_015,2022-02-09,1666.6666666666667,199.72233737731517,5.0,1.0
LOAN_016,2021-10-17,1250.0,136.160824621721,5.0,1.0
LOAN_016,2021-11-16,1250.0,136.160824621721,5.0,1.0
LOAN_016,2021-12-16,1250.0,136.160824621721,5.0,1.0
LOAN_016,2022-01-15,1250.0,136.160824621721,5.0,1.0
LOAN_016,2022-02-14,1250.0,136.160824621721,5.0,1.0
LOAN_016,2022-03-16,1250.0,136.160824621721,5.0,1.0
LOAN_016,2022-04-15,1250.0,136.160824621721,5.0,1.0
LOAN_016,2022-05-15,1250.0,136.160824621721,5.0,1.0
LOAN_016,2022-06-14,1250.0,136.160824621721,5.0,1.0
LOAN_016,2022-07-14,1250.0,136.160824621721,5.0,1.0
LOAN_016,2022-08-13,1250.0,136.160824621721,5.0,1.0
LOAN_016,2022-09-12,1250.0,136.160824621721,5.0,1.0
LOAN_017,2022-12-19,833.3333333333334,149.65715510149408,5.0,1.0
LOAN_017,2023-01-18,833.3333333333334,149.65715510149408,5.0,1.0
LOAN_017,2023-02-17,833.3333333333334,149.65715510149408,5.0,1.0
LOAN_017,2023-03-19,833.3333333333334,149.65715510149408,5.0,1.0
LOAN_017,2023-04-18,833.3333333333334,149.65715510149408,5.0,1.0
LOAN_017,2023-05-18,833.3333333333334,149.65715510149408,5.0,1.0
LOAN_017,2023-06-17,833.3333333333334,149.65715510149408,5.0,1.0
LOAN_017,2023-07-17,833.3333333333334,149.65715510149408,5.0,1.0
LOAN_017,2023-08-16,833.3333333333334,149.65715510149408,5.0,1.0
LOAN_017,2023-09-15,833.3333333333334,149.65715510149408,5.0,1.0
LOAN_017,2023-10-15,833.3333333333334,149.65715510149408,5.0,1.0
LOAN_017,2023-11-14,833.3333333333334,149.65715510149408,5.0,1.0
LOAN_018,2022-05-20,833.3333333333334,285.0281375444959,5.0,1.0
LOAN_018,2022-06-19,833.3333333333334,285.0281375444959,5.0,1.0
LOAN_018,2022-07-19,833.3333333333334,285.0281375444959,5.0,1.0
LOAN_018,2022-08-18,833.3333333333334,285.0281375444959,5.0,1.0
LOAN_018,2022-09-17,833.3333333333334,285.0281375444959,5.0,1.0
LOAN_018,2022-10-17,833.3333333333334,285.0281375444959,5.0,1.0
LOAN_018,2022-11-16,833.3333333333334,285.0281375444959,5.0,1.0
LOAN_018,2022-12-16,833.3333333333334,285.0281375444959,5.0,1.0
LOAN_018,2023-01-15,833.3333333333334,285.0281375444959,5.0,1.0
LOAN_018,2023-02-14,833.3333333333334,285.0281375444959,5.0,1.0
LOAN_018,2023-03-16,833.3333333333334,285.0281375444959,5.0,1.0
LOAN_018,2023-04-15,833.3333333333334,285.0281375444959,5.0,1.0
LOAN_018,2023-05-15,833.3333333333334,285.0281375444959,5.0,1.0
LOAN_018,2023-06-14,833.3333333333334,285.0281375444959,5.0,1.0
LOAN_018,2023-07-14,833.3333333333334,285.0281375444959,5.0,1.0
LOAN_018,2023-08-13,833.3333333333334,285.0281375444959,5.0,1.0
LOAN_018,2023-09-12,833.3333333333334,285.0281375444959,5.0,1.0
LOAN_018,2023-10-12,833.3333333333334,285.0281375444959,5.0,1.0
LOAN_018,2023-11-11,833.3333333333334,285.0281375444959,5.0,1.0
LOAN_018,2023-12-11,833.3333333333334,285.0281375444959,5.0,1.0
LOAN_018,2024-01-10,833.3333333333334,285.0281375444959,5.0,1.0
LOAN_018,2024-02-09,833.3333333333334,285.0281375444959,5.0,1.0
LOAN_018,2024-03-10,833.3333333333334,285.0281375444959,5.0,1.0
LOAN_018,2024-04-09,833.3333333333334,285.0281375444959,5.0,1.0
LOAN_019,2023-01-23,833.3333333333334,246.53910220163962,5.0,1.0
LOAN_019,2023-02-22,833.3333333333334,246.53910220163962,5.0,1.0
LOAN_019,2023-03-24,833.3333333333334,246.53910220163962,5.0,1.0
LOAN_019,2023-04-23,833.3333333333334,246.53910220163962,5.0,1.0
LOAN_019,2023-05-23,833.3333333333334,246.53910220163962,5.0,1.0
LOAN_019,2023-06-22,833.3333333333334,246.53910220163962,5.0,1.0
LOAN_019,2023-07-22,833.3333333333334,246.53910220163962,5.0,1.0
LOAN_019,2023-08-21,833.3333333333334,246.53910220163962,5.0,1.0
LOAN_019,2023-09-20,833.3333333333334,246.53910220163962,5.0,1.0
LOAN_019,2023-10-20,833.3333333333334,246.53910220163962,5.0,1.0
LOAN_019,2023-11-19,833.3333333333334,246.53910220163962,5.0,1.0
LOAN_019,2023-12-19,833.3333333333334,246.53910220163962,5.0,1.0
LOAN_019,2024-01-18,833.3333333333334,246.53910220163962,5.0,1.0
LOAN_019,2024-02-17,833.3333333333334,246.53910220163962,5.0,1.0
LOAN_019,2024-03-18,833.3333333333334,246.53910220163962,5.0,1.0
LOAN_019,2024-04-17,833.3333333333334,246.53910220163962,5.0,1.0
LOAN_019,2024-05-17,833.3333333333334,246.53910220163962,5.0,1.0
LOAN_019,2024-06-16,833.3333333333334,246.53910220163962,5.0,1.0
LOAN_019,2024-07-16,833.3333333333334,246.53910220163962,5.0,1.0
LOAN_019,2024-08-15,833.3333333333334,246.53910220163962,5.0,1.0
LOAN_019,2024-09-14,833.3333333333334,246.53910220163962,5.0,1.0
LOAN_019,2024-10-14,833.3333333333334,246.53910220163962,5.0,1.0
LOAN_019,2024-11-13,833.3333333333334,246.53910220163962,5.0,1.0
LOAN_019,2024-12-13,833.3333333333334,246.53910220163962,5.0,1.0
LOAN_020,2021-02-25,1250.0,210.45928958116747,5.0,1.0
LOAN_020,2021-03-27,1250.0,210.45928958116747,5.0,1.0
LOAN_020,2021-04-26,1250.0,210.45928958116747,5.0,1.0
LOAN_020,2021-05-26,1250.0,210.45928958116747,5.0,1.0
LOAN_020,2021-06-25,1250.0,210.45928958116747,5.0,1.0
LOAN_020,2021-07-25,1250.0,210.45928958116747,5.0,1.0
LOAN_020,2021-08-24,1250.0,210.45928958116747,5.0,1.0
LOAN_020,2021-09-23,1250.0,210.45928958116747,5.0,1.0
LOAN_020,2021-10-23,1250.0,210.45928958116747,5.0,1.0
LOAN_020,2021-11-22,1250.0,210.45928958116747,5.0,1.0
LOAN_020,2021-12-22,1250.0,210.45928958116747,5.0,1.0
LOAN_020,2022-01-21,1250.0,210.45928958116747,5.0,1.0
LOAN_021,2022-01-02,1250.0,133.90327088978734,5.0,1.0
LOAN_021,2022-02-01,1250.0,133.90327088978734,5.0,1.0
LOAN_021,2022-03-03,1250.0,133.90327088978734,5.0,1.0
LOAN_021,2022-04-02,1250.0,133.90327088978734,5.0,1.0
LOAN_021,2022-05-02,1250.0,133.90327088978734,5.0,1.0
LOAN_021,2022-06-01,1250.0,133.90327088978734,5.0,1.0
LOAN_021,2022-07-01,1250.0,133.90327088978734,5.0,1.0
LOAN_021,2022-07-31,1250.0,133.90327088978734,5.0,1.0
LOAN_021,2022-08-30,1250.0,133.90327088978734,5.0,1.0
LOAN_021,2022-09-29,1250.0,133.90327088978734,5.0,1.0
LOAN_021,2022-10-29,1250.0,133.90327088978734,5.0,1.0
LOAN_021,2022-11-28,1250.0,133.90327088978734,5.0,1.0
LOAN_022,2023-01-10,416.6666666666667,145.96877923120226,5.0,1.0
LOAN_022,2023-02-09,416.6666666666667,145.96877923120226,5.0,1.0
LOAN_022,2023-03-11,416.6666666666667,145.96877923120226,5.0,1.0
LOAN_022,2023-04-10,416.6666666666667,145.96877923120226,5.0,1.0
LOAN_022,2023-05-10,416.6666666666667,145.96877923120226,5.0,1.0
LOAN_022,2023-06-09,416.6666666666667,145.96877923120226,5.0,1.0
LOAN_022,2023-07-09,416.6666666666667,145.96877923120226,5.0,1.0
LOAN_022,2023-08-08,416.6666666666667,145.96877923120226,5.0,1.0
LOAN_022,2023-09-07,416.6666666666667,145.96877923120226,5.0,1.0
LOAN_022,2023-10-07,416.6666666666667,145.96877923120226,5.0,1.0
LOAN_022,2023-11-06,416.6666666666667,145.96877923120226,5.0,1.0
LOAN_022,2023-12-06,416.6666666666667,145.96877923120226,5.0,1.0
LOAN_022,2024-01-05,416.6666666666667,145.96877923120226,5.0,1.0
LOAN_022,2024-02-04,416.6666666666667,145.96877923120226,5.0,1.0
LOAN_022,2024-03-05,416.6666666666667,145.96877923120226,5.0,1.0
LOAN_022,2024-04-04,416.6666666666667,145.96877923120226,5.0,1.0
LOAN_022,2024-05-04,416.6666666666667,145.96877923120226,5.0,1.0
LOAN_022,2024-06-03,416.6666666666667,145.96877923120226,5.0,1.0
LOAN_022,2024-07-03,416.6666666666667,145.96877923120226,5.0,1.0
LOAN_022,2024-08-02,416.6666666666667,145.96877923120226,5.0,1.0
LOAN_022,2024-09-01,416.6666666666667,145.96877923120226,5.0,1.0
LOAN_022,2024-10-01,416.6666666666667,145.96877923120226,5.0,1.0
LOAN_022,2024-10-31,416.6666666666667,145.96877923120226,5.0,1.0
LOAN_022,2024-11-30,416.6666666666667,145.96877923120226,5.0,1.0
LOAN_023,2022-05-09,833.3333333333334,240.29161203726218,5.0,1.0
LOAN_023,2022-06-08,833.3333333333334,240.29161203726218,5.0,1.0
LOAN_023,2022-07-08,833.3333333333334,240.29161203726218,5.0,1.0
LOAN_023,2022-08-07,833.3333333333334,240.29161203726218,5.0,1.0
LOAN_023,2022-09-06,833.3333333333334,240.29161203726218,5.0,1.0
LOAN_023,2022-10-06,833.3333333333334,240.29161203726218,5.0,1.0
LOAN_023,2022-11-05,833.3333333333334,240.29161203726218,5.0,1.0
LOAN_023,2022-12-05,833.3333333333334,240.29161203726218,5.0,1.0
LOAN_023,2023-01-04,833.3333333333334,240.29161203726218,5.0,1.0
LOAN_023,2023-02-03,833.3333333333334,240.29161203726218,5.0,1.0
LOAN_023,2023-03-05,833.3333333333334,240.29161203726218,5.0,1.0
LOAN_023,2023-04-04,833.3333333333334,240.29161203726218,5.0,1.0
LOAN_023,2023-05-04,833.3333333333334,240.29161203726218,5.0,1.0
LOAN_023,2023-06-03,833.3333333333334,240.29161203726218,5.0,1.0
LOAN_023,2023-07-03,833.3333333333334,240.29161203726218,5.0,1.0
LOAN_023,2023-08-02,833.3333333333334,240.29161203726218,5.0,1.0
LOAN_023,2023-09-01,833.3333333333334,240.29161203726218,5.0,1.0
LOAN_023,2023-10-01,833.3333333333334,240.29161203726218,5.0,1.0
LOAN_023,2023-10-31,833.3333333333334,240.29161203726218,5.0,1.0
LOAN_023,2023-11-30,833.3333333333334,240.29161203726218,5.0,1.0
LOAN_023,2023-12-30,833.3333333333334,240.29161203726218,5.0,1.0
LOAN_023,2024-01-29,833.3333333333334,240.29161203726218,5.0,1.0
LOAN_023,2024-02-28,833.3333333333334,240.29161203726218,5.0,1.0
LOAN_023,2024-03-29,833.3333333333334,240.29161203726218,5.0,1.0
LOAN_024,2022-11-04,208.33333333333334,64.01465370001962,5.0,1.0
LOAN_024,2022-12-04,208.33333333333334,64.01465370001962,5.0,1.0
LOAN_024,2023-01-03,208.33333333333334,64.01465370001962,5.0,1.0
LOAN_024,2023-02-02,208.33333333333334,64.01465370001962,5.0,1.0
LOAN_024,2023-03-04,208.33333333333334,64.01465370001962,5.0,1.0
LOAN_024,2023-04-03,208.33333333333334,64.01465370001962,5.0,1.0
LOAN_024,2023-05-03,208.33333333333334,64.01465370001962,5.0,1.0
LOAN_024,2023-06-02,208.33333333333334,64.01465370001962,5.0,1.0
LOAN_024,2023-07-02,208.33333333333334,64.01465370001962,5.0,1.0
LOAN_024,2023-08-01,208.33333333333334,64.01465370001962,5.0,1.0
LOAN_024,2023-08-31,208.33333333333334,64.01465370001962,5.0,1.0
LOAN_024,2023-09-30,208.33333333333334,64.01465370001962,5.0,1.0
LOAN_024,2023-10-30,208.33333333333334,64.01465370001962,5.0,1.0
LOAN_024,2023-11-29,208.33333333333334,64.01465370001962,5.0,1.0
LOAN_024,2023-12-29,208.33333333333334,64.01465370001962,5.0,1.0
LOAN_024,2024-01-28,208.33333333333334,64.01465370001962,5.0,1.0
LOAN_024,2024-02-27,208.33333333333334,64.01465370001962,5.0,1.0
LOAN_024,2024-03-28,208.33333333333334,64.01465370001962,5.0,1.0
LOAN_024,2024-04-27,208.33333333333334,64.01465370001962,5.0,1.0
LOAN_024,2024-05-27,208.33333333333334,64.01465370001962,5.0,1.0
LOAN_024,2024-06-26,208.33333333333334,64.01465370001962,5.0,1.0
LOAN_024,2024-07-26,208.33333333333334,64.01465370001962,5.0,1.0
LOAN_024,2024-08-25,208.33333333333334,64.01465370001962,5.0,1.0
LOAN_024,2024-09-24,208.33333333333334,64.01465370001962,5.0,1.0
LOAN_025,2021-12-25,416.6666666666667,105.59054938372032,5.0,1.0
LOAN_025,2022-01-24,416.6666666666667,105.59054938372032,5.0,1.0
LOAN_025,2022-02-23,416.6666666666667,105.59054938372032,5.0,1.0
LOAN_025,2022-03-25,416.6666666666667,105.59054938372032,5.0,1.0
LOAN_025,2022-04-24,416.6666666666667,105.59054938372032,5.0,1.0
LOAN_025,2022-05-24,416.6666666666667,105.59054938372032,5.0,1.0
LOAN_025,2022-06-23,416.6666666666667,105.59054938372032,5.0,1.0
LOAN_025,2022-07-23,416.6666666666667,105.59054938372032,5.0,1.0
LOAN_025,2022-08-22,416.6666666666667,105.59054938372032,5.0,1.0
LOAN_025,2022-09-21,416.6666666666667,105.59054938372032,5.0,1.0
LOAN_025,2022-10-21,416.6666666666667,105.59054938372032,5.0,1.0
LOAN_025,2022-11-20,416.6666666666667,105.59054938372032,5.0,1.0
LOAN_025,2022-12-20,416.6666666666667,105.59054938372032,5.0,1.0
LOAN_025,2023-01-19,416.6666666666667,105.59054938372032,5.0,1.0
LOAN_025,2023-02-18,416.6666666666667,105.59054938372032,5.0,1.0
LOAN_025,2023-03-20,416.6666666666667,105.59054938372032,5.0,1.0
LOAN_025,2023-04-19,416.6666666666667,105.59054938372032,5.0,1.0
LOAN_025,2023-05-19,416.6666666666667,105.59054938372032,5.0,1.0
LOAN_025,2023-06-18,416.6666666666667,105.59054938372032,5.0,1.0
LOAN_025,2023-07-18,416.6666666666667,105.59054938372032,5.0,1.0
LOAN_025,2023-08-17,416.6666666666667,105.59054938372032,5.0,1.0
LOAN_025,2023-09-16,416.6666666666667,105.59054938372032,5.0,1.0
LOAN_025,2023-10-16,416.6666666666667,105.59054938372032,5.0,1.0
LOAN_025,2023-11-15,416.6666666666667,105.59054938372032,5.0,1.0
LOAN_026,2022-06-27,833.3333333333334,277.02966083732275,5.0,1.0
LOAN_026,2022-07-27,833.3333333333334,277.02966083732275,5.0,1.0
LOAN_026,2022-08-26,833.3333333333334,277.02966083732275,5.0,1.0
LOAN_026,2022-09-25,833.3333333333334,277.02966083732275,5.0,1.0
LOAN_026,2022-10-25,833.3333333333334,277.02966083732275,5.0,1.0
LOAN_026,2022-11-24,833.3333333333334,277.02966083732275,5.0,1.0
LOAN_026,2022-12-24,833.3333333333334,277.02966083732275,5.0,1.0
LOAN_026,2023-01-23,833.3333333333334,277.02966083732275,5.0,1.0
LOAN_026,2023-02-22,833.3333333333334,277.02966083732275,5.0,1.0
LOAN_026,2023-03-24,833.3333333333334,277.02966083732275,5.0,1.0
LOAN_026,2023-04-23,833.3333333333334,277.02966083732275,5.0,1.0
LOAN_026,2023-05-23,833.3333333333334,277.02966083732275,5.0,1.0
LOAN_026,2023-06-22,833.3333333333334,277.02966083732275,5.0,1.0
LOAN_026,2023-07-22,833.3333333333334,277.02966083732275,5.0,1.0
LOAN_026,2023-08-21,833.3333333333334,277.02966083732275,5.0,1.0
LOAN_026,2023-09-20,833.3333333333334,277.02966083732275,5.0,1.0
LOAN_026,2023-10-20,833.3333333333334,277.02966083732275,5.0,1.0
LOAN_026,2023-11-19,833.3333333333334,277.02966083732275,5.0,1.0
LOAN_026,2023-12-19,833.3333333333334,277.02966083732275,5.0,1.0
LOAN_026,2024-01-18,833.3333333333334,277.02966083732275,5.0,1.0
LOAN_026,2024-02-17,833.3333333333334,277.02966083732275,5.0,1.0
LOAN_026,2024-03-18,833.3333333333334,277.02966083732275,5.0,1.0
LOAN_026,2024-04-17,833.3333333333334,277.02966083732275,5.0,1.0
LOAN_026,2024-05-17,833.3333333333334,277.02966083732275,5.0,1.0
LOAN_027,2021-11-22,1666.6666666666667,178.5239669017765,5.0,1.0
LOAN_027,2021-12-22,1666.6666666666667,178.5239669017765,5.0,1.0
LOAN_027,2022-01-21,1666.6666666666667,178.5239669017765,5.0,1.0
LOAN_027,2022-02-20,1666.6666666666667,178.5239669017765,5.0,1.0
LOAN_027,2022-03-22,1666.6666666666667,178.5239669017765,5.0,1.0
LOAN_027,2022-04-21,1666.6666666666667,178.5239669017765,5.0,1.0
LOAN_027,2022-05-21,1666.6666666666667,178.5239669017765,5.0,1.0
LOAN_027,2022-06-20,1666.6666666666667,178.5239669017765,5.0,1.0
LOAN_027,2022-07-20,1666.6666666666667,178.5239669017765,5.0,1.0
LOAN_027,2022-08-19,1666.6666666666667,178.5239669017765,5.0,1.0
LOAN_027,2022-09-18,1666.6666666666667,178.5239669017765,5.0,1.0
LOAN_027,2022-10-18,1666.6666666666667,178.5239669017765,5.0,1.0
LOAN_028,2021-09-22,1666.6666666666667,155.20095737215325,5.0,1.0
LOAN_028,2021-10-22,1666.6666666666667,155.20095737215325,5.0,1.0
LOAN_028,2021-11-21,1666.6666666666667,155.20095737215325,5.0,1.0
LOAN_028,2021-12-21,1666.6666666666667,155.20095737215325,5.0,1.0
LOAN_028,2022-01-20,1666.6666666666667,155.20095737215325,5.0,1.0
LOAN_028,2022-02-19,1666.6666666666667,155.20095737215325,5.0,1.0
LOAN_028,2022-03-21,1666.6666666666667,155.20095737215325,5.0,1.0
LOAN_028,2022-04-20,1666.6666666666667,155.20095737215325,5.0,1.0
LOAN_028,2022-05-20,1666.6666666666667,155.20095737215325,5.0,1.0
LOAN_028,2022-06-19,1666.6666666666667,155.20095737215325,5.0,1.0
LOAN_028,2022-07-19,1666.6666666666667,155.20095737215325,5.0,1.0
LOAN_028,2022-08-18,1666.6666666666667,155.20095737215325,5.0,1.0
LOAN_029,2022-11-10,208.33333333333334,47.82916651773724,5.0,1.0
LOAN_029,2022-12-10,208.33333333333334,47.82916651773724,5.0,1.0
LOAN_029,2023-01-09,208.33333333333334,47.82916651773724,5.0,1.0
LOAN_029,2023-02-08,208.33333333333334,47.82916651773724,5.0,1.0
LOAN_029,2023-03-10,208.33333333333334,47.82916651773724,5.0,1.0
LOAN_029,2023-04-09,208.33333333333334,47.82916651773724,5.0,1.0
LOAN_029,2023-05-09,208.33333333333334,47.82916651773724,5.0,1.0
LOAN_029,2023-06-08,208.33333333333334,47.82916651773724,5.0,1.0
LOAN_029,2023-07-08,208.33333333333334,47.82916651773724,5.0,1.0
LOAN_029,2023-08-07,208.33333333333334,47.82916651773724,5.0,1.0
LOAN_029,2023-09-06,208.33333333333334,47.82916651773724,5.0,1.0
LOAN_029,2023-10-06,208.33333333333334,47.82916651773724,5.0,1.0
LOAN_029,2023-11-05,208.33333333333334,47.82916651773724,5.0,1.0
LOAN_029,2023-12-05,208.33333333333334,47.82916651773724,5.0,1.0
LOAN_029,2024-01-04,208.33333333333334,47.82916651773724,5.0,1.0
LOAN_029,2024-02-03,208.33333333333334,47.82916651773724,5.0,1.0
LOAN_029,2024-03-04,208.33333333333334,47.82916651773724,5.0,1.0
LOAN_029,2024-04-03,208.33333333333334,47.82916651773724,5.0,1.0
LOAN_029,2024-05-03,208.33333333333334,47.82916651773724,5.0,1.0
LOAN_029,2024-06-02,208.33333333333334,47.82916651773724,5.0,1.0
LOAN_029,2024-07-02,208.33333333333334,47.82916651773724,5.0,1.0
LOAN_029,2024-08-01,208.33333333333334,47.82916651773724,5.0,1.0
LOAN_029,2024-08-31,208.33333333333334,47.82916651773724,5.0,1.0
LOAN_029,2024-09-30,208.33333333333334,47.82916651773724,5.0,1.0
LOAN_030,2022-12-19,416.6666666666667,35.324719093448145,5.0,1.0
LOAN_030,2023-01-18,416.6666666666667,35.324719093448145,5.0,1.0
LOAN_030,2023-02-17,416.6666666666667,35.324719093448145,5.0,1.0
LOAN_030,2023-03-19,416.6666666666667,35.324719093448145,5.0,1.0
LOAN_030,2023-04-18,416.6666666666667,35.324719093448145,5.0,1.0
LOAN_030,2023-05-18,416.6666666666667,35.324719093448145,5.0,1.0
LOAN_030,2023-06-17,416.6666666666667,35.324719093448145,5.0,1.0
LOAN_030,2023-07-17,416.6666666666667,35.324719093448145,5.0,1.0
LOAN_030,2023-08-16,416.6666666666667,35.324719093448145,5.0,1.0
LOAN_030,2023-09-15,416.6666666666667,35.324719093448145,5.0,1.0
LOAN_030,2023-10-15,416.6666666666667,35.324719093448145,5.0,1.0
LOAN_030,2023-11-14,416.6666666666667,35.324719093448145,5.0,1.0
LOAN_031,2022-10-11,1250.0,149.95694172056184,5.0,1.0
LOAN_031,2022-11-10,1250.0,149.95694172056184,5.0,1.0
LOAN_031,2022-12-10,1250.0,149.95694172056184,5.0,1.0
LOAN_031,2023-01-09,1250.0,149.95694172056184,5.0,1.0
LOAN_031,2023-02-08,1250.0,149.95694172056184,5.0,1.0
LOAN_031,2023-03-10,1250.0,149.95694172056184,5.0,1.0
LOAN_031,2023-04-09,1250.0,149.95694172056184,5.0,1.0
LOAN_031,2023-05-09,1250.0,149.95694172056184,5.0,1.0
LOAN_031,2023-06-08,1250.0,149.95694172056184,5.0,1.0
LOAN_031,2023-07-08,1250.0,149.95694172056184,5.0,1.0
LOAN_031,2023-08-07,1250.0,149.95694172056184,5.0,1.0
LOAN_031,2023-09-06,1250.0,149.95694172056184,5.0,1.0
LOAN_032,2021-11-26,208.33333333333334,43.900507832462985,5.0,1.0
LOAN_032,2021-12-26,208.33333333333334,43.900507832462985,5.0,1.0
LOAN_032,2022-01-25,208.33333333333334,43.900507832462985,5.0,1.0
LOAN_032,2022-02-24,208.33333333333334,43.900507832462985,5.0,1.0
LOAN_032,2022-03-26,208.33333333333334,43.900507832462985,5.0,1.0
LOAN_032,2022-04-25,208.33333333333334,43.900507832462985,5.0,1.0
LOAN_032,2022-05-25,208.33333333333334,43.900507832462985,5.0,1.0
LOAN_032,2022-06-24,208.33333333333334,43.900507832462985,5.0,1.0
LOAN_032,2022-07-24,208.33333333333334,43.900507832462985,5.0,1.0
LOAN_032,2022-08-23,208.33333333333334,43.900507832462985,5.0,1.0
LOAN_032,2022-09-22,208.33333333333334,43.900507832462985,5.0,1.0
LOAN_032,2022-10-22,208.33333333333334,43.900507832462985,5.0,1.0
LOAN_032,2022-11-21,208.33333333333334,43.900507832462985,5.0,1.0
LOAN_032,2022-12-21,208.33333333333334,43.900507832462985,5.0,1.0
LOAN_032,2023-01-20,208.33333333333334,43.900507832462985,5.0,1.0
LOAN_032,2023-02-19,208.33333333333334,43.900507832462985,5.0,1.0
LOAN_032,2023-03-21,208.33333333333334,43.900507832462985,5.0,1.0
LOAN_032,2023-04-20,208.33333333333334,43.900507832462985,5.0,1.0
LOAN_032,2023-05-20,208.33333333333334,43.900507832462985,5.0,1.0
LOAN_032,2023-06-19,208.33333333333334,43.900507832462985,5.0,1.0
LOAN_032,2023-07-19,208.33333333333334,43.900507832462985,5.0,1.0
LOAN_032,2023-08-18,208.33333333333334,43.900507832462985,5.0,1.0
LOAN_032,2023-09-17,208.33333333333334,43.900507832462985,5.0,1.0
LOAN_032,2023-10-17,208.33333333333334,43.900507832462985,5.0,1.0
LOAN_033,2021-06-19,833.3333333333334,133.35237891163618,5.0,1.0
LOAN_033,2021-07-19,833.3333333333334,133.35237891163618,5.0,1.0
LOAN_033,2021-08-18,833.3333333333334,133.35237891163618,5.0,1.0
LOAN_033,2021-09-17,833.3333333333334,133.35237891163618,5.0,1.0
LOAN_033,2021-10-17,833.3333333333334,133.35237891163618,5.0,1.0
LOAN_033,2021-11-16,833.3333333333334,133.35237891163618,5.0,1.0
LOAN_033,2021-12-16,833.3333333333334,133.35237891163618,5.0,1.0
LOAN_033,2022-01-15,833.3333333333334,133.35237891163618,5.0,1.0
LOAN_033,2022-02-14,833.3333333333334,133.35237891163618,5.0,1.0
LOAN_033,2022-03-16,833.3333333333334,133.35237891163618,5.0,1.0
LOAN_033,2022-04-15,833.3333333333334,133.35237891163618,5.0,1.0
LOAN_033,2022-05-15,833.3333333333334,133.35237891163618,5.0,1.0
LOAN_034,2021-04-14,625.0,118.63412179695031,5.0,1.0
LOAN_034,2021-05-14,625.0,118.63412179695031,5.0,1.0
LOAN_034,2021-06-13,625.0,118.63412179695031,5.0,1.0
LOAN_034,2021-07-13,625.0,118.63412179695031,5.0,1.0
LOAN_034,2021-08-12,625.0,118.63412179695031,5.0,1.0
LOAN_034,2021-09-11,625.0,118.63412179695031,5.0,1.0
LOAN_034,2021-10-11,625.0,118.63412179695031,5.0,1.0
LOAN_034,2021-11-10,625.0,118.63412179695031,5.0,1.0
LOAN_034,2021-12-10,625.0,118.63412179695031,5.0,1.0
LOAN_034,2022-01-09,625.0,118.63412179695031,5.0,1.0
LOAN_034,2022-02-08,625.0,118.63412179695031,5.0,1.0
LOAN_034,2022-03-10,625.0,118.63412179695031,5.0,1.0
LOAN_034,2022-04-09,625.0,118.63412179695031,5.0,1.0
LOAN_034,2022-05-09,625.0,118.63412179695031,5.0,1.0
LOAN_034,2022-06-08,625.0,118.63412179695031,5.0,1.0
LOAN_034,2022-07-08,625.0,118.63412179695031,5.0,1.0
LOAN_034,2022-08-07,625.0,118.63412179695031,5.0,1.0
LOAN_034,2022-09-06,625.0,118.63412179695031,5.0,1.0
LOAN_034,2022-10-06,625.0,118.63412179695031,5.0,1.0
LOAN_034,2022-11-05,625.0,118.63412179695031,5.0,1.0
LOAN_034,2022-12-05,625.0,118.63412179695031,5.0,1.0
LOAN_034,2023-01-04,625.0,118.63412179695031,5.0,1.0
LOAN_034,2023-02-03,625.0,118.63412179695031,5.0,1.0
LOAN_034,2023-03-05,625.0,118.63412179695031,5.0,1.0
LOAN_035,2022-04-20,833.3333333333334,285.90257759156555,5.0,1.0
LOAN_035,2022-05-20,833.3333333333334,285.90257759156555,5.0,1.0
LOAN_035,2022-06-19,833.3333333333334,285.90257759156555,5.0,1.0
LOAN_035,2022-07-19,833.3333333333334,285.90257759156555,5.0,1.0
LOAN_035,2022-08-18,833.3333333333334,285.90257759156555,5.0,1.0
LOAN_035,2022-09-17,833.3333333333334,285.90257759156555,5.0,1.0
LOAN_035,2022-10-17,833.3333333333334,285.90257759156555,5.0,1.0
LOAN_035,2022-11-16,833.3333333333334,285.90257759156555,5.0,1.0
LOAN_035,2022-12-16,833.3333333333334,285.90257759156555,5.0,1.0
LOAN_035,2023-01-15,833.3333333333334,285.90257759156555,5.0,1.0
LOAN_035,2023-02-14,833.3333333333334,285.90257759156555,5.0,1.0
LOAN_035,2023-03-16,833.3333333333334,285.90257759156555,5.0,1.0
LOAN_035,2023-04-15,833.3333333333334,285.90257759156555,5.0,1.0
LOAN_035,2023-05-15,833.3333333333334,285.90257759156555,5.0,1.0
LOAN_035,2023-06-14,833.3333333333334,285.90257759156555,5.0,1.0
LOAN_035,2023-07-14,833.3333333333334,285.90257759156555,5.0,1.0
LOAN_035,2023-08-13,833.3333333333334,285.90257759156555,5.0,1.0
LOAN_035,2023-09-12,833.3333333333334,285.90257759156555,5.0,1.0
LOAN_035,2023-10-12,833.3333333333334,285.90257759156555,5.0,1.0
LOAN_035,2023-11-11,833.3333333333334,285.90257759156555,5.0,1.0
LOAN_035,2023-12-11,833.3333333333334,285.90257759156555,5.0,1.0
LOAN_035,2024-01-10,833.3333333333334,285.90257759156555,5.0,1.0
LOAN_035,2024-02-09,833.3333333333334,285.90257759156555,5.0,1.0
LOAN_035,2024-03-10,833.3333333333334,285.90257759156555,5.0,1.0
LOAN_036,2022-11-07,833.3333333333334,106.3593093827812,5.0,1.0
LOAN_036,2022-12-07,833.3333333333334,106.3593093827812,5.0,1.0
LOAN_036,2023-01-06,833.3333333333334,106.3593093827812,5.0,1.0
LOAN_036,2023-02-05,833.3333333333334,106.3593093827812,5.0,1.0
LOAN_036,2023-03-07,833.3333333333334,106.3593093827812,5.0,1.0
LOAN_036,2023-04-06,833.3333333333334,106.3593093827812,5.0,1.0
LOAN_036,2023-05-06,833.3333333333334,106.3593093827812,5.0,1.0
LOAN_036,2023-06-05,833.3333333333334,106.3593093827812,5.0,1.0
LOAN_036,2023-07-05,833.3333333333334,106.3593093827812,5.0,1.0
LOAN_036,2023-08-04,833.3333333333334,106.3593093827812,5.0,1.0
LOAN_036,2023-09-03,833.3333333333334,106.3593093827812,5.0,1.0
LOAN_036,2023-10-03,833.3333333333334,106.3593093827812,5.0,1.0
LOAN_037,2021-06-13,208.33333333333334,52.619382569164564,5.0,1.0
LOAN_037,2021-07-13,208.33333333333334,52.619382569164564,5.0,1.0
LOAN_037,2021-08-12,208.33333333333334,52.619382569164564,5.0,1.0
LOAN_037,2021-09-11,208.33333333333334,52.619382569164564,5.0,1.0
LOAN_037,2021-10-11,208.33333333333334,52.619382569164564,5.0,1.0
LOAN_037,2021-11-10,208.33333333333334,52.619382569164564,5.0,1.0
LOAN_037,2021-12-10,208.33333333333334,52.619382569164564,5.0,1.0
LOAN_037,2022-01-09,208.33333333333334,52.619382569164564,5.0,1.0
LOAN_037,2022-02-08,208.33333333333334,52.619382569164564,5.0,1.0
LOAN_037,2022-03-10,208.33333333333334,52.619382569164564,5.0,1.0
LOAN_037,2022-04-09,208.33333333333334,52.619382569164564,5.0,1.0
LOAN_037,2022-05-09,208.33333333333334,52.619382569164564,5.0,1.0
LOAN_037,2022-06-08,208.33333333333334,52.619382569164564,5.0,1.0
LOAN_037,2022-07-08,208.33333333333334,52.619382569164564,5.0,1.0
LOAN_037,2022-08-07,208.33333333333334,52.619382569164564,5.0,1.0
LOAN_037,2022-09-06,208.33333333333334,52.619382569164564,5.0,1.0
LOAN_037,2022-10-06,208.33333333333334,52.619382569164564,5.0,1.0
LOAN_037,2022-11-05,208.33333333333334,52.619382569164564,5.0,1.0
LOAN_037,2022-12-05,208.33333333333334,52.619382569164564,5.0,1.0
LOAN_037,2023-01-04,208.33333333333334,52.619382569164564,5.0,1.0
LOAN_037,2023-02-03,208.33333333333334,52.619382569164564,5.0,1.0
LOAN_037,2023-03-05,208.33333333333334,52.619382569164564,5.0,1.0
LOAN_037,2023-04-04,208.33333333333334,52.619382569164564,5.0,1.0
LOAN_037,2023-05-04,208.33333333333334,52.619382569164564,5.0,1.0
LOAN_038,2021-09-19,208.33333333333334,40.29253914092321,5.0,1.0
LOAN_038,2021-10-19,208.33333333333334,40.29253914092321,5.0,1.0
LOAN_038,2021-11-18,208.33333333333334,40.29253914092321,5.0,1.0
LOAN_038,2021-12-18,208.33333333333334,40.29253914092321,5.0,1.0
LOAN_038,2022-01-17,208.33333333333334,40.29253914092321,5.0,1.0
LOAN_038,2022-02-16,208.33333333333334,40.29253914092321,5.0,1.0
LOAN_038,2022-03-18,208.33333333333334,40.29253914092321,5.0,1.0
LOAN_038,2022-04-17,208.33333333333334,40.29253914092321,5.0,1.0
LOAN_038,2022-05-17,208.33333333333334,40.29253914092321,5.0,1.0
LOAN_038,2022-06-16,208.33333333333334,40.29253914092321,5.0,1.0
LOAN_038,2022-07-16,208.33333333333334,40.29253914092321,5.0,1.0
LOAN_038,2022-08-15,208.33333333333334,40.29253914092321,5.0,1.0
LOAN_038,2022-09-14,208.33333333333334,40.29253914092321,5.0,1.0
LOAN_038,2022-10-14,208.33333333333334,40.29253914092321,5.0,1.0
LOAN_038,2022-11-13,208.33333333333334,40.29253914092321,5.0,1.0
LOAN_038,2022-12-13,208.33333333333334,40.29253914092321,5.0,1.0
LOAN_038,2023-01-12,208.33333333333334,40.29253914092321,5.0,1.0
LOAN_038,2023-02-11,208.33333333333334,40.29253914092321,5.0,1.0
LOAN_038,2023-03-13,208.33333333333334,40.29253914092321,5.0,1.0
LOAN_038,2023-04-12,208.33333333333334,40.29253914092321,5.0,1.0
LOAN_038,2023-05-12,208.33333333333334,40.29253914092321,5.0,1.0
LOAN_038,2023-06-11,208.33333333333334,40.29253914092321,5.0,1.0
LOAN_038,2023-07-11,208.33333333333334,40.29253914092321,5.0,1.0
LOAN_038,2023-08-10,208.33333333333334,40.29253914092321,5.0,1.0
LOAN_039,2022-03-10,1666.6666666666667,298.03838739807355,5.0,1.0
LOAN_039,2022-04-09,1666.6666666666667,298.03838739807355,5.0,1.0
LOAN_039,2022-05-09,1666.6666666666667,298.03838739807355,5.0,1.0
LOAN_039,2022-06-08,1666.6666666666667,298.03838739807355,5.0,1.0
LOAN_039,2022-07-08,1666.6666666666667,298.03838739807355,5.0,1.0
LOAN_039,2022-08-07,1666.6666666666667,298.03838739807355,5.0,1.0
LOAN_039,2022-09-06,1666.6666666666667,298.03838739807355,5.0,1.0
LOAN_039,2022-10-06,1666.6666666666667,298.03838739807355,5.0,1.0
LOAN_039,2022-11-05,1666.6666666666667,298.03838739807355,5.0,1.0
LOAN_039,2022-12-05,1666.6666666666667,298.03838739807355,5.0,1.0
LOAN_039,2023-01-04,1666.6666666666667,298.03838739807355,5.0,1.0
LOAN_039,2023-02-03,1666.6666666666667,298.03838739807355,5.0,1.0
LOAN_040,2023-01-13,1666.6666666666667,274.0265998956689,5.0,1.0
LOAN_040,2023-02-12,1666.6666666666667,274.0265998956689,5.0,1.0
LOAN_040,2023-03-14,1666.6666666666667,274.0265998956689,5.0,1.0
LOAN_040,2023-04-13,1666.6666666666667,274.0265998956689,5.0,1.0
LOAN_040,2023-05-13,1666.6666666666667,274.0265998956689,5.0,1.0
LOAN_040,2023-06-12,1666.6666666666667,274.0265998956689,5.0,1.0
LOAN_040,2023-07-12,1666.6666666666667,274.0265998956689,5.0,1.0
LOAN_040,2023-08-11,1666.6666666666667,274.0265998956689,5.0,1.0
LOAN_040,2023-09-10,1666.6666666666667,274.0265998956689,5.0,1.0
LOAN_040,2023-10-10,1666.6666666666667,274.0265998956689,5.0,1.0
LOAN_040,2023-11-09,1666.6666666666667,274.0265998956689,5.0,1.0
LOAN_040,2023-12-09,1666.6666666666667,274.0265998956689,5.0,1.0
LOAN_041,2021-12-15,625.0,159.81759084648928,5.0,1.0
LOAN_041,2022-01-14,625.0,159.81759084648928,5.0,1.0
LOAN_041,2022-02-13,625.0,159.81759084648928,5.0,1.0
LOAN_041,2022-03-15,625.0,159.81759084648928,5.0,1.0
LOAN_041,2022-04-14,625.0,159.81759084648928,5.0,1.0
LOAN_041,2022-05-14,625.0,159.81759084648928,5.0,1.0
LOAN_041,2022-06-13,625.0,159.81759084648928,5.0,1.0
LOAN_041,2022-07-13,625.0,159.81759084648928,5.0,1.0
LOAN_041,2022-08-12,625.0,159.81759084648928,5.0,1.0
LOAN_041,2022-09-11,625.0,159.81759084648928,5.0,1.0
LOAN_041,2022-10-11,625.0,159.81759084648928,5.0,1.0
LOAN_041,2022-11-10,625.0,159.81759084648928,5.0,1.0
LOAN_041,2022-12-10,625.0,159.81759084648928,5.0,1.0
LOAN_041,2023-01-09,625.0,159.81759084648928,5.0,1.0
LOAN_041,2023-02-08,625.0,159.81759084648928,5.0,1.0
LOAN_041,2023-03-10,625.0,159.81759084648928,5.0,1.0
LOAN_041,2023-04-09,625.0,159.81759084648928,5.0,1.0
LOAN_041,2023-05-09,625.0,159.81759084648928,5.0,1.0
LOAN_041,2023-06-08,625.0,159.81759084648928,5.0,1.0
LOAN_041,2023-07-08,625.0,159.81759084648928,5.0,1.0
LOAN_041,2023-08-07,625.0,159.81759084648928,5.0,1.0
LOAN_041,2023-09-06,625.0,159.81759084648928,5.0,1.0
LOAN_041,2023-10-06,625.0,159.81759084648928,5.0,1.0
LOAN_041,2023-11-05,625.0,159.81759084648928,5.0,1.0
LOAN_042,2021-10-25,1666.6666666666667,231.47289022177392,5.0,1.0
LOAN_042,2021-11-24,1666.6666666666667,231.47289022177392,5.0,1.0
LOAN_042,2021-12-24,1666.6666666666667,231.47289022177392,5.0,1.0
LOAN_042,2022-01-23,1666.6666666666667,231.47289022177392,5.0,1.0
LOAN_042,2022-02-22,1666.6666666666667,231.47289022177392,5.0,1.0
LOAN_042,2022-03-24,1666.6666666666667,231.47289022177392,5.0,1.0
LOAN_042,2022-04-23,1666.6666666666667,231.47289022177392,5.0,1.0
LOAN_042,2022-05-23,1666.6666666666667,231.47289022177392,5.0,1.0
LOAN_042,2022-06-22,1666.6666666666667,231.47289022177392,5.0,1.0
LOAN_042,2022-07-22,1666.6666666666667,231.47289022177392,5.0,1.0
LOAN_042,2022-08-21,1666.6666666666667,231.47289022177392,5.0,1.0
LOAN_042,2022-09-20,1666.6666666666667,231.47289022177392,5.0,1.0
LOAN_043,2023-01-18,1666.6666666666667,211.47675014260105,5.0,1.0
LOAN_043,2023-02-17,1666.6666666666667,211.47675014260105,5.0,1.0
LOAN_043,2023-03-19,1666.6666666666667,211.47675014260105,5.0,1.0
LOAN_043,2023-04-18,1666.6666666666667,211.47675014260105,5.0,1.0
LOAN_043,2023-05-18,1666.6666666666667,211.47675014260105,5.0,1.0
LOAN_043,2023-06-17,1666.6666666666667,211.47675014260105,5.0,1.0
LOAN_043,2023-07-17,1666.6666666666667,211.47675014260105,5.0,1.0
LOAN_043,2023-08-16,1666.6666666666667,211.47675014260105,5.0,1.0
LOAN_043,2023-09-15,1666.6666666666667,211.47675014260105,5.0,1.0
LOAN_043,2023-10-15,1666.6666666666667,211.47675014260105,5.0,1.0
LOAN_043,2023-11-14,1666.6666666666667,211.47675014260105,5.0,1.0
LOAN_043,2023-12-14,1666.6666666666667,211.47675014260105,5.0,1.0
LOAN_044,2022-11-02,625.0,151.96265342304574,5.0,1.0
LOAN_044,2022-12-02,625.0,151.96265342304574,5.0,1.0
LOAN_044,2023-01-01,625.0,151.96265342304574,5.0,1.0
LOAN_044,2023-01-31,625.0,151.96265342304574,5.0,1.0
LOAN_044,2023-03-02,625.0,151.96265342304574,5.0,1.0
LOAN_044,2023-04-01,625.0,151.96265342304574,5.0,1.0
LOAN_044,2023-05-01,625.0,151.96265342304574,5.0,1.0
LOAN_044,2023-05-31,625.0,151.96265342304574,5.0,1.0
LOAN_044,2023-06-30,625.0,151.96265342304574,5.0,1.0
LOAN_044,2023-07-30,625.0,151.96265342304574,5.0,1.0
LOAN_044,2023-08-29,625.0,151.96265342304574,5.0,1.0
LOAN_044,2023-09-28,625.0,151.96265342304574,5.0,1.0
LOAN_044,2023-10-28,625.0,151.96265342304574,5.0,1.0
LOAN_044,2023-11-27,625.0,151.96265342304574,5.0,1.0
LOAN_044,2023-12-27,625.0,151.96265342304574,5.0,1.0
LOAN_044,2024-01-26,625.0,151.96265342304574,5.0,1.0
LOAN_044,2024-02-25,625.0,151.96265342304574,5.0,1.0
LOAN_044,2024-03-26,625.0,151.96265342304574,5.0,1.0
LOAN_044,2024-04-25,625.0,151.96265342304574,5.0,1.0
LOAN_044,2024-05-25,625.0,151.96265342304574,5.0,1.0
LOAN_044,2024-06-24,625.0,151.96265342304574,5.0,1.0
LOAN_044,2024-07-24,625.0,151.96265342304574,5.0,1.0
LOAN_044,2024-08-23,625.0,151.96265342304574,5.0,1.0
LOAN_044,2024-09-22,625.0,151.96265342304574,5.0,1.0
LOAN_045,2021-11-03,625.0,152.27545200271572,5.0,1.0
LOAN_045,2021-12-03,625.0,152.27545200271572,5.0,1.0
LOAN_045,2022-01-02,625.0,152.27545200271572,5.0,1.0
LOAN_045,2022-02-01,625.0,152.27545200271572,5.0,1.0
LOAN_045,2022-03-03,625.0,152.27545200271572,5.0,1.0
LOAN_045,2022-04-02,625.0,152.27545200271572,5.0,1.0
LOAN_045,2022-05-02,625.0,152.27545200271572,5.0,1.0
LOAN_045,2022-06-01,625.0,152.27545200271572,5.0,1.0
LOAN_045,2022-07-01,625.0,152.27545200271572,5.0,1.0
LOAN_045,2022-07-31,625.0,152.27545200271572,5.0,1.0
LOAN_045,2022-08-30,625.0,152.27545200271572,5.0,1.0
LOAN_045,2022-09-29,625.0,152.27545200271572,5.0,1.0
LOAN_045,2022-10-29,625.0,152.27545200271572,5.0,1.0
LOAN_045,2022-11-28,625.0,152.27545200271572,5.0,1.0
LOAN_045,2022-12-28,625.0,152.27545200271572,5.0,1.0
LOAN_045,2023-01-27,625.0,152.27545200271572,5.0,1.0
LOAN_045,2023-02-26,625.0,152.27545200271572,5.0,1.0
LOAN_045,2023-03-28,625.0,152.27545200271572,5.0,1.0
LOAN_045,2023-04-27,625.0,152.27545200271572,5.0,1.0
LOAN_045,2023-05-27,625.0,152.27545200271572,5.0,1.0
LOAN_045,2023-06-26,625.0,152.27545200271572,5.0,1.0
LOAN_045,2023-07-26,625.0,152.27545200271572,5.0,1.0
LOAN_045,2023-08-25,625.0,152.27545200271572,5.0,1.0
LOAN_045,2023-09-24,625.0,152.27545200271572,5.0,1.0
LOAN_046,2022-10-17,1666.6666666666667,277.42812999053365,5.0,1.0
LOAN_046,2022-11-16,1666.6666666666667,277.42812999053365,5.0,1.0
LOAN_046,2022-12-16,1666.6666666666667,277.42812999053365,5.0,1.0
LOAN_046,2023-01-15,1666.6666666666667,277.42812999053365,5.0,1.0
LOAN_046,2023-02-14,1666.6666666666667,277.42812999053365,5.0,1.0
LOAN_046,2023-03-16,1666.6666666666667,277.42812999053365,5.0,1.0
LOAN_046,2023-04-15,1666.6666666666667,277.42812999053365,5.0,1.0
LOAN_046,2023-05-15,1666.6666666666667,277.42812999053365,5.0,1.0
LOAN_046,2023-06-14,1666.6666666666667,277.42812999053365,5.0,1.0
LOAN_046,2023-07-14,1666.6666666666667,277.42812999053365,5.0,1.0
LOAN_046,2023-08-13,1666.6666666666667,277.42812999053365,5.0,1.0
LOAN_046,2023-09-12,1666.6666666666667,277.42812999053365,5.0,1.0
LOAN_047,2022-08-01,1666.6666666666667,180.0584040390402,5.0,1.0
LOAN_047,2022-08-31,1666.6666666666667,180.0584040390402,5.0,1.0
LOAN_047,2022-09-30,1666.6666666666667,180.0584040390402,5.0,1.0
LOAN_047,2022-10-30,1666.6666666666667,180.0584040390402,5.0,1.0
LOAN_047,2022-11-29,1666.6666666666667,180.0584040390402,5.0,1.0
LOAN_047,2022-12-29,1666.6666666666667,180.0584040390402,5.0,1.0
LOAN_047,2023-01-28,1666.6666666666667,180.0584040390402,5.0,1.0
LOAN_047,2023-02-27,1666.6666666666667,180.0584040390402,5.0,1.0
LOAN_047,2023-03-29,1666.6666666666667,180.0584040390402,5.0,1.0
LOAN_047,2023-04-28,1666.6666666666667,180.0584040390402,5.0,1.0
LOAN_047,2023-05-28,1666.6666666666667,180.0584040390402,5.0,1.0
LOAN_047,2023-06-27,1666.6666666666667,180.0584040390402,5.0,1.0
LOAN_048,2022-01-13,416.6666666666667,73.50785881958573,5.0,1.0
LOAN_048,2022-02-12,416.6666666666667,73.50785881958573,5.0,1.0
LOAN_048,2022-03-14,416.6666666666667,73.50785881958573,5.0,1.0
LOAN_048,2022-04-13,416.6666666666667,73.50785881958573,5.0,1.0
LOAN_048,2022-05-13,416.6666666666667,73.50785881958573,5.0,1.0
LOAN_048,2022-06-12,416.6666666666667,73.50785881958573,5.0,1.0
LOAN_048,2022-07-12,416.6666666666667,73.50785881958573,5.0,1.0
LOAN_048,2022-08-11,416.6666666666667,73.50785881958573,5.0,1.0
LOAN_048,2022-09-10,416.6666666666667,73.50785881958573,5.0,1.0
LOAN_048,2022-10-10,416.6666666666667,73.50785881958573,5.0,1.0
LOAN_048,2022-11-09,416.6666666666667,73.50785881958573,5.0,1.0
LOAN_048,2022-12-09,416.6666666666667,73.50785881958573,5.0,1.0
LOAN_049,2021-02-27,625.0,153.65626280609374,5.0,1.0
LOAN_049,2021-03-29,625.0,153.65626280609374,5.0,1.0
LOAN_049,2021-04-28,625.0,153.65626280609374,5.0,1.0
LOAN_049,2021-05-28,625.0,153.65626280609374,5.0,1.0
LOAN_049,2021-06-27,625.0,153.65626280609374,5.0,1.0
LOAN_049,2021-07-27,625.0,153.65626280609374,5.0,1.0
LOAN_049,2021-08-26,625.0,153.65626280609374,5.0,1.0
LOAN_049,2021-09-25,625.0,153.65626280609374,5.0,1.0
LOAN_049,2021-10-25,625.0,153.65626280609374,5.0,1.0
LOAN_049,2021-11-24,625.0,153.65626280609374,5.0,1.0
LOAN_049,2021-12-24,625.0,153.65626280609374,5.0,1.0
LOAN_049,2022-01-23,625.0,153.65626280609374,5.0,1.0
LOAN_049,2022-02-22,625.0,153.65626280609374,5.0,1.0
LOAN_049,2022-03-24,625.0,153.65626280609374,5.0,1.0
LOAN_049,2022-04-23,625.0,153.65626280609374,5.0,1.0
LOAN_049,2022-05-23,625.0,153.65626280609374,5.0,1.0
LOAN_049,2022-06-22,625.0,153.65626280609374,5.0,1.0
LOAN_049,2022-07-22,625.0,153.65626280609374,5.0,1.0
LOAN_049,2022-08-21,625.0,153.65626280609374,5.0,1.0
LOAN_049,2022-09-20,625.0,153.65626280609374,5.0,1.0
LOAN_049,2022-10-20,625.0,153.65626280609374,5.0,1.0
LOAN_049,2022-11-19,625.0,153.65626280609374,5.0,1.0
LOAN_049,2022-12-19,625.0,153.65626280609374,5.0,1.0
LOAN_049,2023-01-18,625.0,153.65626280609374,5.0,1.0
LOAN_050,2022-07-30,833.3333333333334,76.30326621575834,5.0,1.0
LOAN_050,2022-08-29,833.3333333333334,76.30326621575834,5.0,1.0
LOAN_050,2022-09-28,833.3333333333334,76.30326621575834,5.0,1.0
LOAN_050,2022-10-28,833.3333333333334,76.30326621575834,5.0,1.0
LOAN_050,2022-11-27,833.3333333333334,76.30326621575834,5.0,1.0
LOAN_050,2022-12-27,833.3333333333334,76.30326621575834,5.0,1.0
LOAN_050,2023-01-26,833.3333333333334,76.30326621575834,5.0,1.0
LOAN_050,2023-02-25,833.3333333333334,76.30326621575834,5.0,1.0
LOAN_050,2023-03-27,833.3333333333334,76.30326621575834,5.0,1.0
LOAN_050,2023-04-26,833.3333333333334,76.30326621575834,5.0,1.0
LOAN_050,2023-05-26,833.3333333333334,76.30326621575834,5.0,1.0
LOAN_050,2023-06-25,833.3333333333334,76.30326621575834,5.0,1.0
LOAN_051,2021-11-25,416.6666666666667,43.610924777968755,5.0,1.0
LOAN_051,2021-12-25,416.6666666666667,43.610924777968755,5.0,1.0
LOAN_051,2022-01-24,416.6666666666667,43.610924777968755,5.0,1.0
LOAN_051,2022-02-23,416.6666666666667,43.610924777968755,5.0,1.0
LOAN_051,2022-03-25,416.6666666666667,43.610924777968755,5.0,1.0
LOAN_051,2022-04-24,416.6666666666667,43.610924777968755,5.0,1.0
LOAN_051,2022-05-24,416.6666666666667,43.610924777968755,5.0,1.0
LOAN_051,2022-06-23,416.6666666666667,43.610924777968755,5.0,1.0
LOAN_051,2022-07-23,416.6666666666667,43.610924777968755,5.0,1.0
LOAN_051,2022-08-22,416.6666666666667,43.610924777968755,5.0,1.0
LOAN_051,2022-09-21,416.6666666666667,43.610924777968755,5.0,1.0
LOAN_051,2022-10-21,416.6666666666667,43.610924777968755,5.0,1.0
LOAN_052,2022-02-10,1250.0,202.11568136180267,5.0,1.0
LOAN_052,2022-03-12,1250.0,202.11568136180267,5.0,1.0
LOAN_052,2022-04-11,1250.0,202.11568136180267,5.0,1.0
LOAN_052,2022-05-11,1250.0,202.11568136180267,5.0,1.0
LOAN_052,2022-06-10,1250.0,202.11568136180267,5.0,1.0
LOAN_052,2022-07-10,1250.0,202.11568136180267,5.0,1.0
LOAN_052,2022-08-09,1250.0,202.11568136180267,5.0,1.0
LOAN_052,2022-09-08,1250.0,202.11568136180267,5.0,1.0
LOAN_052,2022-10-08,1250.0,202.11568136180267,5.0,1.0
LOAN_052,2022-11-07,1250.0,202.11568136180267,5.0,1.0
LOAN_052,2022-12-07,1250.0,202.11568136180267,5.0,1.0
LOAN_052,2023-01-06,1250.0,202.11568136180267,5.0,1.0
LOAN_053,2022-05-26,1250.0,120.06557434842362,5.0,1.0
LOAN_053,2022-06-25,1250.0,120.06557434842362,5.0,1.0
LOAN_053,2022-07-25,1250.0,120.06557434842362,5.0,1.0
LOAN_053,2022-08-24,1250.0,120.06557434842362,5.0,1.0
LOAN_053,2022-09-23,1250.0,120.06557434842362,5.0,1.0
LOAN_053,2022-10-23,1250.0,120.06557434842362,5.0,1.0
LOAN_053,2022-11-22,1250.0,120.06557434842362,5.0,1.0
LOAN_053,2022-12-22,1250.0,120.06557434842362,5.0,1.0
LOAN_053,2023-01-21,1250.0,120.06557434842362,5.0,1.0
LOAN_053,2023-02-20,1250.0,120.06557434842362,5.0,1.0
LOAN_053,2023-03-22,1250.0,120.06557434842362,5.0,1.0
LOAN_053,2023-04-21,1250.0,120.06557434842362,5.0,1.0
LOAN_054,2021-04-17,1666.6666666666667,258.2026713981308,5.0,1.0
LOAN_054,2021-05-17,1666.6666666666667,258.2026713981308,5.0,1.0
LOAN_054,2021-06-16,1666.6666666666667,258.2026713981308,5.0,1.0
LOAN_054,2021-07-16,1666.6666666666667,258.2026713981308,5.0,1.0
LOAN_054,2021-08-15,1666.6666666666667,258.2026713981308,5.0,1.0
LOAN_054,2021-09-14,1666.6666666666667,258.2026713981308,5.0,1.0
LOAN_054,2021-10-14,1666.6666666666667,258.2026713981308,5.0,1.0
LOAN_054,2021-11-13,1666.6666666666667,258.2026713981308,5.0,1.0
LOAN_054,2021-12-13,1666.6666666666667,258.2026713981308,5.0,1.0
LOAN_054,2022-01-12,1666.6666666666667,258.2026713981308,5.0,1.0
LOAN_054,2022-02-11,1666.6666666666667,258.2026713981308,5.0,1.0
LOAN_054,2022-03-13,1666.6666666666667,258.2026713981308,5.0,1.0
LOAN_055,2021-04-09,625.0,195.83397433265466,5.0,1.0
LOAN_055,2021-05-09,625.0,195.83397433265466,5.0,1.0
LOAN_055,2021-06-08,625.0,195.83397433265466,5.0,1.0
LOAN_055,2021-07-08,625.0,195.83397433265466,5.0,1.0
LOAN_055,2021-08-07,625.0,195.83397433265466,5.0,1.0
LOAN_055,2021-09-06,625.0,195.83397433265466,5.0,1.0
LOAN_055,2021-10-06,625.0,195.83397433265466,5.0,1.0
LOAN_055,2021-11-05,625.0,195.83397433265466,5.0,1.0
LOAN_055,2021-12-05,625.0,195.83397433265466,5.0,1.0
LOAN_055,2022-01-04,625.0,195.83397433265466,5.0,1.0
LOAN_055,2022-02-03,625.0,195.83397433265466,5.0,1.0
LOAN_055,2022-03-05,625.0,195.83397433265466,5.0,1.0
LOAN_055,2022-04-04,625.0,195.83397433265466,5.0,1.0
LOAN_055,2022-05-04,625.0,195.83397433265466,5.0,1.0
LOAN_055,2022-06-03,625.0,195.83397433265466,5.0,1.0
LOAN_055,2022-07-03,625.0,195.83397433265466,5.0,1.0
LOAN_055,2022-08-02,625.0,195.83397433265466,5.0,1.0
LOAN_055,2022-09-01,625.0,195.83397433265466,5.0,1.0
LOAN_055,2022-10-01,625.0,195.83397433265466,5.0,1.0
LOAN_055,2022-10-31,625.0,195.83397433265466,5.0,1.0
LOAN_055,2022-11-30,625.0,195.83397433265466,5.0,1.0
LOAN_055,2022-12-30,625.0,195.83397433265466,5.0,1.0
LOAN_055,2023-01-29,625.0,195.83397433265466,5.0,1.0
LOAN_055,2023-02-28,625.0,195.83397433265466,5.0,1.0
LOAN_056,2021-02-23,416.6666666666667,71.89714064701717,5.0,1.0
LOAN_056,2021-03-25,416.6666666666667,71.89714064701717,5.0,1.0
LOAN_056,2021-04-24,416.6666666666667,71.89714064701717,5.0,1.0
LOAN_056,2021-05-24,416.6666666666667,71.89714064701717,5.0,1.0
LOAN_056,2021-06-23,416.6666666666667,71.89714064701717,5.0,1.0
LOAN_056,2021-07-23,416.6666666666667,71.89714064701717,5.0,1.0
LOAN_056,2021-08-22,416.6666666666667,71.89714064701717,5.0,1.0
LOAN_056,2021-09-21,416.6666666666667,71.89714064701717,5.0,1.0
LOAN_056,2021-10-21,416.6666666666667,71.89714064701717,5.0,1.0
LOAN_056,2021-11-20,416.6666666666667,71.89714064701717,5.0,1.0
LOAN_056,2021-12-20,416.6666666666667,71.89714064701717,5.0,1.0
LOAN_056,2022-01-19,416.6666666666667,71.89714064701717,5.0,1.0
LOAN_056,2022-02-18,416.6666666666667,71.89714064701717,5.0,1.0
LOAN_056,2022-03-20,416.6666666666667,71.89714064701717,5.0,1.0
LOAN_056,2022-04-19,416.6666666666667,71.89714064701717,5.0,1.0
LOAN_056,2022-05-19,416.6666666666667,71.89714064701717,5.0,1.0
LOAN_056,2022-06-18,416.6666666666667,71.89714064701717,5.0,1.0
LOAN_056,2022-07-18,416.6666666666667,71.89714064701717,5.0,1.0
LOAN_056,2022-08-17,416.6666666666667,71.89714064701717,5.0,1.0
LOAN_056,2022-09-16,416.6666666666667,71.89714064701717,5.0,1.0
LOAN_056,2022-10-16,416.6666666666667,71.89714064701717,5.0,1.0
LOAN_056,2022-11-15,416.6666666666667,71.89714064701717,5.0,1.0
LOAN_056,2022-12-15,416.6666666666667,71.89714064701717,5.0,1.0
LOAN_056,2023-01-14,416.6666666666667,71.89714064701717,5.0,1.0
LOAN_057,2022-01-29,208.33333333333334,62.33242316287376,5.0,1.0
LOAN_057,2022-02-28,208.33333333333334,62.33242316287376,5.0,1.0
LOAN_057,2022-03-30,208.33333333333334,62.33242316287376,5.0,1.0
LOAN_057,2022-04-29,208.33333333333334,62.33242316287376,5.0,1.0
LOAN_057,2022-05-29,208.33333333333334,62.33242316287376,5.0,1.0
LOAN_057,2022-06-28,208.33333333333334,62.33242316287376,5.0,1.0
LOAN_057,2022-07-28,208.33333333333334,62.33242316287376,5.0,1.0
LOAN_057,2022-08-27,208.33333333333334,62.33242316287376,5.0,1.0
LOAN_057,2022-09-26,208.33333333333334,62.33242316287376,5.0,1.0
LOAN_057,2022-10-26,208.33333333333334,62.33242316287376,5.0,1.0
LOAN_057,2022-11-25,208.33333333333334,62.33242316287376,5.0,1.0
LOAN_057,2022-12-25,208.33333333333334,62.33242316287376,5.0,1.0
LOAN_057,2023-01-24,208.33333333333334,62.33242316287376,5.0,1.0
LOAN_057,2023-02-23,208.33333333333334,62.33242316287376,5.0,1.0
LOAN_057,2023-03-25,208.33333333333334,62.33242316287376,5.0,1.0
LOAN_057,2023-04-24,208.33333333333334,62.33242316287376,5.0,1.0
LOAN_057,2023-05-24,208.33333333333334,62.33242316287376,5.0,1.0
LOAN_057,2023-06-23,208.33333333333334,62.33242316287376,5.0,1.0
LOAN_057,2023-07-23,208.33333333333334,62.33242316287376,5.0,1.0
LOAN_057,2023-08-22,208.33333333333334,62.33242316287376,5.0,1.0
LOAN_057,2023-09-21,208.33333333333334,62.33242316287376,5.0,1.0
LOAN_057,2023-10-21,208.33333333333334,62.33242316287376,5.0,1.0
LOAN_057,2023-11-20,208.33333333333334,62.33242316287376,5.0,1.0
LOAN_057,2023-12-20,208.33333333333334,62.33242316287376,5.0,1.0
LOAN_058,2022-06-21,1250.0,119.90223978260121,5.0,1.0
LOAN_058,2022-07-21,1250.0,119.90223978260121,5.0,1.0
LOAN_058,2022-08-20,1250.0,119.90223978260121,5.0,1.0
LOAN_058,2022-09-19,1250.0,119.90223978260121,5.0,1.0
LOAN_058,2022-10-19,1250.0,119.90223978260121,5.0,1.0
LOAN_058,2022-11-18,1250.0,119.90223978260121,5.0,1.0
LOAN_058,2022-12-18,1250.0,119.90223978260121,5.0,1.0
LOAN_058,2023-01-17,1250.0,119.90223978260121,5.0,1.0
LOAN_058,2023-02-16,1250.0,119.90223978260121,5.0,1.0
LOAN_058,2023-03-18,1250.0,119.90223978260121,5.0,1.0
LOAN_058,2023-04-17,1250.0,119.90223978260121,5.0,1.0
LOAN_058,2023-05-17,1250.0,119.90223978260121,5.0,1.0
LOAN_059,2022-03-28,1666.6666666666667,264.7168509924906,5.0,1.0
LOAN_059,2022-04-27,1666.6666666666667,264.7168509924906,5.0,1.0
LOAN_059,2022-05-27,1666.6666666666667,264.7168509924906,5.0,1.0
LOAN_059,2022-06-26,1666.6666666666667,264.7168509924906,5.0,1.0
LOAN_059,2022-07-26,1666.6666666666667,264.7168509924906,5.0,1.0
LOAN_059,2022-08-25,1666.6666666666667,264.7168509924906,5.0,1.0
LOAN_059,2022-09-24,1666.6666666666667,264.7168509924906,5.0,1.0
LOAN_059,2022-10-24,1666.6666666666667,264.7168509924906,5.0,1.0
LOAN_059,2022-11-23,1666.6666666666667,264.7168509924906,5.0,1.0
LOAN_059,2022-12-23,1666.6666666666667,264.7168509924906,5.0,1.0
LOAN_059,2023-01-22,1666.6666666666667,264.7168509924906,5.0,1.0
LOAN_059,2023-02-21,1666.6666666666667,264.7168509924906,5.0,1.0
LOAN_060,2021-07-26,1250.0,208.80757780374358,5.0,1.0
LOAN_060,2021-08-25,1250.0,208.80757780374358,5.0,1.0
LOAN_060,2021-09-24,1250.0,208.80757780374358,5.0,1.0
LOAN_060,2021-10-24,1250.0,208.80757780374358,5.0,1.0
LOAN_060,2021-11-23,1250.0,208.80757780374358,5.0,1.0
LOAN_060,2021-12-23,1250.0,208.80757780374358,5.0,1.0
LOAN_060,2022-01-22,1250.0,208.80757780374358,5.0,1.0
LOAN_060,2022-02-21,1250.0,208.80757780374358,5.0,1.0
LOAN_060,2022-03-23,1250.0,208.80757780374358,5.0,1.0
LOAN_060,2022-04-22,1250.0,208.80757780374358,5.0,1.0
LOAN_060,2022-05-22,1250.0,208.80757780374358,5.0,1.0
LOAN_060,2022-06-21,1250.0,208.80757780374358,5.0,1.0
LOAN_061,2021-02-12,208.33333333333334,53.44593673836556,5.0,1.0
LOAN_061,2021-03-14,208.33333333333334,53.44593673836556,5.0,1.0
LOAN_061,2021-04-13,208.33333333333334,53.44593673836556,5.0,1.0
LOAN_061,2021-05-13,208.33333333333334,53.44593673836556,5.0,1.0
LOAN_061,2021-06-12,208.33333333333334,53.44593673836556,5.0,1.0
LOAN_061,2021-07-12,208.33333333333334,53.44593673836556,5.0,1.0
LOAN_061,2021-08-11,208.33333333333334,53.44593673836556,5.0,1.0
LOAN_061,2021-09-10,208.33333333333334,53.44593673836556,5.0,1.0
LOAN_061,2021-10-10,208.33333333333334,53.44593673836556,5.0,1.0
LOAN_061,2021-11-09,208.33333333333334,53.44593673836556,5.0,1.0
LOAN_061,2021-12-09,208.33333333333334,53.44593673836556,5.0,1.0
LOAN_061,2022-01-08,208.33333333333334,53.44593673836556,5.0,1.0
LOAN_061,2022-02-07,208.33333333333334,53.44593673836556,5.0,1.0
LOAN_061,2022-03-09,208.33333333333334,53.44593673836556,5.0,1.0
LOAN_061,2022-04-08,208.33333333333334,53.44593673836556,5.0,1.0
LOAN_061,2022-05-08,208.33333333333334,53.44593673836556,5.0,1.0
LOAN_061,2022-06-07,208.33333333333334,53.44593673836556,5.0,1.0
LOAN_061,2022-07-07,208.33333333333334,53.44593673836556,5.0,1.0
LOAN_061,2022-08-06,208.33333333333334,53.44593673836556,5.0,1.0
LOAN_061,2022-09-05,208.33333333333334,53.44593673836556,5.0,1.0
LOAN_061,2022-10-05,208.33333333333334,53.44593673836556,5.0,1.0
LOAN_061,2022-11-04,208.33333333333334,53.44593673836556,5.0,1.0
LOAN_061,2022-12-04,208.33333333333334,53.44593673836556,5.0,1.0
LOAN_061,2023-01-03,208.33333333333334,53.44593673836556,5.0,1.0
LOAN_062,2022-05-03,833.3333333333334,220.56192897027162,5.0,1.0
LOAN_062,2022-06-02,833.3333333333334,220.56192897027162,5.0,1.0
LOAN_062,2022-07-02,833.3333333333334,220.56192897027162,5.0,1.0
LOAN_062,2022-08-01,833.3333333333334,220.56192897027162,5.0,1.0
LOAN_062,2022-08-31,833.3333333333334,220.56192897027162,5.0,1.0
LOAN_062,2022-09-30,833.3333333333334,220.56192897027162,5.0,1.0
LOAN_062,2022-10-30,833.3333333333334,220.56192897027162,5.0,1.0
LOAN_062,2022-11-29,833.3333333333334,220.56192897027162,5.0,1.0
LOAN_062,2022-12-29,833.3333333333334,220.56192897027162,5.0,1.0
LOAN_062,2023-01-28,833.3333333333334,220.56192897027162,5.0,1.0
LOAN_062,2023-02-27,833.3333333333334,220.56192897027162,5.0,1.0
LOAN_062,2023-03-29,833.3333333333334,220.56192897027162,5.0,1.0
LOAN_062,2023-04-28,833.3333333333334,220.56192897027162,5.0,1.0
LOAN_062,2023-05-28,833.3333333333334,220.56192897027162,5.0,1.0
LOAN_062,2023-06-27,833.3333333333334,220.56192897027162,5.0,1.0
LOAN_062,2023-07-27,833.3333333333334,220.56192897027162,5.0,1.0
LOAN_062,2023-08-26,833.3333333333334,220.56192897027162,5.0,1.0
LOAN_062,2023-09-25,833.3333333333334,220.56192897027162,5.0,1.0
LOAN_062,2023-10-25,833.3333333333334,220.56192897027162,5.0,1.0
LOAN_062,2023-11-24,833.3333333333334,220.56192897027162,5.0,1.0
LOAN_062,2023-12-24,833.3333333333334,220.56192897027162,5.0,1.0
LOAN_062,2024-01-23,833.3333333333334,220.56192897027162,5.0,1.0
LOAN_062,2024-02-22,833.3333333333334,220.56192897027162,5.0,1.0
LOAN_062,2024-03-23,833.3333333333334,220.56192897027162,5.0,1.0
LOAN_063,2022-09-11,416.6666666666667,130.17901091094691,5.0,1.0
LOAN_063,2022-10-11,416.6666666666667,130.17901091094691,5.0,1.0
LOAN_063,2022-11-10,416.6666666666667,130.17901091094691,5.0,1.0
LOAN_063,2022-12-10,416.6666666666667,130.17901091094691,5.0,1.0
LOAN_063,2023-01-09,416.6666666666667,130.17901091094691,5.0,1.0
LOAN_063,2023-02-08,416.6666666666667,130.17901091094691,5.0,1.0
LOAN_063,2023-03-10,416.6666666666667,130.17901091094691,5.0,1.0
LOAN_063,2023-04-09,416.6666666666667,130.17901091094691,5.0,1.0
LOAN_063,2023-05-09,416.6666666666667,130.17901091094691,5.0,1.0
LOAN_063,2023-06-08,416.6666666666667,130.17901091094691,5.0,1.0
LOAN_063,2023-07-08,416.6666666666667,130.17901091094691,5.0,1.0
LOAN_063,2023-08-07,416.6666666666667,130.17901091094691,5.0,1.0
LOAN_063,2023-09-06,416.6666666666667,130.17901091094691,5.0,1.0
LOAN_063,2023-10-06,416.6666666666667,130.17901091094691,5.0,1.0
LOAN_063,2023-11-05,416.6666666666667,130.17901091094691,5.0,1.0
LOAN_063,2023-12-05,416.6666666666667,130.17901091094691,5.0,1.0
LOAN_063,2024-01-04,416.6666666666667,130.17901091094691,5.0,1.0
LOAN_063,2024-02-03,416.6666666666667,130.17901091094691,5.0,1.0
LOAN_063,2024-03-04,416.6666666666667,130.17901091094691,5.0,1.0
LOAN_063,2024-04-03,416.6666666666667,130.17901091094691,5.0,1.0
LOAN_063,2024-05-03,416.6666666666667,130.17901091094691,5.0,1.0
LOAN_063,2024-06-02,416.6666666666667,130.17901091094691,5.0,1.0
LOAN_063,2024-07-02,416.6666666666667,130.17901091094691,5.0,1.0
LOAN_063,2024-08-01,416.6666666666667,130.17901091094691,5.0,1.0
LOAN_064,2021-10-21,833.3333333333334,83.86854709361481,5.0,1.0
LOAN_064,2021-11-20,833.3333333333334,83.86854709361481,5.0,1.0
LOAN_064,2021-12-20,833.3333333333334,83.86854709361481,5.0,1.0
LOAN_064,2022-01-19,833.3333333333334,83.86854709361481,5.0,1.0
LOAN_064,2022-02-18,833.3333333333334,83.86854709361481,5.0,1.0
LOAN_064,2022-03-20,833.3333333333334,83.86854709361481,5.0,1.0
LOAN_064,2022-04-19,833.3333333333334,83.86854709361481,5.0,1.0
LOAN_064,2022-05-19,833.3333333333334,83.86854709361481,5.0,1.0
LOAN_064,2022-06-18,833.3333333333334,83.86854709361481,5.0,1.0
LOAN_064,2022-07-18,833.3333333333334,83.86854709361481,5.0,1.0
LOAN_064,2022-08-17,833.3333333333334,83.86854709361481,5.0,1.0
LOAN_064,2022-09-16,833.3333333333334,83.86854709361481,5.0,1.0
LOAN_065,2021-06-06,208.33333333333334,37.35181992758992,5.0,1.0
LOAN_065,2021-07-06,208.33333333333334,37.35181992758992,5.0,1.0
LOAN_065,2021-08-05,208.33333333333334,37.35181992758992,5.0,1.0
LOAN_065,2021-09-04,208.33333333333334,37.35181992758992,5.0,1.0
LOAN_065,2021-10-04,208.33333333333334,37.35181992758992,5.0,1.0
LOAN_065,2021-11-03,208.33333333333334,37.35181992758992,5.0,1.0
LOAN_065,2021-12-03,208.33333333333334,37.35181992758992,5.0,1.0
LOAN_065,2022-01-02,208.33333333333334,37.35181992758992,5.0,1.0
LOAN_065,2022-02-01,208.33333333333334,37.35181992758992,5.0,1.0
LOAN_065,2022-03-03,208.33333333333334,37.35181992758992,5.0,1.0
LOAN_065,2022-04-02,208.33333333333334,37.35181992758992,5.0,1.0
LOAN_065,2022-05-02,208.33333333333334,37.35181992758992,5.0,1.0
LOAN_065,2022-06-01,208.33333333333334,37.35181992758992,5.0,1.0
LOAN_065,2022-07-01,208.33333333333334,37.35181992758992,5.0,1.0
LOAN_065,2022-07-31,208.33333333333334,37.35181992758992,5.0,1.0
LOAN_065,2022-08-30,208.33333333333334,37.35181992758992,5.0,1.0
LOAN_065,2022-09-29,208.33333333333334,37.35181992758992,5.0,1.0
LOAN_065,2022-10-29,208.33333333333334,37.35181992758992,5.0,1.0
LOAN_065,2022-11-28,208.33333333333334,37.35181992758992,5.0,1.0
LOAN_065,2022-12-28,208.33333333333334,37.35181992758992,5.0,1.0
LOAN_065,2023-01-27,208.33333333333334,37.35181992758992,5.0,1.0
LOAN_065,2023-02-26,208.33333333333334,37.35181992758992,5.0,1.0
LOAN_065,2023-03-28,208.33333333333334,37.35181992758992,5.0,1.0
LOAN_065,2023-04-27,208.33333333333334,37.35181992758992,5.0,1.0
LOAN_066,2022-09-28,416.6666666666667,61.60135732660414,5.0,1.0
LOAN_066,2022-10-28,416.6666666666667,61.60135732660414,5.0,1.0
LOAN_066,2022-11-27,416.6666666666667,61.60135732660414,5.0,1.0
LOAN_066,2022-12-27,416.6666666666667,61.60135732660414,5.0,1.0
LOAN_066,2023-01-26,416.6666666666667,61.60135732660414,5.0,1.0
LOAN_066,2023-02-25,416.6666666666667,61.60135732660414,5.0,1.0
LOAN_066,2023-03-27,416.6666666666667,61.60135732660414,5.0,1.0
LOAN_066,2023-04-26,416.6666666666667,61.60135732660414,5.0,1.0
LOAN_066,2023-05-26,416.6666666666667,61.60135732660414,5.0,1.0
LOAN_066,2023-06-25,416.6666666666667,61.60135732660414,5.0,1.0
LOAN_066,2023-07-25,416.6666666666667,61.60135732660414,5.0,1.0
LOAN_066,2023-08-24,416.6666666666667,61.60135732660414,5.0,1.0
LOAN_067,2022-06-14,833.3333333333334,125.07100516000338,5.0,1.0
LOAN_067,2022-07-14,833.3333333333334,125.07100516000338,5.0,1.0
LOAN_067,2022-08-13,833.3333333333334,125.07100516000338,5.0,1.0
LOAN_067,2022-09-12,833.3333333333334,125.07100516000338,5.0,1.0
LOAN_067,2022-10-12,833.3333333333334,125.07100516000338,5.0,1.0
LOAN_067,2022-11-11,833.3333333333334,125.07100516000338,5.0,1.0
LOAN_067,2022-12-11,833.3333333333334,125.07100516000338,5.0,1.0
LOAN_067,2023-01-10,833.3333333333334,125.07100516000338,5.0,1.0
LOAN_067,2023-02-09,833.3333333333334,125.07100516000338,5.0,1.0
LOAN_067,2023-03-11,833.3333333333334,125.07100516000338,5.0,1.0
LOAN_067,2023-04-10,833.3333333333334,125.07100516000338,5.0,1.0
LOAN_067,2023-05-10,833.3333333333334,125.07100516000338,5.0,1.0
LOAN_068,2022-11-20,416.6666666666667,41.220479457419465,5.0,1.0
LOAN_068,2022-12-20,416.6666666666667,41.220479457419465,5.0,1.0
LOAN_068,2023-01-19,416.6666666666667,41.220479457419465,5.0,1.0
LOAN_068,2023-02-18,416.6666666666667,41.220479457419465,5.0,1.0
LOAN_068,2023-03-20,416.6666666666667,41.220479457419465,5.0,1.0
LOAN_068,2023-04-19,416.6666666666667,41.220479457419465,5.0,1.0
LOAN_068,2023-05-19,416.6666666666667,41.220479457419465,5.0,1.0
LOAN_068,2023-06-18,416.6666666666667,41.220479457419465,5.0,1.0
LOAN_068,2023-07-18,416.6666666666667,41.220479457419465,5.0,1.0
LOAN_068,2023-08-17,416.6666666666667,41.220479457419465,5.0,1.0
LOAN_068,2023-09-16,416.6666666666667,41.220479457419465,5.0,1.0
LOAN_068,2023-10-16,416.6666666666667,41.220479457419465,5.0,1.0
LOAN_069,2021-06-04,625.0,133.16050169129568,5.0,1.0
LOAN_069,2021-07-04,625.0,133.16050169129568,5.0,1.0
LOAN_069,2021-08-03,625.0,133.16050169129568,5.0,1.0
LOAN_069,2021-09-02,625.0,133.16050169129568,5.0,1.0
LOAN_069,2021-10-02,625.0,133.16050169129568,5.0,1.0
LOAN_069,2021-11-01,625.0,133.16050169129568,5.0,1.0
LOAN_069,2021-12-01,625.0,133.16050169129568,5.0,1.0
LOAN_069,2021-12-31,625.0,133.16050169129568,5.0,1.0
LOAN_069,2022-01-30,625.0,133.16050169129568,5.0,1.0
LOAN_069,2022-03-01,625.0,133.16050169129568,5.0,1.0
LOAN_069,2022-03-31,625.0,133.16050169129568,5.0,1.0
LOAN_069,2022-04-30,625.0,133.16050169129568,5.0,1.0
LOAN_069,2022-05-30,625.0,133.16050169129568,5.0,1.0
LOAN_069,2022-06-29,625.0,133.16050169129568,5.0,1.0
LOAN_069,2022-07-29,625.0,133.16050169129568,5.0,1.0
LOAN_069,2022-08-28,625.0,133.16050169129568,5.0,1.0
LOAN_069,2022-09-27,625.0,133.16050169129568,5.0,1.0
LOAN_069,2022-10-27,625.0,133.16050169129568,5.0,1.0
LOAN_069,2022-11-26,625.0,133.16050169129568,5.0,1.0
LOAN_069,2022-12-26,625.0,133.16050169129568,5.0,1.0
LOAN_069,2023-01-25,625.0,133.16050169129568,5.0,1.0
LOAN_069,2023-02-24,625.0,133.16050169129568,5.0,1.0
LOAN_069,2023-03-26,625.0,133.16050169129568,5.0,1.0
LOAN_069,2023-04-25,625.0,133.16050169129568,5.0,1.0
LOAN_070,2022-06-18,416.6666666666667,69.82931149869324,5.0,1.0
LOAN_070,2022-07-18,416.6666666666667,69.82931149869324,5.0,1.0
LOAN_070,2022-08-17,416.6666666666667,69.82931149869324,5.0,1.0
LOAN_070,2022-09-16,416.6666666666667,69.82931149869324,5.0,1.0
LOAN_070,2022-10-16,416.6666666666667,69.82931149869324,5.0,1.0
LOAN_070,2022-11-15,416.6666666666667,69.82931149869324,5.0,1.0
LOAN_070,2022-12-15,416.6666666666667,69.82931149869324,5.0,1.0
LOAN_070,2023-01-14,416.6666666666667,69.82931149869324,5.0,1.0
LOAN_070,2023-02-13,416.6666666666667,69.82931149869324,5.0,1.0
LOAN_070,2023-03-15,416.6666666666667,69.82931149869324,5.0,1.0
LOAN_070,2023-04-14,416.6666666666667,69.82931149869324,5.0,1.0
LOAN_070,2023-05-14,416.6666666666667,69.82931149869324,5.0,1.0
LOAN_071,2021-10-06,1250.0,117.58999823217984,5.0,1.0
LOAN_071,2021-11-05,1250.0,117.58999823217984,5.0,1.0
LOAN_071,2021-12-05,1250.0,117.58999823217984,5.0,1.0
LOAN_071,2022-01-04,1250.0,117.58999823217984,5.0,1.0
LOAN_071,2022-02-03,1250.0,117.58999823217984,5.0,1.0
LOAN_071,2022-03-05,1250.0,117.58999823217984,5.0,1.0
LOAN_071,2022-04-04,1250.0,117.58999823217984,5.0,1.0
LOAN_071,2022-05-04,1250.0,117.58999823217984,5.0,1.0
LOAN_071,2022-06-03,1250.0,117.58999823217984,5.0,1.0
LOAN_071,2022-07-03,1250.0,117.58999823217984,5.0,1.0
LOAN_071,2022-08-02,1250.0,117.58999823217984,5.0,1.0
LOAN_071,2022-09-01,1250.0,117.58999823217984,5.0,1.0
LOAN_072,2021-04-07,833.3333333333334,203.7009134573419,5.0,1.0
LOAN_072,2021-05-07,833.3333333333334,203.7009134573419,5.0,1.0
LOAN_072,2021-06-06,833.3333333333334,203.7009134573419,5.0,1.0
LOAN_072,2021-07-06,833.3333333333334,203.7009134573419,5.0,1.0
LOAN_072,2021-08-05,833.3333333333334,203.7009134573419,5.0,1.0
LOAN_072,2021-09-04,833.3333333333334,203.7009134573419,5.0,1.0
LOAN_072,2021-10-04,833.3333333333334,203.7009134573419,5.0,1.0
LOAN_072,2021-11-03,833.3333333333334,203.7009134573419,5.0,1.0
LOAN_072,2021-12-03,833.3333333333334,203.7009134573419,5.0,1.0
LOAN_072,2022-01-02,833.3333333333334,203.7009134573419,5.0,1.0
LOAN_072,2022-02-01,833.3333333333334,203.7009134573419,5.0,1.0
LOAN_072,2022-03-03,833.3333333333334,203.7009134573419,5.0,1.0
LOAN_072,2022-04-02,833.3333333333334,203.7009134573419,5.0,1.0
LOAN_072,2022-05-02,833.3333333333334,203.7009134573419,5.0,1.0
LOAN_072,2022-06-01,833.3333333333334,203.7009134573419,5.0,1.0
LOAN_072,2022-07-01,833.3333333333334,203.7009134573419,5.0,1.0
LOAN_072,2022-07-31,833.3333333333334,203.7009134573419,5.0,1.0
LOAN_072,2022-08-30,833.3333333333334,203.7009134573419,5.0,1.0
LOAN_072,2022-09-29,833.3333333333334,203.7009134573419,5.0,1.0
LOAN_072,2022-10-29,833.3333333333334,203.7009134573419,5.0,1.0
LOAN_072,2022-11-28,833.3333333333334,203.7009134573419,5.0,1.0
LOAN_072,2022-12-28,833.3333333333334,203.7009134573419,5.0,1.0
LOAN_072,2023-01-27,833.3333333333334,203.7009134573419,5.0,1.0
LOAN_072,2023-02-26,833.3333333333334,203.7009134573419,5.0,1.0
LOAN_073,2022-05-12,833.3333333333334,110.48870399026593,5.0,1.0
LOAN_073,2022-06-11,833.3333333333334,110.48870399026593,5.0,1.0
LOAN_073,2022-07-11,833.3333333333334,110.48870399026593,5.0,1.0
LOAN_073,2022-08-10,833.3333333333334,110.48870399026593,5.0,1.0
LOAN_073,2022-09-09,833.3333333333334,110.48870399026593,5.0,1.0
LOAN_073,2022-10-09,833.3333333333334,110.48870399026593,5.0,1.0
LOAN_073,2022-11-08,833.3333333333334,110.48870399026593,5.0,1.0
LOAN_073,2022-12-08,833.3333333333334,110.48870399026593,5.0,1.0
LOAN_073,2023-01-07,833.3333333333334,110.48870399026593,5.0,1.0
LOAN_073,2023-02-06,833.3333333333334,110.48870399026593,5.0,1.0
LOAN_073,2023-03-08,833.3333333333334,110.48870399026593,5.0,1.0
LOAN_073,2023-04-07,833.3333333333334,110.48870399026593,5.0,1.0
LOAN_074,2021-09-04,1250.0,196.90114774820177,5.0,1.0
LOAN_074,2021-10-04,1250.0,196.90114774820177,5.0,1.0
LOAN_074,2021-11-03,1250.0,196.90114774820177,5.0,1.0
LOAN_074,2021-12-03,1250.0,196.90114774820177,5.0,1.0
LOAN_074,2022-01-02,1250.0,196.90114774820177,5.0,1.0
LOAN_074,2022-02-01,1250.0,196.90114774820177,5.0,1.0
LOAN_074,2022-03-03,1250.0,196.90114774820177,5.0,1.0
LOAN_074,2022-04-02,1250.0,196.90114774820177,5.0,1.0
LOAN_074,2022-05-02,1250.0,196.90114774820177,5.0,1.0
LOAN_074,2022-06-01,1250.0,196.90114774820177,5.0,1.0
LOAN_074,2022-07-01,1250.0,196.90114774820177,5.0,1.0
LOAN_074,2022-07-31,1250.0,196.90114774820177,5.0,1.0
LOAN_075,2021-10-18,1666.6666666666667,299.26691687068865,5.0,1.0
LOAN_075,2021-11-17,1666.6666666666667,299.26691687068865,5.0,1.0
LOAN_075,2021-12-17,1666.6666666666667,299.26691687068865,5.0,1.0
LOAN_075,2022-01-16,1666.6666666666667,299.26691687068865,5.0,1.0
LOAN_075,2022-02-15,1666.6666666666667,299.26691687068865,5.0,1.0
LOAN_075,2022-03-17,1666.6666666666667,299.26691687068865,5.0,1.0
LOAN_075,2022-04-16,1666.6666666666667,299.26691687068865,5.0,1.0
LOAN_075,2022-05-16,1666.6666666666667,299.26691687068865,5.0,1.0
LOAN_075,2022-06-15,1666.6666666666667,299.26691687068865,5.0,1.0
LOAN_075,2022-07-15,1666.6666666666667,299.26691687068865,5.0,1.0
LOAN_075,2022-08-14,1666.6666666666667,299.26691687068865,5.0,1.0
LOAN_075,2022-09-13,1666.6666666666667,299.26691687068865,5.0,1.0
LOAN_076,2022-01-22,1666.6666666666667,233.5595986230883,5.0,1.0
LOAN_076,2022-02-21,1666.6666666666667,233.5595986230883,5.0,1.0
LOAN_076,2022-03-23,1666.6666666666667,233.5595986230883,5.0,1.0
LOAN_076,2022-04-22,1666.6666666666667,233.5595986230883,5.0,1.0
LOAN_076,2022-05-22,1666.6666666666667,233.5595986230883,5.0,1.0
LOAN_076,2022-06-21,1666.6666666666667,233.5595986230883,5.0,1.0
LOAN_076,2022-07-21,1666.6666666666667,233.5595986230883,5.0,1.0
LOAN_076,2022-08-20,1666.6666666666667,233.5595986230883,5.0,1.0
LOAN_076,2022-09-19,1666.6666666666667,233.5595986230883,5.0,1.0
LOAN_076,2022-10-19,1666.6666666666667,233.5595986230883,5.0,1.0
LOAN_076,2022-11-18,1666.6666666666667,233.5595986230883,5.0,1.0
LOAN_076,2022-12-18,1666.6666666666667,233.5595986230883,5.0,1.0
LOAN_077,2022-11-01,416.6666666666667,39.036429096719,5.0,1.0
LOAN_077,2022-12-01,416.6666666666667,39.036429096719,5.0,1.0
LOAN_077,2022-12-31,416.6666666666667,39.036429096719,5.0,1.0
LOAN_077,2023-01-30,416.6666666666667,39.036429096719,5.0,1.0
LOAN_077,2023-03-01,416.6666666666667,39.036429096719,5.0,1.0
LOAN_077,2023-03-31,416.6666666666667,39.036429096719,5.0,1.0
LOAN_077,2023-04-30,416.6666666666667,39.036429096719,5.0,1.0
LOAN_077,2023-05-30,416.6666666666667,39.036429096719,5.0,1.0
LOAN_077,2023-06-29,416.6666666666667,39.036429096719,5.0,1.0
LOAN_077,2023-07-29,416.6666666666667,39.036429096719,5.0,1.0
LOAN_077,2023-08-28,416.6666666666667,39.036429096719,5.0,1.0
LOAN_077,2023-09-27,416.6666666666667,39.036429096719,5.0,1.0
LOAN_078,2022-09-16,833.3333333333334,81.82469698198305,5.0,1.0
LOAN_078,2022-10-16,833.3333333333334,81.82469698198305,5.0,1.0
LOAN_078,2022-11-15,833.3333333333334,81.82469698198305,5.0,1.0
LOAN_078,2022-12-15,833.3333333333334,81.82469698198305,5.0,1.0
LOAN_078,2023-01-14,833.3333333333334,81.82469698198305,5.0,1.0
LOAN_078,2023-02-13,833.3333333333334,81.82469698198305,5.0,1.0
LOAN_078,2023-03-15,833.3333333333334,81.82469698198305,5.0,1.0
LOAN_078,2023-04-14,833.3333333333334,81.82469698198305,5.0,1.0
LOAN_078,2023-05-14,833.3333333333334,81.82469698198305,5.0,1.0
LOAN_078,2023-06-13,833.3333333333334,81.82469698198305,5.0,1.0
LOAN_078,2023-07-13,833.3333333333334,81.82469698198305,5.0,1.0
LOAN_078,2023-08-12,833.3333333333334,81.82469698198305,5.0,1.0
LOAN_079,2022-03-03,833.3333333333334,288.35385663936347,5.0,1.0
LOAN_079,2022-04-02,833.3333333333334,288.35385663936347,5.0,1.0
LOAN_079,2022-05-02,833.3333333333334,288.35385663936347,5.0,1.0
LOAN_079,2022-06-01,833.3333333333334,288.35385663936347,5.0,1.0
LOAN_079,2022-07-01,833.3333333333334,288.35385663936347,5.0,1.0
LOAN_079,2022-07-31,833.3333333333334,288.35385663936347,5.0,1.0
LOAN_079,2022-08-30,833.3333333333334,288.35385663936347,5.0,1.0
LOAN_079,2022-09-29,833.3333333333334,288.35385663936347,5.0,1.0
LOAN_079,2022-10-29,833.3333333333334,288.35385663936347,5.0,1.0
LOAN_079,2022-11-28,833.3333333333334,288.35385663936347,5.0,1.0
LOAN_079,2022-12-28,833.3333333333334,288.35385663936347,5.0,1.0
LOAN_079,2023-01-27,833.3333333333334,288.35385663936347,5.0,1.0
LOAN_079,2023-02-26,833.3333333333334,288.35385663936347,5.0,1.0
LOAN_079,2023-03-28,833.3333333333334,288.35385663936347,5.0,1.0
LOAN_079,2023-04-27,833.3333333333334,288.35385663936347,5.0,1.0
LOAN_079,2023-05-27,833.3333333333334,288.35385663936347,5.0,1.0
LOAN_079,2023-06-26,833.3333333333334,288.35385663936347,5.0,1.0
LOAN_079,2023-07-26,833.3333333333334,288.35385663936347,5.0,1.0
LOAN_079,2023-08-25,833.3333333333334,288.35385663936347,5.0,1.0
LOAN_079,2023-09-24,833.3333333333334,288.35385663936347,5.0,1.0
LOAN_079,2023-10-24,833.3333333333334,288.35385663936347,5.0,1.0
LOAN_079,2023-11-23,833.3333333333334,288.35385663936347,5.0,1.0
LOAN_079,2023-12-23,833.3333333333334,288.35385663936347,5.0,1.0
LOAN_079,2024-01-22,833.3333333333334,288.35385663936347,5.0,1.0
LOAN_080,2021-06-11,416.6666666666667,125.20292713925984,5.0,1.0
LOAN_080,2021-07-11,416.6666666666667,125.20292713925984,5.0,1.0
LOAN_080,2021-08-10,416.6666666666667,125.20292713925984,5.0,1.0
LOAN_080,2021-09-09,416.6666666666667,125.20292713925984,5.0,1.0
LOAN_080,2021-10-09,416.6666666666667,125.20292713925984,5.0,1.0
LOAN_080,2021-11-08,416.6666666666667,125.20292713925984,5.0,1.0
LOAN_080,2021-12-08,416.6666666666667,125.20292713925984,5.0,1.0
LOAN_080,2022-01-07,416.6666666666667,125.20292713925984,5.0,1.0
LOAN_080,2022-02-06,416.6666666666667,125.20292713925984,5.0,1.0
LOAN_080,2022-03-08,416.6666666666667,125.20292713925984,5.0,1.0
LOAN_080,2022-04-07,416.6666666666667,125.20292713925984,5.0,1.0
LOAN_080,2022-05-07,416.6666666666667,125.20292713925984,5.0,1.0
LOAN_080,2022-06-06,416.6666666666667,125.20292713925984,5.0,1.0
LOAN_080,2022-07-06,416.6666666666667,125.20292713925984,5.0,1.0
LOAN_080,2022-08-05,416.6666666666667,125.20292713925984,5.0,1.0
LOAN_080,2022-09-04,416.6666666666667,125.20292713925984,5.0,1.0
LOAN_080,2022-10-04,416.6666666666667,125.20292713925984,5.0,1.0
LOAN_080,2022-11-03,416.6666666666667,125.20292713925984,5.0,1.0
LOAN_080,2022-12-03,416.6666666666667,125.20292713925984,5.0,1.0
LOAN_080,2023-01-02,416.6666666666667,125.20292713925984,5.0,1.0
LOAN_080,2023-02-01,416.6666666666667,125.20292713925984,5.0,1.0
LOAN_080,2023-03-03,416.6666666666667,125.20292713925984,5.0,1.0
LOAN_080,2023-04-02,416.6666666666667,125.20292713925984,5.0,1.0
LOAN_080,2023-05-02,416.6666666666667,125.20292713925984,5.0,1.0
LOAN_081,2022-03-02,208.33333333333334,64.09910855977084,5.0,1.0
LOAN_081,2022-04-01,208.33333333333334,64.09910855977084,5.0,1.0
LOAN_081,2022-05-01,208.33333333333334,64.09910855977084,5.0,1.0
LOAN_081,2022-05-31,208.33333333333334,64.09910855977084,5.0,1.0
LOAN_081,2022-06-30,208.33333333333334,64.09910855977084,5.0,1.0
LOAN_081,2022-07-30,208.33333333333334,64.09910855977084,5.0,1.0
LOAN_081,2022-08-29,208.33333333333334,64.09910855977084,5.0,1.0
LOAN_081,2022-09-28,208.33333333333334,64.09910855977084,5.0,1.0
LOAN_081,2022-10-28,208.33333333333334,64.09910855977084,5.0,1.0
LOAN_081,2022-11-27,208.33333333333334,64.09910855977084,5.0,1.0
LOAN_081,2022-12-27,208.33333333333334,64.09910855977084,5.0,1.0
LOAN_081,2023-01-26,208.33333333333334,64.09910855977084,5.0,1.0
LOAN_081,2023-02-25,208.33333333333334,64.09910855977084,5.0,1.0
LOAN_081,2023-03-27,208.33333333333334,64.09910855977084,5.0,1.0
LOAN_081,2023-04-26,208.33333333333334,64.09910855977084,5.0,1.0
LOAN_081,2023-05-26,208.33333333333334,64.09910855977084,5.0,1.0
LOAN_081,2023-06-25,208.33333333333334,64.09910855977084,5.0,1.0
LOAN_081,2023-07-25,208.33333333333334,64.09910855977084,5.0,1.0
LOAN_081,2023-08-24,208.33333333333334,64.09910855977084,5.0,1.0
LOAN_081,2023-09-23,208.33333333333334,64.09910855977084,5.0,1.0
LOAN_081,2023-10-23,208.33333333333334,64.09910855977084,5.0,1.0
LOAN_081,2023-11-22,208.33333333333334,64.09910855977084,5.0,1.0
LOAN_081,2023-12-22,208.33333333333334,64.09910855977084,5.0,1.0
LOAN_081,2024-01-21,208.33333333333334,64.09910855977084,5.0,1.0
LOAN_082,2022-06-02,833.3333333333334,145.98171227248395,5.0,1.0
LOAN_082,2022-07-02,833.3333333333334,145.98171227248395,5.0,1.0
LOAN_082,2022-08-01,833.3333333333334,145.98171227248395,5.0,1.0
LOAN_082,2022-08-31,833.3333333333334,145.98171227248395,5.0,1.0
LOAN_082,2022-09-30,833.3333333333334,145.98171227248395,5.0,1.0
LOAN_082,2022-10-30,833.3333333333334,145.98171227248395,5.0,1.0
LOAN_082,2022-11-29,833.3333333333334,145.98171227248395,5.0,1.0
LOAN_082,2022-12-29,833.3333333333334,145.98171227248395,5.0,1.0
LOAN_082,2023-01-28,833.3333333333334,145.98171227248395,5.0,1.0
LOAN_082,2023-02-27,833.3333333333334,145.98171227248395,5.0,1.0
LOAN_082,2023-03-29,833.3333333333334,145.98171227248395,5.0,1.0
LOAN_082,2023-04-28,833.3333333333334,145.98171227248395,5.0,1.0
LOAN_083,2021-06-20,833.3333333333334,131.88222239665728,5.0,1.0
LOAN_083,2021-07-20,833.3333333333334,131.88222239665728,5.0,1.0
LOAN_083,2021-08-19,833.3333333333334,131.88222239665728,5.0,1.0
LOAN_083,2021-09-18,833.3333333333334,131.88222239665728,5.0,1.0
LOAN_083,2021-10-18,833.3333333333334,131.88222239665728,5.0,1.0
LOAN_083,2021-11-17,833.3333333333334,131.88222239665728,5.0,1.0
LOAN_083,2021-12-17,833.3333333333334,131.88222239665728,5.0,1.0
LOAN_083,2022-01-16,833.3333333333334,131.88222239665728,5.0,1.0
LOAN_083,2022-02-15,833.3333333333334,131.88222239665728,5.0,1.0
LOAN_083,2022-03-17,833.3333333333334,131.88222239665728,5.0,1.0
LOAN_083,2022-04-16,833.3333333333334,131.88222239665728,5.0,1.0
LOAN_083,2022-05-16,833.3333333333334,131.88222239665728,5.0,1.0
LOAN_084,2022-10-13,625.0,194.19076814023092,5.0,1.0
LOAN_084,2022-11-12,625.0,194.19076814023092,5.0,1.0
LOAN_084,2022-12-12,625.0,194.19076814023092,5.0,1.0
LOAN_084,2023-01-11,625.0,194.19076814023092,5.0,1.0
LOAN_084,2023-02-10,625.0,194.19076814023092,5.0,1.0
LOAN_084,2023-03-12,625.0,194.19076814023092,5.0,1.0
LOAN_084,2023-04-11,625.0,194.19076814023092,5.0,1.0
LOAN_084,2023-05-11,625.0,194.19076814023092,5.0,1.0
LOAN_084,2023-06-10,625.0,194.19076814023092,5.0,1.0
LOAN_084,2023-07-10,625.0,194.19076814023092,5.0,1.0
LOAN_084,2023-08-09,625.0,194.19076814023092,5.0,1.0
LOAN_084,2023-09-08,625.0,194.19076814023092,5.0,1.0
LOAN_084,2023-10-08,625.0,194.19076814023092,5.0,1.0
LOAN_084,2023-11-07,625.0,194.19076814023092,5.0,1.0
LOAN_084,2023-12-07,625.0,194.19076814023092,5.0,1.0
LOAN_084,2024-01-06,625.0,194.19076814023092,5.0,1.0
LOAN_084,2024-02-05,625.0,194.19076814023092,5.0,1.0
LOAN_084,2024-03-06,625.0,194.19076814023092,5.0,1.0
LOAN_084,2024-04-05,625.0,194.19076814023092,5.0,1.0
LOAN_084,2024-05-05,625.0,194.19076814023092,5.0,1.0
LOAN_084,2024-06-04,625.0,194.19076814023092,5.0,1.0
LOAN_084,2024-07-04,625.0,194.19076814023092,5.0,1.0
LOAN_084,2024-08-03,625.0,194.19076814023092,5.0,1.0
LOAN_084,2024-09-02,625.0,194.19076814023092,5.0,1.0
LOAN_085,2022-12-28,208.33333333333334,56.42088881161923,5.0,1.0
LOAN_085,2023-01-27,208.33333333333334,56.42088881161923,5.0,1.0
LOAN_085,2023-02-26,208.33333333333334,56.42088881161923,5.0,1.0
LOAN_085,2023-03-28,208.33333333333334,56.42088881161923,5.0,1.0
LOAN_085,2023-04-27,208.33333333333334,56.42088881161923,5.0,1.0
LOAN_085,2023-05-27,208.33333333333334,56.42088881161923,5.0,1.0
LOAN_085,2023-06-26,208.33333333333334,56.42088881161923,5.0,1.0
LOAN_085,2023-07-26,208.33333333333334,56.42088881161923,5.0,1.0
LOAN_085,2023-08-25,208.33333333333334,56.42088881161923,5.0,1.0
LOAN_085,2023-09-24,208.33333333333334,56.42088881161923,5.0,1.0
LOAN_085,2023-10-24,208.33333333333334,56.42088881161923,5.0,1.0
LOAN_085,2023-11-23,208.33333333333334,56.42088881161923,5.0,1.0
LOAN_085,2023-12-23,208.33333333333334,56.42088881161923,5.0,1.0
LOAN_085,2024-01-22,208.33333333333334,56.42088881161923,5.0,1.0
LOAN_085,2024-02-21,208.33333333333334,56.42088881161923,5.0,1.0
LOAN_085,2024-03-22,208.33333333333334,56.42088881161923,5.0,1.0
LOAN_085,2024-04-21,208.33333333333334,56.42088881161923,5.0,1.0
LOAN_085,2024-05-21,208.33333333333334,56.42088881161923,5.0,1.0
LOAN_085,2024-06-20,208.33333333333334,56.42088881161923,5.0,1.0
LOAN_085,2024-07-20,208.33333333333334,56.42088881161923,5.0,1.0
LOAN_085,2024-08-19,208.33333333333334,56.42088881161923,5.0,1.0
LOAN_085,2024-09-18,208.33333333333334,56.42088881161923,5.0,1.0
LOAN_085,2024-10-18,208.33333333333334,56.42088881161923,5.0,1.0
LOAN_085,2024-11-17,208.33333333333334,56.42088881161923,5.0,1.0
LOAN_086,2021-03-10,625.0,205.8888570412125,5.0,1.0
LOAN_086,2021-04-09,625.0,205.8888570412125,5.0,1.0
LOAN_086,2021-05-09,625.0,205.8888570412125,5.0,1.0
LOAN_086,2021-06-08,625.0,205.8888570412125,5.0,1.0
LOAN_086,2021-07-08,625.0,205.8888570412125,5.0,1.0
LOAN_086,2021-08-07,625.0,205.8888570412125,5.0,1.0
LOAN_086,2021-09-06,625.0,205.8888570412125,5.0,1.0
LOAN_086,2021-10-06,625.0,205.8888570412125,5.0,1.0
LOAN_086,2021-11-05,625.0,205.8888570412125,5.0,1.0
LOAN_086,2021-12-05,625.0,205.8888570412125,5.0,1.0
LOAN_086,2022-01-04,625.0,205.8888570412125,5.0,1.0
LOAN_086,2022-02-03,625.0,205.8888570412125,5.0,1.0
LOAN_086,2022-03-05,625.0,205.8888570412125,5.0,1.0
LOAN_086,2022-04-04,625.0,205.8888570412125,5.0,1.0
LOAN_086,2022-05-04,625.0,205.8888570412125,5.0,1.0
LOAN_086,2022-06-03,625.0,205.8888570412125,5.0,1.0
LOAN_086,2022-07-03,625.0,205.8888570412125,5.0,1.0
LOAN_086,2022-08-02,625.0,205.8888570412125,5.0,1.0
LOAN_086,2022-09-01,625.0,205.8888570412125,5.0,1.0
LOAN_086,2022-10-01,625.0,205.8888570412125,5.0,1.0
LOAN_086,2022-10-31,625.0,205.8888570412125,5.0,1.0
LOAN_086,2022-11-30,625.0,205.8888570412125,5.0,1.0
LOAN_086,2022-12-30,625.0,205.8888570412125,5.0,1.0
LOAN_086,2023-01-29,625.0,205.8888570412125,5.0,1.0
LOAN_087,2021-07-24,208.33333333333334,61.42685903939485,5.0,1.0
LOAN_087,2021-08-23,208.33333333333334,61.42685903939485,5.0,1.0
LOAN_087,2021-09-22,208.33333333333334,61.42685903939485,5.0,1.0
LOAN_087,2021-10-22,208.33333333333334,61.42685903939485,5.0,1.0
LOAN_087,2021-11-21,208.33333333333334,61.42685903939485,5.0,1.0
LOAN_087,2021-12-21,208.33333333333334,61.42685903939485,5.0,1.0
LOAN_087,2022-01-20,208.33333333333334,61.42685903939485,5.0,1.0
LOAN_087,2022-02-19,208.33333333333334,61.42685903939485,5.0,1.0
LOAN_087,2022-03-21,208.33333333333334,61.42685903939485,5.0,1.0
LOAN_087,2022-04-20,208.33333333333334,61.42685903939485,5.0,1.0
LOAN_087,2022-05-20,208.33333333333334,61.42685903939485,5.0,1.0
LOAN_087,2022-06-19,208.33333333333334,61.42685903939485,5.0,1.0
LOAN_087,2022-07-19,208.33333333333334,61.42685903939485,5.0,1.0
LOAN_087,2022-08-18,208.33333333333334,61.42685903939485,5.0,1.0
LOAN_087,2022-09-17,208.33333333333334,61.42685903939485,5.0,1.0
LOAN_087,2022-10-17,208.33333333333334,61.42685903939485,5.0,1.0
LOAN_087,2022-11-16,208.33333333333334,61.42685903939485,5.0,1.0
LOAN_087,2022-12-16,208.33333333333334,61.42685903939485,5.0,1.0
LOAN_087,2023-01-15,208.33333333333334,61.42685903939485,5.0,1.0
LOAN_087,2023-02-14,208.33333333333334,61.42685903939485,5.0,1.0
LOAN_087,2023-03-16,208.33333333333334,61.42685903939485,5.0,1.0
LOAN_087,2023-04-15,208.33333333333334,61.42685903939485,5.0,1.0
LOAN_087,2023-05-15,208.33333333333334,61.42685903939485,5.0,1.0
LOAN_087,2023-06-14,208.33333333333334,61.42685903939485,5.0,1.0
LOAN_088,2022-08-21,208.33333333333334,53.39865414871548,5.0,1.0
LOAN_088,2022-09-20,208.33333333333334,53.39865414871548,5.0,1.0
LOAN_088,2022-10-20,208.33333333333334,53.39865414871548,5.0,1.0
LOAN_088,2022-11-19,208.33333333333334,53.39865414871548,5.0,1.0
LOAN_088,2022-12-19,208.33333333333334,53.39865414871548,5.0,1.0
LOAN_088,2023-01-18,208.33333333333334,53.39865414871548,5.0,1.0
LOAN_088,2023-02-17,208.33333333333334,53.39865414871548,5.0,1.0
LOAN_088,2023-03-19,208.33333333333334,53.39865414871548,5.0,1.0
LOAN_088,2023-04-18,208.33333333333334,53.39865414871548,5.0,1.0
LOAN_088,2023-05-18,208.33333333333334,53.39865414871548,5.0,1.0
LOAN_088,2023-06-17,208.33333333333334,53.39865414871548,5.0,1.0
LOAN_088,2023-07-17,208.33333333333334,53.39865414871548,5.0,1.0
LOAN_088,2023-08-16,208.33333333333334,53.39865414871548,5.0,1.0
LOAN_088,2023-09-15,208.33333333333334,53.39865414871548,5.0,1.0
LOAN_088,2023-10-15,208.33333333333334,53.39865414871548,5.0,1.0
LOAN_088,2023-11-14,208.33333333333334,53.39865414871548,5.0,1.0
LOAN_088,2023-12-14,208.33333333333334,53.39865414871548,5.0,1.0
LOAN_088,2024-01-13,208.33333333333334,53.39865414871548,5.0,1.0
LOAN_088,2024-02-12,208.33333333333334,53.39865414871548,5.0,1.0
LOAN_088,2024-03-13,208.33333333333334,53.39865414871548,5.0,1.0
LOAN_088,2024-04-12,208.33333333333334,53.39865414871548,5.0,1.0
LOAN_088,2024-05-12,208.33333333333334,53.39865414871548,5.0,1.0
LOAN_088,2024-06-11,208.33333333333334,53.39865414871548,5.0,1.0
LOAN_088,2024-07-11,208.33333333333334,53.39865414871548,5.0,1.0
LOAN_089,2022-10-01,434.7826086956522,119.79481337328706,5.0,1.0
LOAN_089,2022-10-31,434.7826086956522,119.79481337328706,5.0,1.0
LOAN_089,2022-11-30,434.7826086956522,119.79481337328706,5.0,1.0
LOAN_089,2022-12-30,434.7826086956522,119.79481337328706,5.0,1.0
LOAN_089,2023-01-29,434.7826086956522,119.79481337328706,5.0,1.0
LOAN_089,2023-02-28,434.7826086956522,119.79481337328706,5.0,1.0
LOAN_089,2023-03-30,434.7826086956522,119.79481337328706,5.0,1.0
LOAN_089,2023-04-29,434.7826086956522,119.79481337328706,5.0,1.0
LOAN_089,2023-05-29,434.7826086956522,119.79481337328706,5.0,1.0
LOAN_089,2023-06-28,434.7826086956522,119.79481337328706,5.0,1.0
LOAN_089,2023-07-28,434.7826086956522,119.79481337328706,5.0,1.0
LOAN_089,2023-08-27,434.7826086956522,119.79481337328706,5.0,1.0
LOAN_089,2023-09-26,434.7826086956522,119.79481337328706,5.0,1.0
LOAN_089,2023-10-26,434.7826086956522,119.79481337328706,5.0,1.0
LOAN_089,2023-11-25,434.7826086956522,119.79481337328706,5.0,1.0
LOAN_089,2023-12-25,434.7826086956522,119.79481337328706,5.0,1.0
LOAN_089,2024-01-24,434.7826086956522,119.79481337328706,5.0,1.0
LOAN_089,2024-02-23,434.7826086956522,119.79481337328706,5.0,1.0
LOAN_089,2024-03-24,434.7826086956522,119.79481337328706,5.0,1.0
LOAN_089,2024-04-23,434.7826086956522,119.79481337328706,5.0,1.0
LOAN_089,2024-05-23,434.7826086956522,119.79481337328706,5.0,1.0
LOAN_089,2024-06-22,434.7826086956522,119.79481337328706,5.0,1.0
LOAN_089,2024-07-22,434.7826086956522,119.79481337328706,5.0,1.0
LOAN_090,2021-02-07,625.0,104.43227967594821,5.0,1.0
LOAN_090,2021-03-09,625.0,104.43227967594821,5.0,1.0
LOAN_090,2021-04-08,625.0,104.43227967594821,5.0,1.0
LOAN_090,2021-05-08,625.0,104.43227967594821,5.0,1.0
LOAN_090,2021-06-07,625.0,104.43227967594821,5.0,1.0
LOAN_090,2021-07-07,625.0,104.43227967594821,5.0,1.0
LOAN_090,2021-08-06,625.0,104.43227967594821,5.0,1.0
LOAN_090,2021-09-05,625.0,104.43227967594821,5.0,1.0
LOAN_090,2021-10-05,625.0,104.43227967594821,5.0,1.0
LOAN_090,2021-11-04,625.0,104.43227967594821,5.0,1.0
LOAN_090,2021-12-04,625.0,104.43227967594821,5.0,1.0
LOAN_090,2022-01-03,625.0,104.43227967594821,5.0,1.0
LOAN_090,2022-02-02,625.0,104.43227967594821,5.0,1.0
LOAN_090,2022-03-04,625.0,104.43227967594821,5.0,1.0
LOAN_090,2022-04-03,625.0,104.43227967594821,5.0,1.0
LOAN_090,2022-05-03,625.0,104.43227967594821,5.0,1.0
LOAN_090,2022-06-02,625.0,104.43227967594821,5.0,1.0
LOAN_090,2022-07-02,625.0,104.43227967594821,5.0,1.0
LOAN_090,2022-08-01,625.0,104.43227967594821,5.0,1.0
LOAN_090,2022-08-31,625.0,104.43227967594821,5.0,1.0
LOAN_090,2022-09-30,625.0,104.43227967594821,5.0,1.0
LOAN_090,2022-10-30,625.0,104.43227967594821,5.0,1.0
LOAN_090,2022-11-29,625.0,104.43227967594821,5.0,1.0
LOAN_090,2022-12-29,625.0,104.43227967594821,5.0,1.0
LOAN_091,2021-12-05,625.0,176.90857761388347,5.0,1.0
LOAN_091,2022-01-04,625.0,176.90857761388347,5.0,1.0
LOAN_091,2022-02-03,625.0,176.90857761388347,5.0,1.0
LOAN_091,2022-03-05,625.0,176.90857761388347,5.0,1.0
LOAN_091,2022-04-04,625.0,176.90857761388347,5.0,1.0
LOAN_091,2022-05-04,625.0,176.90857761388347,5.0,1.0
LOAN_091,2022-06-03,625.0,176.90857761388347,5.0,1.0
LOAN_091,2022-07-03,625.0,176.90857761388347,5.0,1.0
LOAN_091,2022-08-02,625.0,176.90857761388347,5.0,1.0
LOAN_091,2022-09-01,625.0,176.90857761388347,5.0,1.0
LOAN_091,2022-10-01,625.0,176.90857761388347,5.0,1.0
LOAN_091,2022-10-31,625.0,176.90857761388347,5.0,1.0
LOAN_091,2022-11-30,625.0,176.90857761388347,5.0,1.0
LOAN_091,2022-12-30,625.0,176.90857761388347,5.0,1.0
LOAN_091,2023-01-29,625.0,176.90857761388347,5.0,1.0
LOAN_091,2023-02-28,625.0,176.90857761388347,5.0,1.0
LOAN_091,2023-03-30,625.0,176.90857761388347,5.0,1.0
LOAN_091,2023-04-29,625.0,176.90857761388347,5.0,1.0
LOAN_091,2023-05-29,625.0,176.90857761388347,5.0,1.0
LOAN_091,2023-06-28,625.0,176.90857761388347,5.0,1.0
LOAN_091,2023-07-28,625.0,176.90857761388347,5.0,1.0
LOAN_091,2023-08-27,625.0,176.90857761388347,5.0,1.0
LOAN_091,2023-09-26,625.0,176.90857761388347,5.0,1.0
LOAN_091,2023-10-26,625.0,176.90857761388347,5.0,1.0
LOAN_092,2021-08-10,1666.6666666666667,167.60705970779213,5.0,1.0
LOAN_092,2021-09-09,1666.6666666666667,167.60705970779213,5.0,1.0
LOAN_092,2021-10-09,1666.6666666666667,167.60705970779213,5.0,1.0
LOAN_092,2021-11-08,1666.6666666666667,167.60705970779213,5.0,1.0
LOAN_092,2021-12-08,1666.6666666666667,167.60705970779213,5.0,1.0
LOAN_092,2022-01-07,1666.6666666666667,167.60705970779213,5.0,1.0
LOAN_092,2022-02-06,1666.6666666666667,167.60705970779213,5.0,1.0
LOAN_092,2022-03-08,1666.6666666666667,167.60705970779213,5.0,1.0
LOAN_092,2022-04-07,1666.6666666666667,167.60705970779213,5.0,1.0
LOAN_092,2022-05-07,1666.6666666666667,167.60705970779213,5.0,1.0
LOAN_092,2022-06-06,1666.6666666666667,167.60705970779213,5.0,1.0
LOAN_092,2022-07-06,1666.6666666666667,167.60705970779213,5.0,1.0
LOAN_093,2022-10-01,869.5652173913044,135.71335132020124,5.0,1.0
LOAN_093,2022-10-31,869.5652173913044,135.71335132020124,5.0,1.0
LOAN_093,2022-11-30,869.5652173913044,135.71335132020124,5.0,1.0
LOAN_093,2022-12-30,869.5652173913044,135.71335132020124,5.0,1.0
LOAN_093,2023-01-29,869.5652173913044,135.71335132020124,5.0,1.0
LOAN_093,2023-02-28,869.5652173913044,135.71335132020124,5.0,1.0
LOAN_093,2023-03-30,869.5652173913044,135.71335132020124,5.0,1.0
LOAN_093,2023-04-29,869.5652173913044,135.71335132020124,5.0,1.0
LOAN_093,2023-05-29,869.5652173913044,135.71335132020124,5.0,1.0
LOAN_093,2023-06-28,869.5652173913044,135.71335132020124,5.0,1.0
LOAN_093,2023-07-28,869.5652173913044,135.71335132020124,5.0,1.0
LOAN_093,2023-08-27,869.5652173913044,135.71335132020124,5.0,1.0
LOAN_093,2023-09-26,869.5652173913044,135.71335132020124,5.0,1.0
LOAN_093,2023-10-26,869.5652173913044,135.71335132020124,5.0,1.0
LOAN_093,2023-11-25,869.5652173913044,135.71335132020124,5.0,1.0
LOAN_093,2023-12-25,869.5652173913044,135.71335132020124,5.0,1.0
LOAN_093,2024-01-24,869.5652173913044,135.71335132020124,5.0,1.0
LOAN_093,2024-02-23,869.5652173913044,135.71335132020124,5.0,1.0
LOAN_093,2024-03-24,869.5652173913044,135.71335132020124,5.0,1.0
LOAN_093,2024-04-23,869.5652173913044,135.71335132020124,5.0,1.0
LOAN_093,2024-05-23,869.5652173913044,135.71335132020124,5.0,1.0
LOAN_093,2024-06-22,869.5652173913044,135.71335132020124,5.0,1.0
LOAN_093,2024-07-22,869.5652173913044,135.71335132020124,5.0,1.0
LOAN_094,2022-09-11,833.3333333333334,293.47387245143943,5.0,1.0
LOAN_094,2022-10-11,833.3333333333334,293.47387245143943,5.0,1.0
LOAN_094,2022-11-10,833.3333333333334,293.47387245143943,5.0,1.0
LOAN_094,2022-12-10,833.3333333333334,293.47387245143943,5.0,1.0
LOAN_094,2023-01-09,833.3333333333334,293.47387245143943,5.0,1.0
LOAN_094,2023-02-08,833.3333333333334,293.47387245143943,5.0,1.0
LOAN_094,2023-03-10,833.3333333333334,293.47387245143943,5.0,1.0
LOAN_094,2023-04-09,833.3333333333334,293.47387245143943,5.0,1.0
LOAN_094,2023-05-09,833.3333333333334,293.47387245143943,5.0,1.0
LOAN_094,2023-06-08,833.3333333333334,293.47387245143943,5.0,1.0
LOAN_094,2023-07-08,833.3333333333334,293.47387245143943,5.0,1.0
LOAN_094,2023-08-07,833.3333333333334,293.47387245143943,5.0,1.0
LOAN_094,2023-09-06,833.3333333333334,293.47387245143943,5.0,1.0
LOAN_094,2023-10-06,833.3333333333334,293.47387245143943,5.0,1.0
LOAN_094,2023-11-05,833.3333333333334,293.47387245143943,5.0,1.0
LOAN_094,2023-12-05,833.3333333333334,293.47387245143943,5.0,1.0
LOAN_094,2024-01-04,833.3333333333334,293.47387245143943,5.0,1.0
LOAN_094,2024-02-03,833.3333333333334,293.47387245143943,5.0,1.0
LOAN_094,2024-03-04,833.3333333333334,293.47387245143943,5.0,1.0
LOAN_094,2024-04-03,833.3333333333334,293.47387245143943,5.0,1.0
LOAN_094,2024-05-03,833.3333333333334,293.47387245143943,5.0,1.0
LOAN_094,2024-06-02,833.3333333333334,293.47387245143943,5.0,1.0
LOAN_094,2024-07-02,833.3333333333334,293.47387245143943,5.0,1.0
LOAN_094,2024-08-01,833.3333333333334,293.47387245143943,5.0,1.0
LOAN_095,2022-09-12,416.6666666666667,64.24342775612023,5.0,1.0
LOAN_095,2022-10-12,416.6666666666667,64.24342775612023,5.0,1.0
LOAN_095,2022-11-11,416.6666666666667,64.24342775612023,5.0,1.0
LOAN_095,2022-12-11,416.6666666666667,64.24342775612023,5.0,1.0
LOAN_095,2023-01-10,416.6666666666667,64.24342775612023,5.0,1.0
LOAN_095,2023-02-09,416.6666666666667,64.24342775612023,5.0,1.0
LOAN_095,2023-03-11,416.6666666666667,64.24342775612023,5.0,1.0
LOAN_095,2023-04-10,416.6666666666667,64.24342775612023,5.0,1.0
LOAN_095,2023-05-10,416.6666666666667,64.24342775612023,5.0,1.0
LOAN_095,2023-06-09,416.6666666666667,64.24342775612023,5.0,1.0
LOAN_095,2023-07-09,416.6666666666667,64.24342775612023,5.0,1.0
LOAN_095,2023-08-08,416.6666666666667,64.24342775612023,5.0,1.0
LOAN_096,2022-08-31,869.5652173913044,278.67073117321127,5.0,1.0
LOAN_096,2022-09-30,869.5652173913044,278.67073117321127,5.0,1.0
LOAN_096,2022-10-30,869.5652173913044,278.67073117321127,5.0,1.0
LOAN_096,2022-11-29,869.5652173913044,278.67073117321127,5.0,1.0
LOAN_096,2022-12-29,869.5652173913044,278.67073117321127,5.0,1.0
LOAN_096,2023-01-28,869.5652173913044,278.67073117321127,5.0,1.0
LOAN_096,2023-02-27,869.5652173913044,278.67073117321127,5.0,1.0
LOAN_096,2023-03-29,869.5652173913044,278.67073117321127,5.0,1.0
LOAN_096,2023-04-28,869.5652173913044,278.67073117321127,5.0,1.0
LOAN_096,2023-05-28,869.5652173913044,278.67073117321127,5.0,1.0
LOAN_096,2023-06-27,869.5652173913044,278.67073117321127,5.0,1.0
LOAN_096,2023-07-27,869.5652173913044,278.67073117321127,5.0,1.0
LOAN_096,2023-08-26,869.5652173913044,278.67073117321127,5.0,1.0
LOAN_096,2023-09-25,869.5652173913044,278.67073117321127,5.0,1.0
LOAN_096,2023-10-25,869.5652173913044,278.67073117321127,5.0,1.0
LOAN_096,2023-11-24,869.5652173913044,278.67073117321127,5.0,1.0
LOAN_096,2023-12-24,869.5652173913044,278.67073117321127,5.0,1.0
LOAN_096,2024-01-23,869.5652173913044,278.67073117321127,5.0,1.0
LOAN_096,2024-02-22,869.5652173913044,278.67073117321127,5.0,1.0
LOAN_096,2024-03-23,869.5652173913044,278.67073117321127,5.0,1.0
LOAN_096,2024-04-22,869.5652173913044,278.67073117321127,5.0,1.0
LOAN_096,2024-05-22,869.5652173913044,278.67073117321127,5.0,1.0
LOAN_096,2024-06-21,869.5652173913044,278.67073117321127,5.0,1.0
LOAN_097,2022-11-28,416.6666666666667,49.855348914768335,5.0,1.0
LOAN_097,2022-12-28,416.6666666666667,49.855348914768335,5.0,1.0
LOAN_097,2023-01-27,416.6666666666667,49.855348914768335,5.0,1.0
LOAN_097,2023-02-26,416.6666666666667,49.855348914768335,5.0,1.0
LOAN_097,2023-03-28,416.6666666666667,49.855348914768335,5.0,1.0
LOAN_097,2023-04-27,416.6666666666667,49.855348914768335,5.0,1.0
LOAN_097,2023-05-27,416.6666666666667,49.855348914768335,5.0,1.0
LOAN_097,2023-06-26,416.6666666666667,49.855348914768335,5.0,1.0
LOAN_097,2023-07-26,416.6666666666667,49.855348914768335,5.0,1.0
LOAN_097,2023-08-25,416.6666666666667,49.855348914768335,5.0,1.0
LOAN_097,2023-09-24,416.6666666666667,49.855348914768335,5.0,1.0
LOAN_097,2023-10-24,416.6666666666667,49.855348914768335,5.0,1.0
LOAN_098,2023-01-15,1250.0,175.8666168187866,5.0,1.0
LOAN_098,2023-02-14,1250.0,175.8666168187866,5.0,1.0
LOAN_098,2023-03-16,1250.0,175.8666168187866,5.0,1.0
LOAN_098,2023-04-15,1250.0,175.8666168187866,5.0,1.0
LOAN_098,2023-05-15,1250.0,175.8666168187866,5.0,1.0
LOAN_098,2023-06-14,1250.0,175.8666168187866,5.0,1.0
LOAN_098,2023-07-14,1250.0,175.8666168187866,5.0,1.0
LOAN_098,2023-08-13,1250.0,175.8666168187866,5.0,1.0
LOAN_098,2023-09-12,1250.0,175.8666168187866,5.0,1.0
LOAN_098,2023-10-12,1250.0,175.8666168187866,5.0,1.0
LOAN_098,2023-11-11,1250.0,175.8666168187866,5.0,1.0
LOAN_098,2023-12-11,1250.0,175.8666168187866,5.0,1.0
LOAN_099,2021-06-11,625.0,119.79720219519434,5.0,1.0
LOAN_099,2021-07-11,625.0,119.79720219519434,5.0,1.0
LOAN_099,2021-08-10,625.0,119.79720219519434,5.0,1.0
LOAN_099,2021-09-09,625.0,119.79720219519434,5.0,1.0
LOAN_099,2021-10-09,625.0,119.79720219519434,5.0,1.0
LOAN_099,2021-11-08,625.0,119.79720219519434,5.0,1.0
LOAN_099,2021-12-08,625.0,119.79720219519434,5.0,1.0
LOAN_099,2022-01-07,625.0,119.79720219519434,5.0,1.0
LOAN_099,2022-02-06,625.0,119.79720219519434,5.0,1.0
LOAN_099,2022-03-08,625.0,119.79720219519434,5.0,1.0
LOAN_099,2022-04-07,625.0,119.79720219519434,5.0,1.0
LOAN_099,2022-05-07,625.0,119.79720219519434,5.0,1.0
LOAN_099,2022-06-06,625.0,119.79720219519434,5.0,1.0
LOAN_099,2022-07-06,625.0,119.79720219519434,5.0,1.0
LOAN_099,2022-08-05,625.0,119.79720219519434,5.0,1.0
LOAN_099,2022-09-04,625.0,119.79720219519434,5.0,1.0
LOAN_099,2022-10-04,625.0,119.79720219519434,5.0,1.0
LOAN_099,2022-11-03,625.0,119.79720219519434,5.0,1.0
LOAN_099,2022-12-03,625.0,119.79720219519434,5.0,1.0
LOAN_099,2023-01-02,625.0,119.79720219519434,5.0,1.0
LOAN_099,2023-02-01,625.0,119.79720219519434,5.0,1.0
LOAN_099,2023-03-03,625.0,119.79720219519434,5.0,1.0
LOAN_099,2023-04-02,625.0,119.79720219519434,5.0,1.0
LOAN_099,2023-05-02,625.0,119.79720219519434,5.0,1.0
LOAN_100,2022-07-23,208.33333333333334,48.777537371146764,5.0,1.0
LOAN_100,2022-08-22,208.33333333333334,48.777537371146764,5.0,1.0
LOAN_100,2022-09-21,208.33333333333334,48.777537371146764,5.0,1.0
LOAN_100,2022-10-21,208.33333333333334,48.777537371146764,5.0,1.0
LOAN_100,2022-11-20,208.33333333333334,48.777537371146764,5.0,1.0
LOAN_100,2022-12-20,208.33333333333334,48.777537371146764,5.0,1.0
LOAN_100,2023-01-19,208.33333333333334,48.777537371146764,5.0,1.0
LOAN_100,2023-02-18,208.33333333333334,48.777537371146764,5.0,1.0
LOAN_100,2023-03-20,208.33333333333334,48.777537371146764,5.0,1.0
LOAN_100,2023-04-19,208.33333333333334,48.777537371146764,5.0,1.0
LOAN_100,2023-05-19,208.33333333333334,48.777537371146764,5.0,1.0
LOAN_100,2023-06-18,208.33333333333334,48.777537371146764,5.0,1.0
LOAN_100,2023-07-18,208.33333333333334,48.777537371146764,5.0,1.0
LOAN_100,2023-08-17,208.33333333333334,48.777537371146764,5.0,1.0
LOAN_100,2023-09-16,208.33333333333334,48.777537371146764,5.0,1.0
LOAN_100,2023-10-16,208.33333333333334,48.777537371146764,5.0,1.0
LOAN_100,2023-11-15,208.33333333333334,48.777537371146764,5.0,1.0
LOAN_100,2023-12-15,208.33333333333334,48.777537371146764,5.0,1.0
LOAN_100,2024-01-14,208.33333333333334,48.777537371146764,5.0,1.0
LOAN_100,2024-02-13,208.33333333333334,48.777537371146764,5.0,1.0
LOAN_100,2024-03-14,208.33333333333334,48.777537371146764,5.0,1.0
LOAN_100,2024-04-13,208.33333333333334,48.777537371146764,5.0,1.0
LOAN_100,2024-05-13,208.33333333333334,48.777537371146764,5.0,1.0
LOAN_100,2024-06-12,208.33333333333334,48.777537371146764,5.0,1.0
LOAN_101,2021-08-12,1666.6666666666667,176.18767394293704,5.0,1.0
LOAN_101,2021-09-11,1666.6666666666667,176.18767394293704,5.0,1.0
LOAN_101,2021-10-11,1666.6666666666667,176.18767394293704,5.0,1.0
LOAN_101,2021-11-10,1666.6666666666667,176.18767394293704,5.0,1.0
LOAN_101,2021-12-10,1666.6666666666667,176.18767394293704,5.0,1.0
LOAN_101,2022-01-09,1666.6666666666667,176.18767394293704,5.0,1.0
LOAN_101,2022-02-08,1666.6666666666667,176.18767394293704,5.0,1.0
LOAN_101,2022-03-10,1666.6666666666667,176.18767394293704,5.0,1.0
LOAN_101,2022-04-09,1666.6666666666667,176.18767394293704,5.0,1.0
LOAN_101,2022-05-09,1666.6666666666667,176.18767394293704,5.0,1.0
LOAN_101,2022-06-08,1666.6666666666667,176.18767394293704,5.0,1.0
LOAN_101,2022-07-08,1666.6666666666667,176.18767394293704,5.0,1.0
LOAN_102,2022-04-20,1666.6666666666667,235.3497160474336,5.0,1.0
LOAN_102,2022-05-20,1666.6666666666667,235.3497160474336,5.0,1.0
LOAN_102,2022-06-19,1666.6666666666667,235.3497160474336,5.0,1.0
LOAN_102,2022-07-19,1666.6666666666667,235.3497160474336,5.0,1.0
LOAN_102,2022-08-18,1666.6666666666667,235.3497160474336,5.0,1.0
LOAN_102,2022-09-17,1666.6666666666667,235.3497160474336,5.0,1.0
LOAN_102,2022-10-17,1666.6666666666667,235.3497160474336,5.0,1.0
LOAN_102,2022-11-16,1666.6666666666667,235.3497160474336,5.0,1.0
LOAN_102,2022-12-16,1666.6666666666667,235.3497160474336,5.0,1.0
LOAN_102,2023-01-15,1666.6666666666667,235.3497160474336,5.0,1.0
LOAN_102,2023-02-14,1666.6666666666667,235.3497160474336,5.0,1.0
LOAN_102,2023-03-16,1666.6666666666667,235.3497160474336,5.0,1.0
LOAN_103,2021-05-28,1250.0,140.50840024851252,5.0,1.0
LOAN_103,2021-06-27,1250.0,140.50840024851252,5.0,1.0
LOAN_103,2021-07-27,1250.0,140.50840024851252,5.0,1.0
LOAN_103,2021-08-26,1250.0,140.50840024851252,5.0,1.0
LOAN_103,2021-09-25,1250.0,140.50840024851252,5.0,1.0
LOAN_103,2021-10-25,1250.0,140.50840024851252,5.0,1.0
LOAN_103,2021-11-24,1250.0,140.50840024851252,5.0,1.0
LOAN_103,2021-12-24,1250.0,140.50840024851252,5.0,1.0
LOAN_103,2022-01-23,1250.0,140.50840024851252,5.0,1.0
LOAN_103,2022-02-22,1250.0,140.50840024851252,5.0,1.0
LOAN_103,2022-03-24,1250.0,140.50840024851252,5.0,1.0
LOAN_103,2022-04-23,1250.0,140.50840024851252,5.0,1.0
LOAN_104,2021-08-14,833.3333333333334,176.57796852717482,5.0,1.0
LOAN_104,2021-09-13,833.3333333333334,176.57796852717482,5.0,1.0
LOAN_104,2021-10-13,833.3333333333334,176.57796852717482,5.0,1.0
LOAN_104,2021-11-12,833.3333333333334,176.57796852717482,5.0,1.0
LOAN_104,2021-12-12,833.3333333333334,176.57796852717482,5.0,1.0
LOAN_104,2022-01-11,833.3333333333334,176.57796852717482,5.0,1.0
LOAN_104,2022-02-10,833.3333333333334,176.57796852717482,5.0,1.0
LOAN_104,2022-03-12,833.3333333333334,176.57796852717482,5.0,1.0
LOAN_104,2022-04-11,833.3333333333334,176.57796852717482,5.0,1.0
LOAN_104,2022-05-11,833.3333333333334,176.57796852717482,5.0,1.0
LOAN_104,2022-06-10,833.3333333333334,176.57796852717482,5.0,1.0
LOAN_104,2022-07-10,833.3333333333334,176.57796852717482,5.0,1.0
LOAN_104,2022-08-09,833.3333333333334,176.57796852717482,5.0,1.0
LOAN_104,2022-09-08,833.3333333333334,176.57796852717482,5.0,1.0
LOAN_104,2022-10-08,833.3333333333334,176.57796852717482,5.0,1.0
LOAN_104,2022-11-07,833.3333333333334,176.57796852717482,5.0,1.0
LOAN_104,2022-12-07,833.3333333333334,176.57796852717482,5.0,1.0
LOAN_104,2023-01-06,833.3333333333334,176.57796852717482,5.0,1.0
LOAN_104,2023-02-05,833.3333333333334,176.57796852717482,5.0,1.0
LOAN_104,2023-03-07,833.3333333333334,176.57796852717482,5.0,1.0
LOAN_104,2023-04-06,833.3333333333334,176.57796852717482,5.0,1.0
LOAN_104,2023-05-06,833.3333333333334,176.57796852717482,5.0,1.0
LOAN_104,2023-06-05,833.3333333333334,176.57796852717482,5.0,1.0
LOAN_104,2023-07-05,833.3333333333334,176.57796852717482,5.0,1.0
LOAN_105,2021-04-23,1250.0,100.36548909181704,5.0,1.0
LOAN_105,2021-05-23,1250.0,100.36548909181704,5.0,1.0
LOAN_105,2021-06-22,1250.0,100.36548909181704,5.0,1.0
LOAN_105,2021-07-22,1250.0,100.36548909181704,5.0,1.0
LOAN_105,2021-08-21,1250.0,100.36548909181704,5.0,1.0
LOAN_105,2021-09-20,1250.0,100.36548909181704,5.0,1.0
LOAN_105,2021-10-20,1250.0,100.36548909181704,5.0,1.0
LOAN_105,2021-11-19,1250.0,100.36548909181704,5.0,1.0
LOAN_105,2021-12-19,1250.0,100.36548909181704,5.0,1.0
LOAN_105,2022-01-18,1250.0,100.36548909181704,5.0,1.0
LOAN_105,2022-02-17,1250.0,100.36548909181704,5.0,1.0
LOAN_105,2022-03-19,1250.0,100.36548909181704,5.0,1.0
LOAN_106,2021-09-14,416.6666666666667,136.295713717022,5.0,1.0
LOAN_106,2021-10-14,416.6666666666667,136.295713717022,5.0,1.0
LOAN_106,2021-11-13,416.6666666666667,136.295713717022,5.0,1.0
LOAN_106,2021-12-13,416.6666666666667,136.295713717022,5.0,1.0
LOAN_106,2022-01-12,416.6666666666667,136.295713717022,5.0,1.0
LOAN_106,2022-02-11,416.6666666666667,136.295713717022,5.0,1.0
LOAN_106,2022-03-13,416.6666666666667,136.295713717022,5.0,1.0
LOAN_106,2022-04-12,416.6666666666667,136.295713717022,5.0,1.0
LOAN_106,2022-05-12,416.6666666666667,136.295713717022,5.0,1.0
LOAN_106,2022-06-11,416.6666666666667,136.295713717022,5.0,1.0
LOAN_106,2022-07-11,416.6666666666667,136.295713717022,5.0,1.0
LOAN_106,2022-08-10,416.6666666666667,136.295713717022,5.0,1.0
LOAN_106,2022-09-09,416.6666666666667,136.295713717022,5.0,1.0
LOAN_106,2022-10-09,416.6666666666667,136.295713717022,5.0,1.0
LOAN_106,2022-11-08,416.6666666666667,136.295713717022,5.0,1.0
LOAN_106,2022-12-08,416.6666666666667,136.295713717022,5.0,1.0
LOAN_106,2023-01-07,416.6666666666667,136.295713717022,5.0,1.0
LOAN_106,2023-02-06,416.6666666666667,136.295713717022,5.0,1.0
LOAN_106,2023-03-08,416.6666666666667,136.295713717022,5.0,1.0
LOAN_106,2023-04-07,416.6666666666667,136.295713717022,5.0,1.0
LOAN_106,2023-05-07,416.6666666666667,136.295713717022,5.0,1.0
LOAN_106,2023-06-06,416.6666666666667,136.295713717022,5.0,1.0
LOAN_106,2023-07-06,416.6666666666667,136.295713717022,5.0,1.0
LOAN_106,2023-08-05,416.6666666666667,136.295713717022,5.0,1.0
LOAN_107,2021-04-12,1250.0,157.00259974504763,5.0,1.0
LOAN_107,2021-05-12,1250.0,157.00259974504763,5.0,1.0
LOAN_107,2021-06-11,1250.0,157.00259974504763,5.0,1.0
LOAN_107,2021-07-11,1250.0,157.00259974504763,5.0,1.0
LOAN_107,2021-08-10,1250.0,157.00259974504763,5.0,1.0
LOAN_107,2021-09-09,1250.0,157.00259974504763,5.0,1.0
LOAN_107,2021-10-09,1250.0,157.00259974504763,5.0,1.0
LOAN_107,2021-11-08,1250.0,157.00259974504763,5.0,1.0
LOAN_107,2021-12-08,1250.0,157.00259974504763,5.0,1.0
LOAN_107,2022-01-07,1250.0,157.00259974504763,5.0,1.0
LOAN_107,2022-02-06,1250.0,157.00259974504763,5.0,1.0
LOAN_107,2022-03-08,1250.0,157.00259974504763,5.0,1.0
LOAN_108,2022-06-18,416.6666666666667,128.9239680091628,5.0,1.0
LOAN_108,2022-07-18,416.6666666666667,128.9239680091628,5.0,1.0
LOAN_108,2022-08-17,416.6666666666667,128.9239680091628,5.0,1.0
LOAN_108,2022-09-16,416.6666666666667,128.9239680091628,5.0,1.0
LOAN_108,2022-10-16,416.6666666666667,128.9239680091628,5.0,1.0
LOAN_108,2022-11-15,416.6666666666667,128.9239680091628,5.0,1.0
LOAN_108,2022-12-15,416.6666666666667,128.9239680091628,5.0,1.0
LOAN_108,2023-01-14,416.6666666666667,128.9239680091628,5.0,1.0
LOAN_108,2023-02-13,416.6666666666667,128.9239680091628,5.0,1.0
LOAN_108,2023-03-15,416.6666666666667,128.9239680091628,5.0,1.0
LOAN_108,2023-04-14,416.6666666666667,128.9239680091628,5.0,1.0
LOAN_108,2023-05-14,416.6666666666667,128.9239680091628,5.0,1.0
LOAN_108,2023-06-13,416.6666666666667,128.9239680091628,5.0,1.0
LOAN_108,2023-07-13,416.6666666666667,128.9239680091628,5.0,1.0
LOAN_108,2023-08-12,416.6666666666667,128.9239680091628,5.0,1.0
LOAN_108,2023-09-11,416.6666666666667,128.9239680091628,5.0,1.0
LOAN_108,2023-10-11,416.6666666666667,128.9239680091628,5.0,1.0
LOAN_108,2023-11-10,416.6666666666667,128.9239680091628,5.0,1.0
LOAN_108,2023-12-10,416.6666666666667,128.9239680091628,5.0,1.0
LOAN_108,2024-01-09,416.6666666666667,128.9239680091628,5.0,1.0
LOAN_108,2024-02-08,416.6666666666667,128.9239680091628,5.0,1.0
LOAN_108,2024-03-09,416.6666666666667,128.9239680091628,5.0,1.0
LOAN_108,2024-04-08,416.6666666666667,128.9239680091628,5.0,1.0
LOAN_108,2024-05-08,416.6666666666667,128.9239680091628,5.0,1.0
LOAN_109,2021-03-12,1666.6666666666667,287.4360751041352,5.0,1.0
LOAN_109,2021-04-11,1666.6666666666667,287.4360751041352,5.0,1.0
LOAN_109,2021-05-11,1666.6666666666667,287.4360751041352,5.0,1.0
LOAN_109,2021-06-10,1666.6666666666667,287.4360751041352,5.0,1.0
LOAN_109,2021-07-10,1666.6666666666667,287.4360751041352,5.0,1.0
LOAN_109,2021-08-09,1666.6666666666667,287.4360751041352,5.0,1.0
LOAN_109,2021-09-08,1666.6666666666667,287.4360751041352,5.0,1.0
LOAN_109,2021-10-08,1666.6666666666667,287.4360751041352,5.0,1.0
LOAN_109,2021-11-07,1666.6666666666667,287.4360751041352,5.0,1.0
LOAN_109,2021-12-07,1666.6666666666667,287.4360751041352,5.0,1.0
LOAN_109,2022-01-06,1666.6666666666667,287.4360751041352,5.0,1.0
LOAN_109,2022-02-05,1666.6666666666667,287.4360751041352,5.0,1.0
LOAN_110,2021-07-13,1666.6666666666667,277.4221767908907,5.0,1.0
LOAN_110,2021-08-12,1666.6666666666667,277.4221767908907,5.0,1.0
LOAN_110,2021-09-11,1666.6666666666667,277.4221767908907,5.0,1.0
LOAN_110,2021-10-11,1666.6666666666667,277.4221767908907,5.0,1.0
LOAN_110,2021-11-10,1666.6666666666667,277.4221767908907,5.0,1.0
LOAN_110,2021-12-10,1666.6666666666667,277.4221767908907,5.0,1.0
LOAN_110,2022-01-09,1666.6666666666667,277.4221767908907,5.0,1.0
LOAN_110,2022-02-08,1666.6666666666667,277.4221767908907,5.0,1.0
LOAN_110,2022-03-10,1666.6666666666667,277.4221767908907,5.0,1.0
LOAN_110,2022-04-09,1666.6666666666667,277.4221767908907,5.0,1.0
LOAN_110,2022-05-09,1666.6666666666667,277.4221767908907,5.0,1.0
LOAN_110,2022-06-08,1666.6666666666667,277.4221767908907,5.0,1.0
LOAN_111,2022-05-16,833.3333333333334,297.7457793770173,5.0,1.0
LOAN_111,2022-06-15,833.3333333333334,297.7457793770173,5.0,1.0
LOAN_111,2022-07-15,833.3333333333334,297.7457793770173,5.0,1.0
LOAN_111,2022-08-14,833.3333333333334,297.7457793770173,5.0,1.0
LOAN_111,2022-09-13,833.3333333333334,297.7457793770173,5.0,1.0
LOAN_111,2022-10-13,833.3333333333334,297.7457793770173,5.0,1.0
LOAN_111,2022-11-12,833.3333333333334,297.7457793770173,5.0,1.0
LOAN_111,2022-12-12,833.3333333333334,297.7457793770173,5.0,1.0
LOAN_111,2023-01-11,833.3333333333334,297.7457793770173,5.0,1.0
LOAN_111,2023-02-10,833.3333333333334,297.7457793770173,5.0,1.0
LOAN_111,2023-03-12,833.3333333333334,297.7457793770173,5.0,1.0
LOAN_111,2023-04-11,833.3333333333334,297.7457793770173,5.0,1.0
LOAN_111,2023-05-11,833.3333333333334,297.7457793770173,5.0,1.0
LOAN_111,2023-06-10,833.3333333333334,297.7457793770173,5.0,1.0
LOAN_111,2023-07-10,833.3333333333334,297.7457793770173,5.0,1.0
LOAN_111,2023-08-09,833.3333333333334,297.7457793770173,5.0,1.0
LOAN_111,2023-09-08,833.3333333333334,297.7457793770173,5.0,1.0
LOAN_111,2023-10-08,833.3333333333334,297.7457793770173,5.0,1.0
LOAN_111,2023-11-07,833.3333333333334,297.7457793770173,5.0,1.0
LOAN_111,2023-12-07,833.3333333333334,297.7457793770173,5.0,1.0
LOAN_111,2024-01-06,833.3333333333334,297.7457793770173,5.0,1.0
LOAN_111,2024-02-05,833.3333333333334,297.7457793770173,5.0,1.0
LOAN_111,2024-03-06,833.3333333333334,297.7457793770173,5.0,1.0
LOAN_111,2024-04-05,833.3333333333334,297.7457793770173,5.0,1.0
LOAN_112,2022-02-09,208.33333333333334,59.482205177931576,5.0,1.0
LOAN_112,2022-03-11,208.33333333333334,59.482205177931576,5.0,1.0
LOAN_112,2022-04-10,208.33333333333334,59.482205177931576,5.0,1.0
LOAN_112,2022-05-10,208.33333333333334,59.482205177931576,5.0,1.0
LOAN_112,2022-06-09,208.33333333333334,59.482205177931576,5.0,1.0
LOAN_112,2022-07-09,208.33333333333334,59.482205177931576,5.0,1.0
LOAN_112,2022-08-08,208.33333333333334,59.482205177931576,5.0,1.0
LOAN_112,2022-09-07,208.33333333333334,59.482205177931576,5.0,1.0
LOAN_112,2022-10-07,208.33333333333334,59.482205177931576,5.0,1.0
LOAN_112,2022-11-06,208.33333333333334,59.482205177931576,5.0,1.0
LOAN_112,2022-12-06,208.33333333333334,59.482205177931576,5.0,1.0
LOAN_112,2023-01-05,208.33333333333334,59.482205177931576,5.0,1.0
LOAN_112,2023-02-04,208.33333333333334,59.482205177931576,5.0,1.0
LOAN_112,2023-03-06,208.33333333333334,59.482205177931576,5.0,1.0
LOAN_112,2023-04-05,208.33333333333334,59.482205177931576,5.0,1.0
LOAN_112,2023-05-05,208.33333333333334,59.482205177931576,5.0,1.0
LOAN_112,2023-06-04,208.33333333333334,59.482205177931576,5.0,1.0
LOAN_112,2023-07-04,208.33333333333334,59.482205177931576,5.0,1.0
LOAN_112,2023-08-03,208.33333333333334,59.482205177931576,5.0,1.0
LOAN_112,2023-09-02,208.33333333333334,59.482205177931576,5.0,1.0
LOAN_112,2023-10-02,208.33333333333334,59.482205177931576,5.0,1.0
LOAN_112,2023-11-01,208.33333333333334,59.482205177931576,5.0,1.0
LOAN_112,2023-12-01,208.33333333333334,59.482205177931576,5.0,1.0
LOAN_112,2023-12-31,208.33333333333334,59.482205177931576,5.0,1.0
LOAN_113,2022-02-24,208.33333333333334,37.02627724827759,5.0,1.0
LOAN_113,2022-03-26,208.33333333333334,37.02627724827759,5.0,1.0
LOAN_113,2022-04-25,208.33333333333334,37.02627724827759,5.0,1.0
LOAN_113,2022-05-25,208.33333333333334,37.02627724827759,5.0,1.0
LOAN_113,2022-06-24,208.33333333333334,37.02627724827759,5.0,1.0
LOAN_113,2022-07-24,208.33333333333334,37.02627724827759,5.0,1.0
LOAN_113,2022-08-23,208.33333333333334,37.02627724827759,5.0,1.0
LOAN_113,2022-09-22,208.33333333333334,37.02627724827759,5.0,1.0
LOAN_113,2022-10-22,208.33333333333334,37.02627724827759,5.0,1.0
LOAN_113,2022-11-21,208.33333333333334,37.02627724827759,5.0,1.0
LOAN_113,2022-12-21,208.33333333333334,37.02627724827759,5.0,1.0
LOAN_113,2023-01-20,208.33333333333334,37.02627724827759,5.0,1.0
LOAN_113,2023-02-19,208.33333333333334,37.02627724827759,5.0,1.0
LOAN_113,2023-03-21,208.33333333333334,37.02627724827759,5.0,1.0
LOAN_113,2023-04-20,208.33333333333334,37.02627724827759,5.0,1.0
LOAN_113,2023-05-20,208.33333333333334,37.02627724827759,5.0,1.0
LOAN_113,2023-06-19,208.33333333333334,37.02627724827759,5.0,1.0
LOAN_113,2023-07-19,208.33333333333334,37.02627724827759,5.0,1.0
LOAN_113,2023-08-18,208.33333333333334,37.02627724827759,5.0,1.0
LOAN_113,2023-09-17,208.33333333333334,37.02627724827759,5.0,1.0
LOAN_113,2023-10-17,208.33333333333334,37.02627724827759,5.0,1.0
LOAN_113,2023-11-16,208.33333333333334,37.02627724827759,5.0,1.0
LOAN_113,2023-12-16,208.33333333333334,37.02627724827759,5.0,1.0
LOAN_113,2024-01-15,208.33333333333334,37.02627724827759,5.0,1.0
LOAN_114,2022-11-04,208.33333333333334,52.97476212401435,5.0,1.0
LOAN_114,2022-12-04,208.33333333333334,52.97476212401435,5.0,1.0
LOAN_114,2023-01-03,208.33333333333334,52.97476212401435,5.0,1.0
LOAN_114,2023-02-02,208.33333333333334,52.97476212401435,5.0,1.0
LOAN_114,2023-03-04,208.33333333333334,52.97476212401435,5.0,1.0
LOAN_114,2023-04-03,208.33333333333334,52.97476212401435,5.0,1.0
LOAN_114,2023-05-03,208.33333333333334,52.97476212401435,5.0,1.0
LOAN_114,2023-06-02,208.33333333333334,52.97476212401435,5.0,1.0
LOAN_114,2023-07-02,208.33333333333334,52.97476212401435,5.0,1.0
LOAN_114,2023-08-01,208.33333333333334,52.97476212401435,5.0,1.0
LOAN_114,2023-08-31,208.33333333333334,52.97476212401435,5.0,1.0
LOAN_114,2023-09-30,208.33333333333334,52.97476212401435,5.0,1.0
LOAN_114,2023-10-30,208.33333333333334,52.97476212401435,5.0,1.0
LOAN_114,2023-11-29,208.33333333333334,52.97476212401435,5.0,1.0
LOAN_114,2023-12-29,208.33333333333334,52.97476212401435,5.0,1.0
LOAN_114,2024-01-28,208.33333333333334,52.97476212401435,5.0,1.0
LOAN_114,2024-02-27,208.33333333333334,52.97476212401435,5.0,1.0
LOAN_114,2024-03-28,208.33333333333334,52.97476212401435,5.0,1.0
LOAN_114,2024-04-27,208.33333333333334,52.97476212401435,5.0,1.0
LOAN_114,2024-05-27,208.33333333333334,52.97476212401435,5.0,1.0
LOAN_114,2024-06-26,208.33333333333334,52.97476212401435,5.0,1.0
LOAN_114,2024-07-26,208.33333333333334,52.97476212401435,5.0,1.0
LOAN_114,2024-08-25,208.33333333333334,52.97476212401435,5.0,1.0
LOAN_114,2024-09-24,208.33333333333334,52.97476212401435,5.0,1.0
LOAN_115,2022-11-22,416.6666666666667,126.6955767359309,5.0,1.0
LOAN_115,2022-12-22,416.6666666666667,126.6955767359309,5.0,1.0
LOAN_115,2023-01-21,416.6666666666667,126.6955767359309,5.0,1.0
LOAN_115,2023-02-20,416.6666666666667,126.6955767359309,5.0,1.0
LOAN_115,2023-03-22,416.6666666666667,126.6955767359309,5.0,1.0
LOAN_115,2023-04-21,416.6666666666667,126.6955767359309,5.0,1.0
LOAN_115,2023-05-21,416.6666666666667,126.6955767359309,5.0,1.0
LOAN_115,2023-06-20,416.6666666666667,126.6955767359309,5.0,1.0
LOAN_115,2023-07-20,416.6666666666667,126.6955767359309,5.0,1.0
LOAN_115,2023-08-19,416.6666666666667,126.6955767359309,5.0,1.0
LOAN_115,2023-09-18,416.6666666666667,126.6955767359309,5.0,1.0
LOAN_115,2023-10-18,416.6666666666667,126.6955767359309,5.0,1.0
LOAN_115,2023-11-17,416.6666666666667,126.6955767359309,5.0,1.0
LOAN_115,2023-12-17,416.6666666666667,126.6955767359309,5.0,1.0
LOAN_115,2024-01-16,416.6666666666667,126.6955767359309,5.0,1.0
LOAN_115,2024-02-15,416.6666666666667,126.6955767359309,5.0,1.0
LOAN_115,2024-03-16,416.6666666666667,126.6955767359309,5.0,1.0
LOAN_115,2024-04-15,416.6666666666667,126.6955767359309,5.0,1.0
LOAN_115,2024-05-15,416.6666666666667,126.6955767359309,5.0,1.0
LOAN_115,2024-06-14,416.6666666666667,126.6955767359309,5.0,1.0
LOAN_115,2024-07-14,416.6666666666667,126.6955767359309,5.0,1.0
LOAN_115,2024-08-13,416.6666666666667,126.6955767359309,5.0,1.0
LOAN_115,2024-09-12,416.6666666666667,126.6955767359309,5.0,1.0
LOAN_115,2024-10-12,416.6666666666667,126.6955767359309,5.0,1.0
LOAN_116,2022-02-08,208.33333333333334,69.74083789056434,5.0,1.0
LOAN_116,2022-03-10,208.33333333333334,69.74083789056434,5.0,1.0
LOAN_116,2022-04-09,208.33333333333334,69.74083789056434,5.0,1.0
LOAN_116,2022-05-09,208.33333333333334,69.74083789056434,5.0,1.0
LOAN_116,2022-06-08,208.33333333333334,69.74083789056434,5.0,1.0
LOAN_116,2022-07-08,208.33333333333334,69.74083789056434,5.0,1.0
LOAN_116,2022-08-07,208.33333333333334,69.74083789056434,5.0,1.0
LOAN_116,2022-09-06,208.33333333333334,69.74083789056434,5.0,1.0
LOAN_116,2022-10-06,208.33333333333334,69.74083789056434,5.0,1.0
LOAN_116,2022-11-05,208.33333333333334,69.74083789056434,5.0,1.0
LOAN_116,2022-12-05,208.33333333333334,69.74083789056434,5.0,1.0
LOAN_116,2023-01-04,208.33333333333334,69.74083789056434,5.0,1.0
LOAN_116,2023-02-03,208.33333333333334,69.74083789056434,5.0,1.0
LOAN_116,2023-03-05,208.33333333333334,69.74083789056434,5.0,1.0
LOAN_116,2023-04-04,208.33333333333334,69.74083789056434,5.0,1.0
LOAN_116,2023-05-04,208.33333333333334,69.74083789056434,5.0,1.0
LOAN_116,2023-06-03,208.33333333333334,69.74083789056434,5.0,1.0
LOAN_116,2023-07-03,208.33333333333334,69.74083789056434,5.0,1.0
LOAN_116,2023-08-02,208.33333333333334,69.74083789056434,5.0,1.0
LOAN_116,2023-09-01,208.33333333333334,69.74083789056434,5.0,1.0
LOAN_116,2023-10-01,208.33333333333334,69.74083789056434,5.0,1.0
LOAN_116,2023-10-31,208.33333333333334,69.74083789056434,5.0,1.0
LOAN_116,2023-11-30,208.33333333333334,69.74083789056434,5.0,1.0
LOAN_116,2023-12-30,208.33333333333334,69.74083789056434,5.0,1.0
LOAN_117,2021-03-29,416.6666666666667,136.70236760142387,5.0,1.0
LOAN_117,2021-04-28,416.6666666666667,136.70236760142387,5.0,1.0
LOAN_117,2021-05-28,416.6666666666667,136.70236760142387,5.0,1.0
LOAN_117,2021-06-27,416.6666666666667,136.70236760142387,5.0,1.0
LOAN_117,2021-07-27,416.6666666666667,136.70236760142387,5.0,1.0
LOAN_117,2021-08-26,416.6666666666667,136.70236760142387,5.0,1.0
LOAN_117,2021-09-25,416.6666666666667,136.70236760142387,5.0,1.0
LOAN_117,2021-10-25,416.6666666666667,136.70236760142387,5.0,1.0
LOAN_117,2021-11-24,416.6666666666667,136.70236760142387,5.0,1.0
LOAN_117,2021-12-24,416.6666666666667,136.70236760142387,5.0,1.0
LOAN_117,2022-01-23,416.6666666666667,136.70236760142387,5.0,1.0
LOAN_117,2022-02-22,416.6666666666667,136.70236760142387,5.0,1.0
LOAN_117,2022-03-24,416.6666666666667,136.70236760142387,5.0,1.0
LOAN_117,2022-04-23,416.6666666666667,136.70236760142387,5.0,1.0
LOAN_117,2022-05-23,416.6666666666667,136.70236760142387,5.0,1.0
LOAN_117,2022-06-22,416.6666666666667,136.70236760142387,5.0,1.0
LOAN_117,2022-07-22,416.6666666666667,136.70236760142387,5.0,1.0
LOAN_117,2022-08-21,416.6666666666667,136.70236760142387,5.0,1.0
LOAN_117,2022-09-20,416.6666666666667,136.70236760142387,5.0,1.0
LOAN_117,2022-10-20,416.6666666666667,136.70236760142387,5.0,1.0
LOAN_117,2022-11-19,416.6666666666667,136.70236760142387,5.0,1.0
LOAN_117,2022-12-19,416.6666666666667,136.70236760142387,5.0,1.0
LOAN_117,2023-01-18,416.6666666666667,136.70236760142387,5.0,1.0
LOAN_117,2023-02-17,416.6666666666667,136.70236760142387,5.0,1.0
LOAN_118,2022-05-29,416.6666666666667,97.61858674470403,5.0,1.0
LOAN_118,2022-06-28,416.6666666666667,97.61858674470403,5.0,1.0
LOAN_118,2022-07-28,416.6666666666667,97.61858674470403,5.0,1.0
LOAN_118,2022-08-27,416.6666666666667,97.61858674470403,5.0,1.0
LOAN_118,2022-09-26,416.6666666666667,97.61858674470403,5.0,1.0
LOAN_118,2022-10-26,416.6666666666667,97.61858674470403,5.0,1.0
LOAN_118,2022-11-25,416.6666666666667,97.61858674470403,5.0,1.0
LOAN_118,2022-12-25,416.6666666666667,97.61858674470403,5.0,1.0
LOAN_118,2023-01-24,416.6666666666667,97.61858674470403,5.0,1.0
LOAN_118,2023-02-23,416.6666666666667,97.61858674470403,5.0,1.0
LOAN_118,2023-03-25,416.6666666666667,97.61858674470403,5.0,1.0
LOAN_118,2023-04-24,416.6666666666667,97.61858674470403,5.0,1.0
LOAN_118,2023-05-24,416.6666666666667,97.61858674470403,5.0,1.0
LOAN_118,2023-06-23,416.6666666666667,97.61858674470403,5.0,1.0
LOAN_118,2023-07-23,416.6666666666667,97.61858674470403,5.0,1.0
LOAN_118,2023-08-22,416.6666666666667,97.61858674470403,5.0,1.0
LOAN_118,2023-09-21,416.6666666666667,97.61858674470403,5.0,1.0
LOAN_118,2023-10-21,416.6666666666667,97.61858674470403,5.0,1.0
LOAN_118,2023-11-20,416.6666666666667,97.61858674470403,5.0,1.0
LOAN_118,2023-12-20,416.6666666666667,97.61858674470403,5.0,1.0
LOAN_118,2024-01-19,416.6666666666667,97.61858674470403,5.0,1.0
LOAN_118,2024-02-18,416.6666666666667,97.61858674470403,5.0,1.0
LOAN_118,2024-03-19,416.6666666666667,97.61858674470403,5.0,1.0
LOAN_118,2024-04-18,416.6666666666667,97.61858674470403,5.0,1.0
LOAN_119,2022-06-08,625.0,208.4336880655986,5.0,1.0
LOAN_119,2022-07-08,625.0,208.4336880655986,5.0,1.0
LOAN_119,2022-08-07,625.0,208.4336880655986,5.0,1.0
LOAN_119,2022-09-06,625.0,208.4336880655986,5.0,1.0
LOAN_119,2022-10-06,625.0,208.4336880655986,5.0,1.0
LOAN_119,2022-11-05,625.0,208.4336880655986,5.0,1.0
LOAN_119,2022-12-05,625.0,208.4336880655986,5.0,1.0
LOAN_119,2023-01-04,625.0,208.4336880655986,5.0,1.0
LOAN_119,2023-02-03,625.0,208.4336880655986,5.0,1.0
LOAN_119,2023-03-05,625.0,208.4336880655986,5.0,1.0
LOAN_119,2023-04-04,625.0,208.4336880655986,5.0,1.0
LOAN_119,2023-05-04,625.0,208.4336880655986,5.0,1.0
LOAN_119,2023-06-03,625.0,208.4336880655986,5.0,1.0
LOAN_119,2023-07-03,625.0,208.4336880655986,5.0,1.0
LOAN_119,2023-08-02,625.0,208.4336880655986,5.0,1.0
LOAN_119,2023-09-01,625.0,208.4336880655986,5.0,1.0
LOAN_119,2023-10-01,625.0,208.4336880655986,5.0,1.0
LOAN_119,2023-10-31,625.0,208.4336880655986,5.0,1.0
LOAN_119,2023-11-30,625.0,208.4336880655986,5.0,1.0
LOAN_119,2023-12-30,625.0,208.4336880655986,5.0,1.0
LOAN_119,2024-01-29,625.0,208.4336880655986,5.0,1.0
LOAN_119,2024-02-28,625.0,208.4336880655986,5.0,1.0
LOAN_119,2024-03-29,625.0,208.4336880655986,5.0,1.0
LOAN_119,2024-04-28,625.0,208.4336880655986,5.0,1.0
LOAN_120,2022-05-21,208.33333333333334,67.21991104309065,5.0,1.0
LOAN_120,2022-06-20,208.33333333333334,67.21991104309065,5.0,1.0
LOAN_120,2022-07-20,208.33333333333334,67.21991104309065,5.0,1.0
LOAN_120,2022-08-19,208.33333333333334,67.21991104309065,5.0,1.0
LOAN_120,2022-09-18,208.33333333333334,67.21991104309065,5.0,1.0
LOAN_120,2022-10-18,208.33333333333334,67.21991104309065,5.0,1.0
LOAN_120,2022-11-17,208.33333333333334,67.21991104309065,5.0,1.0
LOAN_120,2022-12-17,208.33333333333334,67.21991104309065,5.0,1.0
LOAN_120,2023-01-16,208.33333333333334,67.21991104309065,5.0,1.0
LOAN_120,2023-02-15,208.33333333333334,67.21991104309065,5.0,1.0
LOAN_120,2023-03-17,208.33333333333334,67.21991104309065,5.0,1.0
LOAN_120,2023-04-16,208.33333333333334,67.21991104309065,5.0,1.0
LOAN_120,2023-05-16,208.33333333333334,67.21991104309065,5.0,1.0
LOAN_120,2023-06-15,208.33333333333334,67.21991104309065,5.0,1.0
LOAN_120,2023-07-15,208.33333333333334,67.21991104309065,5.0,1.0
LOAN_120,2023-08-14,208.33333333333334,67.21991104309065,5.0,1.0
LOAN_120,2023-09-13,208.33333333333334,67.21991104309065,5.0,1.0
LOAN_120,2023-10-13,208.33333333333334,67.21991104309065,5.0,1.0
LOAN_120,2023-11-12,208.33333333333334,67.21991104309065,5.0,1.0
LOAN_120,2023-12-12,208.33333333333334,67.21991104309065,5.0,1.0
LOAN_120,2024-01-11,208.33333333333334,67.21991104309065,5.0,1.0
LOAN_120,2024-02-10,208.33333333333334,67.21991104309065,5.0,1.0
LOAN_120,2024-03-11,208.33333333333334,67.21991104309065,5.0,1.0
LOAN_120,2024-04-10,208.33333333333334,67.21991104309065,5.0,1.0
LOAN_121,2022-11-13,833.3333333333334,118.86605332945327,5.0,1.0
LOAN_121,2022-12-13,833.3333333333334,118.86605332945327,5.0,1.0
LOAN_121,2023-01-12,833.3333333333334,118.86605332945327,5.0,1.0
LOAN_121,2023-02-11,833.3333333333334,118.86605332945327,5.0,1.0
LOAN_121,2023-03-13,833.3333333333334,118.86605332945327,5.0,1.0
LOAN_121,2023-04-12,833.3333333333334,118.86605332945327,5.0,1.0
LOAN_121,2023-05-12,833.3333333333334,118.86605332945327,5.0,1.0
LOAN_121,2023-06-11,833.3333333333334,118.86605332945327,5.0,1.0
LOAN_121,2023-07-11,833.3333333333334,118.86605332945327,5.0,1.0
LOAN_121,2023-08-10,833.3333333333334,118.86605332945327,5.0,1.0
LOAN_121,2023-09-09,833.3333333333334,118.86605332945327,5.0,1.0
LOAN_121,2023-10-09,833.3333333333334,118.86605332945327,5.0,1.0
LOAN_122,2023-01-25,833.3333333333334,156.99291034258482,5.0,1.0
LOAN_122,2023-02-24,833.3333333333334,156.99291034258482,5.0,1.0
LOAN_122,2023-03-26,833.3333333333334,156.99291034258482,5.0,1.0
LOAN_122,2023-04-25,833.3333333333334,156.99291034258482,5.0,1.0
LOAN_122,2023-05-25,833.3333333333334,156.99291034258482,5.0,1.0
LOAN_122,2023-06-24,833.3333333333334,156.99291034258482,5.0,1.0
LOAN_122,2023-07-24,833.3333333333334,156.99291034258482,5.0,1.0
LOAN_122,2023-08-23,833.3333333333334,156.99291034258482,5.0,1.0
LOAN_122,2023-09-22,833.3333333333334,156.99291034258482,5.0,1.0
LOAN_122,2023-10-22,833.3333333333334,156.99291034258482,5.0,1.0
LOAN_122,2023-11-21,833.3333333333334,156.99291034258482,5.0,1.0
LOAN_122,2023-12-21,833.3333333333334,156.99291034258482,5.0,1.0
LOAN_122,2024-01-20,833.3333333333334,156.99291034258482,5.0,1.0
LOAN_122,2024-02-19,833.3333333333334,156.99291034258482,5.0,1.0
LOAN_122,2024-03-20,833.3333333333334,156.99291034258482,5.0,1.0
LOAN_122,2024-04-19,833.3333333333334,156.99291034258482,5.0,1.0
LOAN_122,2024-05-19,833.3333333333334,156.99291034258482,5.0,1.0
LOAN_122,2024-06-18,833.3333333333334,156.99291034258482,5.0,1.0
LOAN_122,2024-07-18,833.3333333333334,156.99291034258482,5.0,1.0
LOAN_122,2024-08-17,833.3333333333334,156.99291034258482,5.0,1.0
LOAN_122,2024-09-16,833.3333333333334,156.99291034258482,5.0,1.0
LOAN_122,2024-10-16,833.3333333333334,156.99291034258482,5.0,1.0
LOAN_122,2024-11-15,833.3333333333334,156.99291034258482,5.0,1.0
LOAN_122,2024-12-15,833.3333333333334,156.99291034258482,5.0,1.0
LOAN_123,2022-04-03,1250.0,160.12990856940544,5.0,1.0
LOAN_123,2022-05-03,1250.0,160.12990856940544,5.0,1.0
LOAN_123,2022-06-02,1250.0,160.12990856940544,5.0,1.0
LOAN_123,2022-07-02,1250.0,160.12990856940544,5.0,1.0
LOAN_123,2022-08-01,1250.0,160.12990856940544,5.0,1.0
LOAN_123,2022-08-31,1250.0,160.12990856940544,5.0,1.0
LOAN_123,2022-09-30,1250.0,160.12990856940544,5.0,1.0
LOAN_123,2022-10-30,1250.0,160.12990856940544,5.0,1.0
LOAN_123,2022-11-29,1250.0,160.12990856940544,5.0,1.0
LOAN_123,2022-12-29,1250.0,160.12990856940544,5.0,1.0
LOAN_123,2023-01-28,1250.0,160.12990856940544,5.0,1.0
LOAN_123,2023-02-27,1250.0,160.12990856940544,5.0,1.0
LOAN_124,2021-05-30,1666.6666666666667,157.29772160500175,5.0,1.0
LOAN_124,2021-06-29,1666.6666666666667,157.29772160500175,5.0,1.0
LOAN_124,2021-07-29,1666.6666666666667,157.29772160500175,5.0,1.0
LOAN_124,2021-08-28,1666.6666666666667,157.29772160500175,5.0,1.0
LOAN_124,2021-09-27,1666.6666666666667,157.29772160500175,5.0,1.0
LOAN_124,2021-10-27,1666.6666666666667,157.29772160500175,5.0,1.0
LOAN_124,2021-11-26,1666.6666666666667,157.29772160500175,5.0,1.0
LOAN_124,2021-12-26,1666.6666666666667,157.29772160500175,5.0,1.0
LOAN_124,2022-01-25,1666.6666666666667,157.29772160500175,5.0,1.0
LOAN_124,2022-02-24,1666.6666666666667,157.29772160500175,5.0,1.0
LOAN_124,2022-03-26,1666.6666666666667,157.29772160500175,5.0,1.0
LOAN_124,2022-04-25,1666.6666666666667,157.29772160500175,5.0,1.0
LOAN_125,2021-08-20,1250.0,110.85876713670586,5.0,1.0
LOAN_125,2021-09-19,1250.0,110.85876713670586,5.0,1.0
LOAN_125,2021-10-19,1250.0,110.85876713670586,5.0,1.0
LOAN_125,2021-11-18,1250.0,110.85876713670586,5.0,1.0
LOAN_125,2021-12-18,1250.0,110.85876713670586,5.0,1.0
LOAN_125,2022-01-17,1250.0,110.85876713670586,5.0,1.0
LOAN_125,2022-02-16,1250.0,110.85876713670586,5.0,1.0
LOAN_125,2022-03-18,1250.0,110.85876713670586,5.0,1.0
LOAN_125,2022-04-17,1250.0,110.85876713670586,5.0,1.0
LOAN_125,2022-05-17,1250.0,110.85876713670586,5.0,1.0
LOAN_125,2022-06-16,1250.0,110.85876713670586,5.0,1.0
LOAN_125,2022-07-16,1250.0,110.85876713670586,5.0,1.0
LOAN_126,2021-03-26,416.6666666666667,71.87713931871042,5.0,1.0
LOAN_126,2021-04-25,416.6666666666667,71.87713931871042,5.0,1.0
LOAN_126,2021-05-25,416.6666666666667,71.87713931871042,5.0,1.0
LOAN_126,2021-06-24,416.6666666666667,71.87713931871042,5.0,1.0
LOAN_126,2021-07-24,416.6666666666667,71.87713931871042,5.0,1.0
LOAN_126,2021-08-23,416.6666666666667,71.87713931871042,5.0,1.0
LOAN_126,2021-09-22,416.6666666666667,71.87713931871042,5.0,1.0
LOAN_126,2021-10-22,416.6666666666667,71.87713931871042,5.0,1.0
LOAN_126,2021-11-21,416.6666666666667,71.87713931871042,5.0,1.0
LOAN_126,2021-12-21,416.6666666666667,71.87713931871042,5.0,1.0
LOAN_126,2022-01-20,416.6666666666667,71.87713931871042,5.0,1.0
LOAN_126,2022-02-19,416.6666666666667,71.87713931871042,5.0,1.0
LOAN_127,2021-04-11,833.3333333333334,137.30383025403427,5.0,1.0
LOAN_127,2021-05-11,833.3333333333334,137.30383025403427,5.0,1.0
LOAN_127,2021-06-10,833.3333333333334,137.30383025403427,5.0,1.0
LOAN_127,2021-07-10,833.3333333333334,137.30383025403427,5.0,1.0
LOAN_127,2021-08-09,833.3333333333334,137.30383025403427,5.0,1.0
LOAN_127,2021-09-08,833.3333333333334,137.30383025403427,5.0,1.0
LOAN_127,2021-10-08,833.3333333333334,137.30383025403427,5.0,1.0
LOAN_127,2021-11-07,833.3333333333334,137.30383025403427,5.0,1.0
LOAN_127,2021-12-07,833.3333333333334,137.30383025403427,5.0,1.0
LOAN_127,2022-01-06,833.3333333333334,137.30383025403427,5.0,1.0
LOAN_127,2022-02-05,833.3333333333334,137.30383025403427,5.0,1.0
LOAN_127,2022-03-07,833.3333333333334,137.30383025403427,5.0,1.0
LOAN_128,2022-10-23,625.0,151.3370567653266,5.0,1.0
LOAN_128,2022-11-22,625.0,151.3370567653266,5.0,1.0
LOAN_128,2022-12-22,625.0,151.3370567653266,5.0,1.0
LOAN_128,2023-01-21,625.0,151.3370567653266,5.0,1.0
LOAN_128,2023-02-20,625.0,151.3370567653266,5.0,1.0
LOAN_128,2023-03-22,625.0,151.3370567653266,5.0,1.0
LOAN_128,2023-04-21,625.0,151.3370567653266,5.0,1.0
LOAN_128,2023-05-21,625.0,151.3370567653266,5.0,1.0
LOAN_128,2023-06-20,625.0,151.3370567653266,5.0,1.0
LOAN_128,2023-07-20,625.0,151.3370567653266,5.0,1.0
LOAN_128,2023-08-19,625.0,151.3370567653266,5.0,1.0
LOAN_128,2023-09-18,625.0,151.3370567653266,5.0,1.0
LOAN_128,2023-10-18,625.0,151.3370567653266,5.0,1.0
LOAN_128,2023-11-17,625.0,151.3370567653266,5.0,1.0
LOAN_128,2023-12-17,625.0,151.3370567653266,5.0,1.0
LOAN_128,2024-01-16,625.0,151.3370567653266,5.0,1.0
LOAN_128,2024-02-15,625.0,151.3370567653266,5.0,1.0
LOAN_128,2024-03-16,625.0,151.3370567653266,5.0,1.0
LOAN_128,2024-04-15,625.0,151.3370567653266,5.0,1.0
LOAN_128,2024-05-15,625.0,151.3370567653266,5.0,1.0
LOAN_128,2024-06-14,625.0,151.3370567653266,5.0,1.0
LOAN_128,2024-07-14,625.0,151.3370567653266,5.0,1.0
LOAN_128,2024-08-13,625.0,151.3370567653266,5.0,1.0
LOAN_128,2024-09-12,625.0,151.3370567653266,5.0,1.0
LOAN_129,2022-01-27,625.0,156.25168146244502,5.0,1.0
LOAN_129,2022-02-26,625.0,156.25168146244502,5.0,1.0
LOAN_129,2022-03-28,625.0,156.25168146244502,5.0,1.0
LOAN_129,2022-04-27,625.0,156.25168146244502,5.0,1.0
LOAN_129,2022-05-27,625.0,156.25168146244502,5.0,1.0
LOAN_129,2022-06-26,625.0,156.25168146244502,5.0,1.0
LOAN_129,2022-07-26,625.0,156.25168146244502,5.0,1.0
LOAN_129,2022-08-25,625.0,156.25168146244502,5.0,1.0
LOAN_129,2022-09-24,625.0,156.25168146244502,5.0,1.0
LOAN_129,2022-10-24,625.0,156.25168146244502,5.0,1.0
LOAN_129,2022-11-23,625.0,156.25168146244502,5.0,1.0
LOAN_129,2022-12-23,625.0,156.25168146244502,5.0,1.0
LOAN_129,2023-01-22,625.0,156.25168146244502,5.0,1.0
LOAN_129,2023-02-21,625.0,156.25168146244502,5.0,1.0
LOAN_129,2023-03-23,625.0,156.25168146244502,5.0,1.0
LOAN_129,2023-04-22,625.0,156.25168146244502,5.0,1.0
LOAN_129,2023-05-22,625.0,156.25168146244502,5.0,1.0
LOAN_129,2023-06-21,625.0,156.25168146244502,5.0,1.0
LOAN_129,2023-07-21,625.0,156.25168146244502,5.0,1.0
LOAN_129,2023-08-20,625.0,156.25168146244502,5.0,1.0
LOAN_129,2023-09-19,625.0,156.25168146244502,5.0,1.0
LOAN_129,2023-10-19,625.0,156.25168146244502,5.0,1.0
LOAN_129,2023-11-18,625.0,156.25168146244502,5.0,1.0
LOAN_129,2023-12-18,625.0,156.25168146244502,5.0,1.0
LOAN_130,2021-11-07,1250.0,131.9972433188229,5.0,1.0
LOAN_130,2021-12-07,1250.0,131.9972433188229,5.0,1.0
LOAN_130,2022-01-06,1250.0,131.9972433188229,5.0,1.0
LOAN_130,2022-02-05,1250.0,131.9972433188229,5.0,1.0
LOAN_130,2022-03-07,1250.0,131.9972433188229,5.0,1.0
LOAN_130,2022-04-06,1250.0,131.9972433188229,5.0,1.0
LOAN_130,2022-05-06,1250.0,131.9972433188229,5.0,1.0
LOAN_130,2022-06-05,1250.0,131.9972433188229,5.0,1.0
LOAN_130,2022-07-05,1250.0,131.9972433188229,5.0,1.0
LOAN_130,2022-08-04,1250.0,131.9972433188229,5.0,1.0
LOAN_130,2022-09-03,1250.0,131.9972433188229,5.0,1.0
LOAN_130,2022-10-03,1250.0,131.9972433188229,5.0,1.0
LOAN_131,2021-10-25,416.6666666666667,87.41861253362968,5.0,1.0
LOAN_131,2021-11-24,416.6666666666667,87.41861253362968,5.0,1.0
LOAN_131,2021-12-24,416.6666666666667,87.41861253362968,5.0,1.0
LOAN_131,2022-01-23,416.6666666666667,87.41861253362968,5.0,1.0
LOAN_131,2022-02-22,416.6666666666667,87.41861253362968,5.0,1.0
LOAN_131,2022-03-24,416.6666666666667,87.41861253362968,5.0,1.0
LOAN_131,2022-04-23,416.6666666666667,87.41861253362968,5.0,1.0
LOAN_131,2022-05-23,416.6666666666667,87.41861253362968,5.0,1.0
LOAN_131,2022-06-22,416.6666666666667,87.41861253362968,5.0,1.0
LOAN_131,2022-07-22,416.6666666666667,87.41861253362968,5.0,1.0
LOAN_131,2022-08-21,416.6666666666667,87.41861253362968,5.0,1.0
LOAN_131,2022-09-20,416.6666666666667,87.41861253362968,5.0,1.0
LOAN_131,2022-10-20,416.6666666666667,87.41861253362968,5.0,1.0
LOAN_131,2022-11-19,416.6666666666667,87.41861253362968,5.0,1.0
LOAN_131,2022-12-19,416.6666666666667,87.41861253362968,5.0,1.0
LOAN_131,2023-01-18,416.6666666666667,87.41861253362968,5.0,1.0
LOAN_131,2023-02-17,416.6666666666667,87.41861253362968,5.0,1.0
LOAN_131,2023-03-19,416.6666666666667,87.41861253362968,5.0,1.0
LOAN_131,2023-04-18,416.6666666666667,87.41861253362968,5.0,1.0
LOAN_131,2023-05-18,416.6666666666667,87.41861253362968,5.0,1.0
LOAN_131,2023-06-17,416.6666666666667,87.41861253362968,5.0,1.0
LOAN_131,2023-07-17,416.6666666666667,87.41861253362968,5.0,1.0
LOAN_131,2023-08-16,416.6666666666667,87.41861253362968,5.0,1.0
LOAN_131,2023-09-15,416.6666666666667,87.41861253362968,5.0,1.0
LOAN_132,2022-12-14,416.6666666666667,98.61447723973718,5.0,1.0
LOAN_132,2023-01-13,416.6666666666667,98.61447723973718,5.0,1.0
LOAN_132,2023-02-12,416.6666666666667,98.61447723973718,5.0,1.0
LOAN_132,2023-03-14,416.6666666666667,98.61447723973718,5.0,1.0
LOAN_132,2023-04-13,416.6666666666667,98.61447723973718,5.0,1.0
LOAN_132,2023-05-13,416.6666666666667,98.61447723973718,5.0,1.0
LOAN_132,2023-06-12,416.6666666666667,98.61447723973718,5.0,1.0
LOAN_132,2023-07-12,416.6666666666667,98.61447723973718,5.0,1.0
LOAN_132,2023-08-11,416.6666666666667,98.61447723973718,5.0,1.0
LOAN_132,2023-09-10,416.6666666666667,98.61447723973718,5.0,1.0
LOAN_132,2023-10-10,416.6666666666667,98.61447723973718,5.0,1.0
LOAN_132,2023-11-09,416.6666666666667,98.61447723973718,5.0,1.0
LOAN_132,2023-12-09,416.6666666666667,98.61447723973718,5.0,1.0
LOAN_132,2024-01-08,416.6666666666667,98.61447723973718,5.0,1.0
LOAN_132,2024-02-07,416.6666666666667,98.61447723973718,5.0,1.0
LOAN_132,2024-03-08,416.6666666666667,98.61447723973718,5.0,1.0
LOAN_132,2024-04-07,416.6666666666667,98.61447723973718,5.0,1.0
LOAN_132,2024-05-07,416.6666666666667,98.61447723973718,5.0,1.0
LOAN_132,2024-06-06,416.6666666666667,98.61447723973718,5.0,1.0
LOAN_132,2024-07-06,416.6666666666667,98.61447723973718,5.0,1.0
LOAN_132,2024-08-05,416.6666666666667,98.61447723973718,5.0,1.0
LOAN_132,2024-09-04,416.6666666666667,98.61447723973718,5.0,1.0
LOAN_132,2024-10-04,416.6666666666667,98.61447723973718,5.0,1.0
LOAN_132,2024-11-03,416.6666666666667,98.61447723973718,5.0,1.0
LOAN_133,2021-10-08,416.6666666666667,52.81364619128045,5.0,1.0
LOAN_133,2021-11-07,416.6666666666667,52.81364619128045,5.0,1.0
LOAN_133,2021-12-07,416.6666666666667,52.81364619128045,5.0,1.0
LOAN_133,2022-01-06,416.6666666666667,52.81364619128045,5.0,1.0
LOAN_133,2022-02-05,416.6666666666667,52.81364619128045,5.0,1.0
LOAN_133,2022-03-07,416.6666666666667,52.81364619128045,5.0,1.0
LOAN_133,2022-04-06,416.6666666666667,52.81364619128045,5.0,1.0
LOAN_133,2022-05-06,416.6666666666667,52.81364619128045,5.0,1.0
LOAN_133,2022-06-05,416.6666666666667,52.81364619128045,5.0,1.0
LOAN_133,2022-07-05,416.6666666666667,52.81364619128045,5.0,1.0
LOAN_133,2022-08-04,416.6666666666667,52.81364619128045,5.0,1.0
LOAN_133,2022-09-03,416.6666666666667,52.81364619128045,5.0,1.0
LOAN_134,2022-09-30,833.3333333333334,92.1831143668283,5.0,1.0
LOAN_134,2022-10-30,833.3333333333334,92.1831143668283,5.0,1.0
LOAN_134,2022-11-29,833.3333333333334,92.1831143668283,5.0,1.0
LOAN_134,2022-12-29,833.3333333333334,92.1831143668283,5.0,1.0
LOAN_134,2023-01-28,833.3333333333334,92.1831143668283,5.0,1.0
LOAN_134,2023-02-27,833.3333333333334,92.1831143668283,5.0,1.0
LOAN_134,2023-03-29,833.3333333333334,92.1831143668283,5.0,1.0
LOAN_134,2023-04-28,833.3333333333334,92.1831143668283,5.0,1.0
LOAN_134,2023-05-28,833.3333333333334,92.1831143668283,5.0,1.0
LOAN_134,2023-06-27,833.3333333333334,92.1831143668283,5.0,1.0
LOAN_134,2023-07-27,833.3333333333334,92.1831143668283,5.0,1.0
LOAN_134,2023-08-26,833.3333333333334,92.1831143668283,5.0,1.0
LOAN_135,2022-11-04,833.3333333333334,285.40003462840804,5.0,1.0
LOAN_135,2022-12-04,833.3333333333334,285.40003462840804,5.0,1.0
LOAN_135,2023-01-03,833.3333333333334,285.40003462840804,5.0,1.0
LOAN_135,2023-02-02,833.3333333333334,285.40003462840804,5.0,1.0
LOAN_135,2023-03-04,833.3333333333334,285.40003462840804,5.0,1.0
LOAN_135,2023-04-03,833.3333333333334,285.40003462840804,5.0,1.0
LOAN_135,2023-05-03,833.3333333333334,285.40003462840804,5.0,1.0
LOAN_135,2023-06-02,833.3333333333334,285.40003462840804,5.0,1.0
LOAN_135,2023-07-02,833.3333333333334,285.40003462840804,5.0,1.0
LOAN_135,2023-08-01,833.3333333333334,285.40003462840804,5.0,1.0
LOAN_135,2023-08-31,833.3333333333334,285.40003462840804,5.0,1.0
LOAN_135,2023-09-30,833.3333333333334,285.40003462840804,5.0,1.0
LOAN_135,2023-10-30,833.3333333333334,285.40003462840804,5.0,1.0
LOAN_135,2023-11-29,833.3333333333334,285.40003462840804,5.0,1.0
LOAN_135,2023-12-29,833.3333333333334,285.40003462840804,5.0,1.0
LOAN_135,2024-01-28,833.3333333333334,285.40003462840804,5.0,1.0
LOAN_135,2024-02-27,833.3333333333334,285.40003462840804,5.0,1.0
LOAN_135,2024-03-28,833.3333333333334,285.40003462840804,5.0,1.0
LOAN_135,2024-04-27,833.3333333333334,285.40003462840804,5.0,1.0
LOAN_135,2024-05-27,833.3333333333334,285.40003462840804,5.0,1.0
LOAN_135,2024-06-26,833.3333333333334,285.40003462840804,5.0,1.0
LOAN_135,2024-07-26,833.3333333333334,285.40003462840804,5.0,1.0
LOAN_135,2024-08-25,833.3333333333334,285.40003462840804,5.0,1.0
LOAN_135,2024-09-24,833.3333333333334,285.40003462840804,5.0,1.0
LOAN_136,2022-10-11,1666.6666666666667,189.46368171165628,5.0,1.0
LOAN_136,2022-11-10,1666.6666666666667,189.46368171165628,5.0,1.0
LOAN_136,2022-12-10,1666.6666666666667,189.46368171165628,5.0,1.0
LOAN_136,2023-01-09,1666.6666666666667,189.46368171165628,5.0,1.0
LOAN_136,2023-02-08,1666.6666666666667,189.46368171165628,5.0,1.0
LOAN_136,2023-03-10,1666.6666666666667,189.46368171165628,5.0,1.0
LOAN_136,2023-04-09,1666.6666666666667,189.46368171165628,5.0,1.0
LOAN_136,2023-05-09,1666.6666666666667,189.46368171165628,5.0,1.0
LOAN_136,2023-06-08,1666.6666666666667,189.46368171165628,5.0,1.0
LOAN_136,2023-07-08,1666.6666666666667,189.46368171165628,5.0,1.0
LOAN_136,2023-08-07,1666.6666666666667,189.46368171165628,5.0,1.0
LOAN_136,2023-09-06,1666.6666666666667,189.46368171165628,5.0,1.0
LOAN_137,2023-01-01,625.0,199.51861090791783,5.0,1.0
LOAN_137,2023-01-31,625.0,199.51861090791783,5.0,1.0
LOAN_137,2023-03-02,625.0,199.51861090791783,5.0,1.0
LOAN_137,2023-04-01,625.0,199.51861090791783,5.0,1.0
LOAN_137,2023-05-01,625.0,199.51861090791783,5.0,1.0
LOAN_137,2023-05-31,625.0,199.51861090791783,5.0,1.0
LOAN_137,2023-06-30,625.0,199.51861090791783,5.0,1.0
LOAN_137,2023-07-30,625.0,199.51861090791783,5.0,1.0
LOAN_137,2023-08-29,625.0,199.51861090791783,5.0,1.0
LOAN_137,2023-09-28,625.0,199.51861090791783,5.0,1.0
LOAN_137,2023-10-28,625.0,199.51861090791783,5.0,1.0
LOAN_137,2023-11-27,625.0,199.51861090791783,5.0,1.0
LOAN_137,2023-12-27,625.0,199.51861090791783,5.0,1.0
LOAN_137,2024-01-26,625.0,199.51861090791783,5.0,1.0
LOAN_137,2024-02-25,625.0,199.51861090791783,5.0,1.0
LOAN_137,2024-03-26,625.0,199.51861090791783,5.0,1.0
LOAN_137,2024-04-25,625.0,199.51861090791783,5.0,1.0
LOAN_137,2024-05-25,625.0,199.51861090791783,5.0,1.0
LOAN_137,2024-06-24,625.0,199.51861090791783,5.0,1.0
LOAN_137,2024-07-24,625.0,199.51861090791783,5.0,1.0
LOAN_137,2024-08-23,625.0,199.51861090791783,5.0,1.0
LOAN_137,2024-09-22,625.0,199.51861090791783,5.0,1.0
LOAN_137,2024-10-22,625.0,199.51861090791783,5.0,1.0
LOAN_137,2024-11-21,625.0,199.51861090791783,5.0,1.0
LOAN_138,2021-02-18,416.6666666666667,54.966235715406725,5.0,1.0
LOAN_138,2021-03-20,416.6666666666667,54.966235715406725,5.0,1.0
LOAN_138,2021-04-19,416.6666666666667,54.966235715406725,5.0,1.0
LOAN_138,2021-05-19,416.6666666666667,54.966235715406725,5.0,1.0
LOAN_138,2021-06-18,416.6666666666667,54.966235715406725,5.0,1.0
LOAN_138,2021-07-18,416.6666666666667,54.966235715406725,5.0,1.0
LOAN_138,2021-08-17,416.6666666666667,54.966235715406725,5.0,1.0
LOAN_138,2021-09-16,416.6666666666667,54.966235715406725,5.0,1.0
LOAN_138,2021-10-16,416.6666666666667,54.966235715406725,5.0,1.0
LOAN_138,2021-11-15,416.6666666666667,54.966235715406725,5.0,1.0
LOAN_138,2021-12-15,416.6666666666667,54.966235715406725,5.0,1.0
LOAN_138,2022-01-14,416.6666666666667,54.966235715406725,5.0,1.0
LOAN_139,2022-08-16,1666.6666666666667,284.4626820604271,5.0,1.0
LOAN_139,2022-09-15,1666.6666666666667,284.4626820604271,5.0,1.0
LOAN_139,2022-10-15,1666.6666666666667,284.4626820604271,5.0,1.0
LOAN_139,2022-11-14,1666.6666666666667,284.4626820604271,5.0,1.0
LOAN_139,2022-12-14,1666.6666666666667,284.4626820604271,5.0,1.0
LOAN_139,2023-01-13,1666.6666666666667,284.4626820604271,5.0,1.0
LOAN_139,2023-02-12,1666.6666666666667,284.4626820604271,5.0,1.0
LOAN_139,2023-03-14,1666.6666666666667,284.4626820604271,5.0,1.0
LOAN_139,2023-04-13,1666.6666666666667,284.4626820604271,5.0,1.0
LOAN_139,2023-05-13,1666.6666666666667,284.4626820604271,5.0,1.0
LOAN_139,2023-06-12,1666.6666666666667,284.4626820604271,5.0,1.0
LOAN_139,2023-07-12,1666.6666666666667,284.4626820604271,5.0,1.0
LOAN_140,2021-02-12,1666.6666666666667,233.1149705729247,5.0,1.0
LOAN_140,2021-03-14,1666.6666666666667,233.1149705729247,5.0,1.0
LOAN_140,2021-04-13,1666.6666666666667,233.1149705729247,5.0,1.0
LOAN_140,2021-05-13,1666.6666666666667,233.1149705729247,5.0,1.0
LOAN_140,2021-06-12,1666.6666666666667,233.1149705729247,5.0,1.0
LOAN_140,2021-07-12,1666.6666666666667,233.1149705729247,5.0,1.0
LOAN_140,2021-08-11,1666.6666666666667,233.1149705729247,5.0,1.0
LOAN_140,2021-09-10,1666.6666666666667,233.1149705729247,5.0,1.0
LOAN_140,2021-10-10,1666.6666666666667,233.1149705729247,5.0,1.0
LOAN_140,2021-11-09,1666.6666666666667,233.1149705729247,5.0,1.0
LOAN_140,2021-12-09,1666.6666666666667,233.1149705729247,5.0,1.0
LOAN_140,2022-01-08,1666.6666666666667,233.1149705729247,5.0,1.0
LOAN_141,2022-02-01,416.6666666666667,69.44926633226585,5.0,1.0
LOAN_141,2022-03-03,416.6666666666667,69.44926633226585,5.0,1.0
LOAN_141,2022-04-02,416.6666666666667,69.44926633226585,5.0,1.0
LOAN_141,2022-05-02,416.6666666666667,69.44926633226585,5.0,1.0
LOAN_141,2022-06-01,416.6666666666667,69.44926633226585,5.0,1.0
LOAN_141,2022-07-01,416.6666666666667,69.44926633226585,5.0,1.0
LOAN_141,2022-07-31,416.6666666666667,69.44926633226585,5.0,1.0
LOAN_141,2022-08-30,416.6666666666667,69.44926633226585,5.0,1.0
LOAN_141,2022-09-29,416.6666666666667,69.44926633226585,5.0,1.0
LOAN_141,2022-10-29,416.6666666666667,69.44926633226585,5.0,1.0
LOAN_141,2022-11-28,416.6666666666667,69.44926633226585,5.0,1.0
LOAN_141,2022-12-28,416.6666666666667,69.44926633226585,5.0,1.0
LOAN_142,2021-06-29,625.0,187.19807668789625,5.0,1.0
LOAN_142,2021-07-29,625.0,187.19807668789625,5.0,1.0
LOAN_142,2021-08-28,625.0,187.19807668789625,5.0,1.0
LOAN_142,2021-09-27,625.0,187.19807668789625,5.0,1.0
LOAN_142,2021-10-27,625.0,187.19807668789625,5.0,1.0
LOAN_142,2021-11-26,625.0,187.19807668789625,5.0,1.0
LOAN_142,2021-12-26,625.0,187.19807668789625,5.0,1.0
LOAN_142,2022-01-25,625.0,187.19807668789625,5.0,1.0
LOAN_142,2022-02-24,625.0,187.19807668789625,5.0,1.0
LOAN_142,2022-03-26,625.0,187.19807668789625,5.0,1.0
LOAN_142,2022-04-25,625.0,187.19807668789625,5.0,1.0
LOAN_142,2022-05-25,625.0,187.19807668789625,5.0,1.0
LOAN_142,2022-06-24,625.0,187.19807668789625,5.0,1.0
LOAN_142,2022-07-24,625.0,187.19807668789625,5.0,1.0
LOAN_142,2022-08-23,625.0,187.19807668789625,5.0,1.0
LOAN_142,2022-09-22,625.0,187.19807668789625,5.0,1.0
LOAN_142,2022-10-22,625.0,187.19807668789625,5.0,1.0
LOAN_142,2022-11-21,625.0,187.19807668789625,5.0,1.0
LOAN_142,2022-12-21,625.0,187.19807668789625,5.0,1.0
LOAN_142,2023-01-20,625.0,187.19807668789625,5.0,1.0
LOAN_142,2023-02-19,625.0,187.19807668789625,5.0,1.0
LOAN_142,2023-03-21,625.0,187.19807668789625,5.0,1.0
LOAN_142,2023-04-20,625.0,187.19807668789625,5.0,1.0
LOAN_142,2023-05-20,625.0,187.19807668789625,5.0,1.0
LOAN_143,2022-07-25,625.0,111.6219670727081,5.0,1.0
LOAN_143,2022-08-24,625.0,111.6219670727081,5.0,1.0
LOAN_143,2022-09-23,625.0,111.6219670727081,5.0,1.0
LOAN_143,2022-10-23,625.0,111.6219670727081,5.0,1.0
LOAN_143,2022-11-22,625.0,111.6219670727081,5.0,1.0
LOAN_143,2022-12-22,625.0,111.6219670727081,5.0,1.0
LOAN_143,2023-01-21,625.0,111.6219670727081,5.0,1.0
LOAN_143,2023-02-20,625.0,111.6219670727081,5.0,1.0
LOAN_143,2023-03-22,625.0,111.6219670727081,5.0,1.0
LOAN_143,2023-04-21,625.0,111.6219670727081,5.0,1.0
LOAN_143,2023-05-21,625.0,111.6219670727081,5.0,1.0
LOAN_143,2023-06-20,625.0,111.6219670727081,5.0,1.0
LOAN_143,2023-07-20,625.0,111.6219670727081,5.0,1.0
LOAN_143,2023-08-19,625.0,111.6219670727081,5.0,1.0
LOAN_143,2023-09-18,625.0,111.6219670727081,5.0,1.0
LOAN_143,2023-10-18,625.0,111.6219670727081,5.0,1.0
LOAN_143,2023-11-17,625.0,111.6219670727081,5.0,1.0
LOAN_143,2023-12-17,625.0,111.6219670727081,5.0,1.0
LOAN_143,2024-01-16,625.0,111.6219670727081,5.0,1.0
LOAN_143,2024-02-15,625.0,111.6219670727081,5.0,1.0
LOAN_143,2024-03-16,625.0,111.6219670727081,5.0,1.0
LOAN_143,2024-04-15,625.0,111.6219670727081,5.0,1.0
LOAN_143,2024-05-15,625.0,111.6219670727081,5.0,1.0
LOAN_143,2024-06-14,625.0,111.6219670727081,5.0,1.0
LOAN_144,2021-04-14,416.6666666666667,38.25647715319645,5.0,1.0
LOAN_144,2021-05-14,416.6666666666667,38.25647715319645,5.0,1.0
LOAN_144,2021-06-13,416.6666666666667,38.25647715319645,5.0,1.0
LOAN_144,2021-07-13,416.6666666666667,38.25647715319645,5.0,1.0
LOAN_144,2021-08-12,416.6666666666667,38.25647715319645,5.0,1.0
LOAN_144,2021-09-11,416.6666666666667,38.25647715319645,5.0,1.0
LOAN_144,2021-10-11,416.6666666666667,38.25647715319645,5.0,1.0
LOAN_144,2021-11-10,416.6666666666667,38.25647715319645,5.0,1.0
LOAN_144,2021-12-10,416.6666666666667,38.25647715319645,5.0,1.0
LOAN_144,2022-01-09,416.6666666666667,38.25647715319645,5.0,1.0
LOAN_144,2022-02-08,416.6666666666667,38.25647715319645,5.0,1.0
LOAN_144,2022-03-10,416.6666666666667,38.25647715319645,5.0,1.0
LOAN_145,2022-12-13,833.3333333333334,262.5406185332547,5.0,1.0
LOAN_145,2023-01-12,833.3333333333334,262.5406185332547,5.0,1.0
LOAN_145,2023-02-11,833.3333333333334,262.5406185332547,5.0,1.0
LOAN_145,2023-03-13,833.3333333333334,262.5406185332547,5.0,1.0
LOAN_145,2023-04-12,833.3333333333334,262.5406185332547,5.0,1.0
LOAN_145,2023-05-12,833.3333333333334,262.5406185332547,5.0,1.0
LOAN_145,2023-06-11,833.3333333333334,262.5406185332547,5.0,1.0
LOAN_145,2023-07-11,833.3333333333334,262.5406185332547,5.0,1.0
LOAN_145,2023-08-10,833.3333333333334,262.5406185332547,5.0,1.0
LOAN_145,2023-09-09,833.3333333333334,262.5406185332547,5.0,1.0
LOAN_145,2023-10-09,833.3333333333334,262.5406185332547,5.0,1.0
LOAN_145,2023-11-08,833.3333333333334,262.5406185332547,5.0,1.0
LOAN_145,2023-12-08,833.3333333333334,262.5406185332547,5.0,1.0
LOAN_145,2024-01-07,833.3333333333334,262.5406185332547,5.0,1.0
LOAN_145,2024-02-06,833.3333333333334,262.5406185332547,5.0,1.0
LOAN_145,2024-03-07,833.3333333333334,262.5406185332547,5.0,1.0
LOAN_145,2024-04-06,833.3333333333334,262.5406185332547,5.0,1.0
LOAN_145,2024-05-06,833.3333333333334,262.5406185332547,5.0,1.0
LOAN_145,2024-06-05,833.3333333333334,262.5406185332547,5.0,1.0
LOAN_145,2024-07-05,833.3333333333334,262.5406185332547,5.0,1.0
LOAN_145,2024-08-04,833.3333333333334,262.5406185332547,5.0,1.0
LOAN_145,2024-09-03,833.3333333333334,262.5406185332547,5.0,1.0
LOAN_145,2024-10-03,833.3333333333334,262.5406185332547,5.0,1.0
LOAN_145,2024-11-02,833.3333333333334,262.5406185332547,5.0,1.0
LOAN_146,2023-01-19,1250.0,104.89567062279018,5.0,1.0
LOAN_146,2023-02-18,1250.0,104.89567062279018,5.0,1.0
LOAN_146,2023-03-20,1250.0,104.89567062279018,5.0,1.0
LOAN_146,2023-04-19,1250.0,104.89567062279018,5.0,1.0
LOAN_146,2023-05-19,1250.0,104.89567062279018,5.0,1.0
LOAN_146,2023-06-18,1250.0,104.89567062279018,5.0,1.0
LOAN_146,2023-07-18,1250.0,104.89567062279018,5.0,1.0
LOAN_146,2023-08-17,1250.0,104.89567062279018,5.0,1.0
LOAN_146,2023-09-16,1250.0,104.89567062279018,5.0,1.0
LOAN_146,2023-10-16,1250.0,104.89567062279018,5.0,1.0
LOAN_146,2023-11-15,1250.0,104.89567062279018,5.0,1.0
LOAN_146,2023-12-15,1250.0,104.89567062279018,5.0,1.0
LOAN_147,2021-12-07,416.6666666666667,48.7806773888661,5.0,1.0
LOAN_147,2022-01-06,416.6666666666667,48.7806773888661,5.0,1.0
LOAN_147,2022-02-05,416.6666666666667,48.7806773888661,5.0,1.0
LOAN_147,2022-03-07,416.6666666666667,48.7806773888661,5.0,1.0
LOAN_147,2022-04-06,416.6666666666667,48.7806773888661,5.0,1.0
LOAN_147,2022-05-06,416.6666666666667,48.7806773888661,5.0,1.0
LOAN_147,2022-06-05,416.6666666666667,48.7806773888661,5.0,1.0
LOAN_147,2022-07-05,416.6666666666667,48.7806773888661,5.0,1.0
LOAN_147,2022-08-04,416.6666666666667,48.7806773888661,5.0,1.0
LOAN_147,2022-09-03,416.6666666666667,48.7806773888661,5.0,1.0
LOAN_147,2022-10-03,416.6666666666667,48.7806773888661,5.0,1.0
LOAN_147,2022-11-02,416.6666666666667,48.7806773888661,5.0,1.0
LOAN_148,2021-05-26,833.3333333333334,72.44063561582651,5.0,1.0
LOAN_148,2021-06-25,833.3333333333334,72.44063561582651,5.0,1.0
LOAN_148,2021-07-25,833.3333333333334,72.44063561582651,5.0,1.0
LOAN_148,2021-08-24,833.3333333333334,72.44063561582651,5.0,1.0
LOAN_148,2021-09-23,833.3333333333334,72.44063561582651,5.0,1.0
LOAN_148,2021-10-23,833.3333333333334,72.44063561582651,5.0,1.0
LOAN_148,2021-11-22,833.3333333333334,72.44063561582651,5.0,1.0
LOAN_148,2021-12-22,833.3333333333334,72.44063561582651,5.0,1.0
LOAN_148,2022-01-21,833.3333333333334,72.44063561582651,5.0,1.0
LOAN_148,2022-02-20,833.3333333333334,72.44063561582651,5.0,1.0
LOAN_148,2022-03-22,833.3333333333334,72.44063561582651,5.0,1.0
LOAN_148,2022-04-21,833.3333333333334,72.44063561582651,5.0,1.0
LOAN_149,2022-01-29,208.33333333333334,48.427307138017945,5.0,1.0
LOAN_149,2022-02-28,208.33333333333334,48.427307138017945,5.0,1.0
LOAN_149,2022-03-30,208.33333333333334,48.427307138017945,5.0,1.0
LOAN_149,2022-04-29,208.33333333333334,48.427307138017945,5.0,1.0
LOAN_149,2022-05-29,208.33333333333334,48.427307138017945,5.0,1.0
LOAN_149,2022-06-28,208.33333333333334,48.427307138017945,5.0,1.0
LOAN_149,2022-07-28,208.33333333333334,48.427307138017945,5.0,1.0
LOAN_149,2022-08-27,208.33333333333334,48.427307138017945,5.0,1.0
LOAN_149,2022-09-26,208.33333333333334,48.427307138017945,5.0,1.0
LOAN_149,2022-10-26,208.33333333333334,48.427307138017945,5.0,1.0
LOAN_149,2022-11-25,208.33333333333334,48.427307138017945,5.0,1.0
LOAN_149,2022-12-25,208.33333333333334,48.427307138017945,5.0,1.0
LOAN_149,2023-01-24,208.33333333333334,48.427307138017945,5.0,1.0
LOAN_149,2023-02-23,208.33333333333334,48.427307138017945,5.0,1.0
LOAN_149,2023-03-25,208.33333333333334,48.427307138017945,5.0,1.0
LOAN_149,2023-04-24,208.33333333333334,48.427307138017945,5.0,1.0
LOAN_149,2023-05-24,208.33333333333334,48.427307138017945,5.0,1.0
LOAN_149,2023-06-23,208.33333333333334,48.427307138017945,5.0,1.0
LOAN_149,2023-07-23,208.33333333333334,48.427307138017945,5.0,1.0
LOAN_149,2023-08-22,208.33333333333334,48.427307138017945,5.0,1.0
LOAN_149,2023-09-21,208.33333333333334,48.427307138017945,5.0,1.0
LOAN_149,2023-10-21,208.33333333333334,48.427307138017945,5.0,1.0
LOAN_149,2023-11-20,208.33333333333334,48.427307138017945,5.0,1.0
LOAN_149,2023-12-20,208.33333333333334,48.427307138017945,5.0,1.0
LOAN_150,2021-03-06,416.6666666666667,78.16826948004494,5.0,1.0
LOAN_150,2021-04-05,416.6666666666667,78.16826948004494,5.0,1.0
LOAN_150,2021-05-05,416.6666666666667,78.16826948004494,5.0,1.0
LOAN_150,2021-06-04,416.6666666666667,78.16826948004494,5.0,1.0
LOAN_150,2021-07-04,416.6666666666667,78.16826948004494,5.0,1.0
LOAN_150,2021-08-03,416.6666666666667,78.16826948004494,5.0,1.0
LOAN_150,2021-09-02,416.6666666666667,78.16826948004494,5.0,1.0
LOAN_150,2021-10-02,416.6666666666667,78.16826948004494,5.0,1.0
LOAN_150,2021-11-01,416.6666666666667,78.16826948004494,5.0,1.0
LOAN_150,2021-12-01,416.6666666666667,78.16826948004494,5.0,1.0
LOAN_150,2021-12-31,416.6666666666667,78.16826948004494,5.0,1.0
LOAN_150,2022-01-30,416.6666666666667,78.16826948004494,5.0,1.0
LOAN_150,2022-03-01,416.6666666666667,78.16826948004494,5.0,1.0
LOAN_150,2022-03-31,416.6666666666667,78.16826948004494,5.0,1.0
LOAN_150,2022-04-30,416.6666666666667,78.16826948004494,5.0,1.0
LOAN_150,2022-05-30,416.6666666666667,78.16826948004494,5.0,1.0
LOAN_150,2022-06-29,416.6666666666667,78.16826948004494,5.0,1.0
LOAN_150,2022-07-29,416.6666666666667,78.16826948004494,5.0,1.0
LOAN_150,2022-08-28,416.6666666666667,78.16826948004494,5.0,1.0
LOAN_150,2022-09-27,416.6666666666667,78.16826948004494,5.0,1.0
LOAN_150,2022-10-27,416.6666666666667,78.16826948004494,5.0,1.0
LOAN_150,2022-11-26,416.6666666666667,78.16826948004494,5.0,1.0
LOAN_150,2022-12-26,416.6666666666667,78.16826948004494,5.0,1.0
LOAN_150,2023-01-25,416.6666666666667,78.16826948004494,5.0,1.0
LOAN_151,2021-09-16,1250.0,223.91534756131364,5.0,1.0
LOAN_151,2021-10-16,1250.0,223.91534756131364,5.0,1.0
LOAN_151,2021-11-15,1250.0,223.91534756131364,5.0,1.0
LOAN_151,2021-12-15,1250.0,223.91534756131364,5.0,1.0
LOAN_151,2022-01-14,1250.0,223.91534756131364,5.0,1.0
LOAN_151,2022-02-13,1250.0,223.91534756131364,5.0,1.0
LOAN_151,2022-03-15,1250.0,223.91534756131364,5.0,1.0
LOAN_151,2022-04-14,1250.0,223.91534756131364,5.0,1.0
LOAN_151,2022-05-14,1250.0,223.91534756131364,5.0,1.0
LOAN_151,2022-06-13,1250.0,223.91534756131364,5.0,1.0
LOAN_151,2022-07-13,1250.0,223.91534756131364,5.0,1.0
LOAN_151,2022-08-12,1250.0,223.91534756131364,5.0,1.0
LOAN_152,2022-04-10,1250.0,138.95354942449237,5.0,1.0
LOAN_152,2022-05-10,1250.0,138.95354942449237,5.0,1.0
LOAN_152,2022-06-09,1250.0,138.95354942449237,5.0,1.0
LOAN_152,2022-07-09,1250.0,138.95354942449237,5.0,1.0
LOAN_152,2022-08-08,1250.0,138.95354942449237,5.0,1.0
LOAN_152,2022-09-07,1250.0,138.95354942449237,5.0,1.0
LOAN_152,2022-10-07,1250.0,138.95354942449237,5.0,1.0
LOAN_152,2022-11-06,1250.0,138.95354942449237,5.0,1.0
LOAN_152,2022-12-06,1250.0,138.95354942449237,5.0,1.0
LOAN_152,2023-01-05,1250.0,138.95354942449237,5.0,1.0
LOAN_152,2023-02-04,1250.0,138.95354942449237,5.0,1.0
LOAN_152,2023-03-06,1250.0,138.95354942449237,5.0,1.0
LOAN_153,2022-07-07,1666.6666666666667,143.28824122010977,5.0,1.0
LOAN_153,2022-08-06,1666.6666666666667,143.28824122010977,5.0,1.0
LOAN_153,2022-09-05,1666.6666666666667,143.28824122010977,5.0,1.0
LOAN_153,2022-10-05,1666.6666666666667,143.28824122010977,5.0,1.0
LOAN_153,2022-11-04,1666.6666666666667,143.28824122010977,5.0,1.0
LOAN_153,2022-12-04,1666.6666666666667,143.28824122010977,5.0,1.0
LOAN_153,2023-01-03,1666.6666666666667,143.28824122010977,5.0,1.0
LOAN_153,2023-02-02,1666.6666666666667,143.28824122010977,5.0,1.0
LOAN_153,2023-03-04,1666.6666666666667,143.28824122010977,5.0,1.0
LOAN_153,2023-04-03,1666.6666666666667,143.28824122010977,5.0,1.0
LOAN_153,2023-05-03,1666.6666666666667,143.28824122010977,5.0,1.0
LOAN_153,2023-06-02,1666.6666666666667,143.28824122010977,5.0,1.0
LOAN_154,2022-01-12,625.0,200.8646115214148,5.0,1.0
LOAN_154,2022-02-11,625.0,200.8646115214148,5.0,1.0
LOAN_154,2022-03-13,625.0,200.8646115214148,5.0,1.0
LOAN_154,2022-04-12,625.0,200.8646115214148,5.0,1.0
LOAN_154,2022-05-12,625.0,200.8646115214148,5.0,1.0
LOAN_154,2022-06-11,625.0,200.8646115214148,5.0,1.0
LOAN_154,2022-07-11,625.0,200.8646115214148,5.0,1.0
LOAN_154,2022-08-10,625.0,200.8646115214148,5.0,1.0
LOAN_154,2022-09-09,625.0,200.8646115214148,5.0,1.0
LOAN_154,2022-10-09,625.0,200.8646115214148,5.0,1.0
LOAN_154,2022-11-08,625.0,200.8646115214148,5.0,1.0
LOAN_154,2022-12-08,625.0,200.8646115214148,5.0,1.0
LOAN_154,2023-01-07,625.0,200.8646115214148,5.0,1.0
LOAN_154,2023-02-06,625.0,200.8646115214148,5.0,1.0
LOAN_154,2023-03-08,625.0,200.8646115214148,5.0,1.0
LOAN_154,2023-04-07,625.0,200.8646115214148,5.0,1.0
LOAN_154,2023-05-07,625.0,200.8646115214148,5.0,1.0
LOAN_154,2023-06-06,625.0,200.8646115214148,5.0,1.0
LOAN_154,2023-07-06,625.0,200.8646115214148,5.0,1.0
LOAN_154,2023-08-05,625.0,200.8646115214148,5.0,1.0
LOAN_154,2023-09-04,625.0,200.8646115214148,5.0,1.0
LOAN_154,2023-10-04,625.0,200.8646115214148,5.0,1.0
LOAN_154,2023-11-03,625.0,200.8646115214148,5.0,1.0
LOAN_154,2023-12-03,625.0,200.8646115214148,5.0,1.0
LOAN_155,2021-06-23,208.33333333333334,51.099969807177324,5.0,1.0
LOAN_155,2021-07-23,208.33333333333334,51.099969807177324,5.0,1.0
LOAN_155,2021-08-22,208.33333333333334,51.099969807177324,5.0,1.0
LOAN_155,2021-09-21,208.33333333333334,51.099969807177324,5.0,1.0
LOAN_155,2021-10-21,208.33333333333334,51.099969807177324,5.0,1.0
LOAN_155,2021-11-20,208.33333333333334,51.099969807177324,5.0,1.0
LOAN_155,2021-12-20,208.33333333333334,51.099969807177324,5.0,1.0
LOAN_155,2022-01-19,208.33333333333334,51.099969807177324,5.0,1.0
LOAN_155,2022-02-18,208.33333333333334,51.099969807177324,5.0,1.0
LOAN_155,2022-03-20,208.33333333333334,51.099969807177324,5.0,1.0
LOAN_155,2022-04-19,208.33333333333334,51.099969807177324,5.0,1.0
LOAN_155,2022-05-19,208.33333333333334,51.099969807177324,5.0,1.0
LOAN_155,2022-06-18,208.33333333333334,51.099969807177324,5.0,1.0
LOAN_155,2022-07-18,208.33333333333334,51.099969807177324,5.0,1.0
LOAN_155,2022-08-17,208.33333333333334,51.099969807177324,5.0,1.0
LOAN_155,2022-09-16,208.33333333333334,51.099969807177324,5.0,1.0
LOAN_155,2022-10-16,208.33333333333334,51.099969807177324,5.0,1.0
LOAN_155,2022-11-15,208.33333333333334,51.099969807177324,5.0,1.0
LOAN_155,2022-12-15,208.33333333333334,51.099969807177324,5.0,1.0
LOAN_155,2023-01-14,208.33333333333334,51.099969807177324,5.0,1.0
LOAN_155,2023-02-13,208.33333333333334,51.099969807177324,5.0,1.0
LOAN_155,2023-03-15,208.33333333333334,51.099969807177324,5.0,1.0
LOAN_155,2023-04-14,208.33333333333334,51.099969807177324,5.0,1.0
LOAN_155,2023-05-14,208.33333333333334,51.099969807177324,5.0,1.0
LOAN_156,2022-10-05,208.33333333333334,47.98219534420259,5.0,1.0
LOAN_156,2022-11-04,208.33333333333334,47.98219534420259,5.0,1.0
LOAN_156,2022-12-04,208.33333333333334,47.98219534420259,5.0,1.0
LOAN_156,2023-01-03,208.33333333333334,47.98219534420259,5.0,1.0
LOAN_156,2023-02-02,208.33333333333334,47.98219534420259,5.0,1.0
LOAN_156,2023-03-04,208.33333333333334,47.98219534420259,5.0,1.0
LOAN_156,2023-04-03,208.33333333333334,47.98219534420259,5.0,1.0
LOAN_156,2023-05-03,208.33333333333334,47.98219534420259,5.0,1.0
LOAN_156,2023-06-02,208.33333333333334,47.98219534420259,5.0,1.0
LOAN_156,2023-07-02,208.33333333333334,47.98219534420259,5.0,1.0
LOAN_156,2023-08-01,208.33333333333334,47.98219534420259,5.0,1.0
LOAN_156,2023-08-31,208.33333333333334,47.98219534420259,5.0,1.0
LOAN_156,2023-09-30,208.33333333333334,47.98219534420259,5.0,1.0
LOAN_156,2023-10-30,208.33333333333334,47.98219534420259,5.0,1.0
LOAN_156,2023-11-29,208.33333333333334,47.98219534420259,5.0,1.0
LOAN_156,2023-12-29,208.33333333333334,47.98219534420259,5.0,1.0
LOAN_156,2024-01-28,208.33333333333334,47.98219534420259,5.0,1.0
LOAN_156,2024-02-27,208.33333333333334,47.98219534420259,5.0,1.0
LOAN_156,2024-03-28,208.33333333333334,47.98219534420259,5.0,1.0
LOAN_156,2024-04-27,208.33333333333334,47.98219534420259,5.0,1.0
LOAN_156,2024-05-27,208.33333333333334,47.98219534420259,5.0,1.0
LOAN_156,2024-06-26,208.33333333333334,47.98219534420259,5.0,1.0
LOAN_156,2024-07-26,208.33333333333334,47.98219534420259,5.0,1.0
LOAN_156,2024-08-25,208.33333333333334,47.98219534420259,5.0,1.0
LOAN_157,2021-06-20,1250.0,155.5543167528737,5.0,1.0
LOAN_157,2021-07-20,1250.0,155.5543167528737,5.0,1.0
LOAN_157,2021-08-19,1250.0,155.5543167528737,5.0,1.0
LOAN_157,2021-09-18,1250.0,155.5543167528737,5.0,1.0
LOAN_157,2021-10-18,1250.0,155.5543167528737,5.0,1.0
LOAN_157,2021-11-17,1250.0,155.5543167528737,5.0,1.0
LOAN_157,2021-12-17,1250.0,155.5543167528737,5.0,1.0
LOAN_157,2022-01-16,1250.0,155.5543167528737,5.0,1.0
LOAN_157,2022-02-15,1250.0,155.5543167528737,5.0,1.0
LOAN_157,2022-03-17,1250.0,155.5543167528737,5.0,1.0
LOAN_157,2022-04-16,1250.0,155.5543167528737,5.0,1.0
LOAN_157,2022-05-16,1250.0,155.5543167528737,5.0,1.0
LOAN_158,2021-08-03,208.33333333333334,65.64265145121708,5.0,1.0
LOAN_158,2021-09-02,208.33333333333334,65.64265145121708,5.0,1.0
LOAN_158,2021-10-02,208.33333333333334,65.64265145121708,5.0,1.0
LOAN_158,2021-11-01,208.33333333333334,65.64265145121708,5.0,1.0
LOAN_158,2021-12-01,208.33333333333334,65.64265145121708,5.0,1.0
LOAN_158,2021-12-31,208.33333333333334,65.64265145121708,5.0,1.0
LOAN_158,2022-01-30,208.33333333333334,65.64265145121708,5.0,1.0
LOAN_158,2022-03-01,208.33333333333334,65.64265145121708,5.0,1.0
LOAN_158,2022-03-31,208.33333333333334,65.64265145121708,5.0,1.0
LOAN_158,2022-04-30,208.33333333333334,65.64265145121708,5.0,1.0
LOAN_158,2022-05-30,208.33333333333334,65.64265145121708,5.0,1.0
LOAN_158,2022-06-29,208.33333333333334,65.64265145121708,5.0,1.0
LOAN_158,2022-07-29,208.33333333333334,65.64265145121708,5.0,1.0
LOAN_158,2022-08-28,208.33333333333334,65.64265145121708,5.0,1.0
LOAN_158,2022-09-27,208.33333333333334,65.64265145121708,5.0,1.0
LOAN_158,2022-10-27,208.33333333333334,65.64265145121708,5.0,1.0
LOAN_158,2022-11-26,208.33333333333334,65.64265145121708,5.0,1.0
LOAN_158,2022-12-26,208.33333333333334,65.64265145121708,5.0,1.0
LOAN_158,2023-01-25,208.33333333333334,65.64265145121708,5.0,1.0
LOAN_158,2023-02-24,208.33333333333334,65.64265145121708,5.0,1.0
LOAN_158,2023-03-26,208.33333333333334,65.64265145121708,5.0,1.0
LOAN_158,2023-04-25,208.33333333333334,65.64265145121708,5.0,1.0
LOAN_158,2023-05-25,208.33333333333334,65.64265145121708,5.0,1.0
LOAN_158,2023-06-24,208.33333333333334,65.64265145121708,5.0,1.0
LOAN_159,2021-05-05,416.6666666666667,90.9090988490877,5.0,1.0
LOAN_159,2021-06-04,416.6666666666667,90.9090988490877,5.0,1.0
LOAN_159,2021-07-04,416.6666666666667,90.9090988490877,5.0,1.0
LOAN_159,2021-08-03,416.6666666666667,90.9090988490877,5.0,1.0
LOAN_159,2021-09-02,416.6666666666667,90.9090988490877,5.0,1.0
LOAN_159,2021-10-02,416.6666666666667,90.9090988490877,5.0,1.0
LOAN_159,2021-11-01,416.6666666666667,90.9090988490877,5.0,1.0
LOAN_159,2021-12-01,416.6666666666667,90.9090988490877,5.0,1.0
LOAN_159,2021-12-31,416.6666666666667,90.9090988490877,5.0,1.0
LOAN_159,2022-01-30,416.6666666666667,90.9090988490877,5.0,1.0
LOAN_159,2022-03-01,416.6666666666667,90.9090988490877,5.0,1.0
LOAN_159,2022-03-31,416.6666666666667,90.9090988490877,5.0,1.0
LOAN_159,2022-04-30,416.6666666666667,90.9090988490877,5.0,1.0
LOAN_159,2022-05-30,416.6666666666667,90.9090988490877,5.0,1.0
LOAN_159,2022-06-29,416.6666666666667,90.9090988490877,5.0,1.0
LOAN_159,2022-07-29,416.6666666666667,90.9090988490877,5.0,1.0
LOAN_159,2022-08-28,416.6666666666667,90.9090988490877,5.0,1.0
LOAN_159,2022-09-27,416.6666666666667,90.9090988490877,5.0,1.0
LOAN_159,2022-10-27,416.6666666666667,90.9090988490877,5.0,1.0
LOAN_159,2022-11-26,416.6666666666667,90.9090988490877,5.0,1.0
LOAN_159,2022-12-26,416.6666666666667,90.9090988490877,5.0,1.0
LOAN_159,2023-01-25,416.6666666666667,90.9090988490877,5.0,1.0
LOAN_159,2023-02-24,416.6666666666667,90.9090988490877,5.0,1.0
LOAN_159,2023-03-26,416.6666666666667,90.9090988490877,5.0,1.0
LOAN_160,2021-10-22,208.33333333333334,68.40311921232363,5.0,1.0
LOAN_160,2021-11-21,208.33333333333334,68.40311921232363,5.0,1.0
LOAN_160,2021-12-21,208.33333333333334,68.40311921232363,5.0,1.0
LOAN_160,2022-01-20,208.33333333333334,68.40311921232363,5.0,1.0
LOAN_160,2022-02-19,208.33333333333334,68.40311921232363,5.0,1.0
LOAN_160,2022-03-21,208.33333333333334,68.40311921232363,5.0,1.0
LOAN_160,2022-04-20,208.33333333333334,68.40311921232363,5.0,1.0
LOAN_160,2022-05-20,208.33333333333334,68.40311921232363,5.0,1.0
LOAN_160,2022-06-19,208.33333333333334,68.40311921232363,5.0,1.0
LOAN_160,2022-07-19,208.33333333333334,68.40311921232363,5.0,1.0
LOAN_160,2022-08-18,208.33333333333334,68.40311921232363,5.0,1.0
LOAN_160,2022-09-17,208.33333333333334,68.40311921232363,5.0,1.0
LOAN_160,2022-10-17,208.33333333333334,68.40311921232363,5.0,1.0
LOAN_160,2022-11-16,208.33333333333334,68.40311921232363,5.0,1.0
LOAN_160,2022-12-16,208.33333333333334,68.40311921232363,5.0,1.0
LOAN_160,2023-01-15,208.33333333333334,68.40311921232363,5.0,1.0
LOAN_160,2023-02-14,208.33333333333334,68.40311921232363,5.0,1.0
LOAN_160,2023-03-16,208.33333333333334,68.40311921232363,5.0,1.0
LOAN_160,2023-04-15,208.33333333333334,68.40311921232363,5.0,1.0
LOAN_160,2023-05-15,208.33333333333334,68.40311921232363,5.0,1.0
LOAN_160,2023-06-14,208.33333333333334,68.40311921232363,5.0,1.0
LOAN_160,2023-07-14,208.33333333333334,68.40311921232363,5.0,1.0
LOAN_160,2023-08-13,208.33333333333334,68.40311921232363,5.0,1.0
LOAN_160,2023-09-12,208.33333333333334,68.40311921232363,5.0,1.0
LOAN_161,2022-02-18,1250.0,205.10966188250828,5.0,1.0
LOAN_161,2022-03-20,1250.0,205.10966188250828,5.0,1.0
LOAN_161,2022-04-19,1250.0,205.10966188250828,5.0,1.0
LOAN_161,2022-05-19,1250.0,205.10966188250828,5.0,1.0
LOAN_161,2022-06-18,1250.0,205.10966188250828,5.0,1.0
LOAN_161,2022-07-18,1250.0,205.10966188250828,5.0,1.0
LOAN_161,2022-08-17,1250.0,205.10966188250828,5.0,1.0
LOAN_161,2022-09-16,1250.0,205.10966188250828,5.0,1.0
LOAN_161,2022-10-16,1250.0,205.10966188250828,5.0,1.0
LOAN_161,2022-11-15,1250.0,205.10966188250828,5.0,1.0
LOAN_161,2022-12-15,1250.0,205.10966188250828,5.0,1.0
LOAN_161,2023-01-14,1250.0,205.10966188250828,5.0,1.0
LOAN_162,2021-10-04,833.3333333333334,207.76841278381224,5.0,1.0
LOAN_162,2021-11-03,833.3333333333334,207.76841278381224,5.0,1.0
LOAN_162,2021-12-03,833.3333333333334,207.76841278381224,5.0,1.0
LOAN_162,2022-01-02,833.3333333333334,207.76841278381224,5.0,1.0
LOAN_162,2022-02-01,833.3333333333334,207.76841278381224,5.0,1.0
LOAN_162,2022-03-03,833.3333333333334,207.76841278381224,5.0,1.0
LOAN_162,2022-04-02,833.3333333333334,207.76841278381224,5.0,1.0
LOAN_162,2022-05-02,833.3333333333334,207.76841278381224,5.0,1.0
LOAN_162,2022-06-01,833.3333333333334,207.76841278381224,5.0,1.0
LOAN_162,2022-07-01,833.3333333333334,207.76841278381224,5.0,1.0
LOAN_162,2022-07-31,833.3333333333334,207.76841278381224,5.0,1.0
LOAN_162,2022-08-30,833.3333333333334,207.76841278381224,5.0,1.0
LOAN_162,2022-09-29,833.3333333333334,207.76841278381224,5.0,1.0
LOAN_162,2022-10-29,833.3333333333334,207.76841278381224,5.0,1.0
LOAN_162,2022-11-28,833.3333333333334,207.76841278381224,5.0,1.0
LOAN_162,2022-12-28,833.3333333333334,207.76841278381224,5.0,1.0
LOAN_162,2023-01-27,833.3333333333334,207.76841278381224,5.0,1.0
LOAN_162,2023-02-26,833.3333333333334,207.76841278381224,5.0,1.0
LOAN_162,2023-03-28,833.3333333333334,207.76841278381224,5.0,1.0
LOAN_162,2023-04-27,833.3333333333334,207.76841278381224,5.0,1.0
LOAN_162,2023-05-27,833.3333333333334,207.76841278381224,5.0,1.0
LOAN_162,2023-06-26,833.3333333333334,207.76841278381224,5.0,1.0
LOAN_162,2023-07-26,833.3333333333334,207.76841278381224,5.0,1.0
LOAN_162,2023-08-25,833.3333333333334,207.76841278381224,5.0,1.0
LOAN_163,2022-05-07,833.3333333333334,147.00502063865295,5.0,1.0
LOAN_163,2022-06-06,833.3333333333334,147.00502063865295,5.0,1.0
LOAN_163,2022-07-06,833.3333333333334,147.00502063865295,5.0,1.0
LOAN_163,2022-08-05,833.3333333333334,147.00502063865295,5.0,1.0
LOAN_163,2022-09-04,833.3333333333334,147.00502063865295,5.0,1.0
LOAN_163,2022-10-04,833.3333333333334,147.00502063865295,5.0,1.0
LOAN_163,2022-11-03,833.3333333333334,147.00502063865295,5.0,1.0
LOAN_163,2022-12-03,833.3333333333334,147.00502063865295,5.0,1.0
LOAN_163,2023-01-02,833.3333333333334,147.00502063865295,5.0,1.0
LOAN_163,2023-02-01,833.3333333333334,147.00502063865295,5.0,1.0
LOAN_163,2023-03-03,833.3333333333334,147.00502063865295,5.0,1.0
LOAN_163,2023-04-02,833.3333333333334,147.00502063865295,5.0,1.0
LOAN_163,2023-05-02,833.3333333333334,147.00502063865295,5.0,1.0
LOAN_163,2023-06-01,833.3333333333334,147.00502063865295,5.0,1.0
LOAN_163,2023-07-01,833.3333333333334,147.00502063865295,5.0,1.0
LOAN_163,2023-07-31,833.3333333333334,147.00502063865295,5.0,1.0
LOAN_163,2023-08-30,833.3333333333334,147.00502063865295,5.0,1.0
LOAN_163,2023-09-29,833.3333333333334,147.00502063865295,5.0,1.0
LOAN_163,2023-10-29,833.3333333333334,147.00502063865295,5.0,1.0
LOAN_163,2023-11-28,833.3333333333334,147.00502063865295,5.0,1.0
LOAN_163,2023-12-28,833.3333333333334,147.00502063865295,5.0,1.0
LOAN_163,2024-01-27,833.3333333333334,147.00502063865295,5.0,1.0
LOAN_163,2024-02-26,833.3333333333334,147.00502063865295,5.0,1.0
LOAN_163,2024-03-27,833.3333333333334,147.00502063865295,5.0,1.0
LOAN_164,2022-10-18,208.33333333333334,64.78004128496305,5.0,1.0
LOAN_164,2022-11-17,208.33333333333334,64.78004128496305,5.0,1.0
LOAN_164,2022-12-17,208.33333333333334,64.78004128496305,5.0,1.0
LOAN_164,2023-01-16,208.33333333333334,64.78004128496305,5.0,1.0
LOAN_164,2023-02-15,208.33333333333334,64.78004128496305,5.0,1.0
LOAN_164,2023-03-17,208.33333333333334,64.78004128496305,5.0,1.0
LOAN_164,2023-04-16,208.33333333333334,64.78004128496305,5.0,1.0
LOAN_164,2023-05-16,208.33333333333334,64.78004128496305,5.0,1.0
LOAN_164,2023-06-15,208.33333333333334,64.78004128496305,5.0,1.0
LOAN_164,2023-07-15,208.33333333333334,64.78004128496305,5.0,1.0
LOAN_164,2023-08-14,208.33333333333334,64.78004128496305,5.0,1.0
LOAN_164,2023-09-13,208.33333333333334,64.78004128496305,5.0,1.0
LOAN_164,2023-10-13,208.33333333333334,64.78004128496305,5.0,1.0
LOAN_164,2023-11-12,208.33333333333334,64.78004128496305,5.0,1.0
LOAN_164,2023-12-12,208.33333333333334,64.78004128496305,5.0,1.0
LOAN_164,2024-01-11,208.33333333333334,64.78004128496305,5.0,1.0
LOAN_164,2024-02-10,208.33333333333334,64.78004128496305,5.0,1.0
LOAN_164,2024-03-11,208.33333333333334,64.78004128496305,5.0,1.0
LOAN_164,2024-04-10,208.33333333333334,64.78004128496305,5.0,1.0
LOAN_164,2024-05-10,208.33333333333334,64.78004128496305,5.0,1.0
LOAN_164,2024-06-09,208.33333333333334,64.78004128496305,5.0,1.0
LOAN_164,2024-07-09,208.33333333333334,64.78004128496305,5.0,1.0
LOAN_164,2024-08-08,208.33333333333334,64.78004128496305,5.0,1.0
LOAN_164,2024-09-07,208.33333333333334,64.78004128496305,5.0,1.0
LOAN_165,2021-05-21,1250.0,111.68154458065652,5.0,1.0
LOAN_165,2021-06-20,1250.0,111.68154458065652,5.0,1.0
LOAN_165,2021-07-20,1250.0,111.68154458065652,5.0,1.0
LOAN_165,2021-08-19,1250.0,111.68154458065652,5.0,1.0
LOAN_165,2021-09-18,1250.0,111.68154458065652,5.0,1.0
LOAN_165,2021-10-18,1250.0,111.68154458065652,5.0,1.0
LOAN_165,2021-11-17,1250.0,111.68154458065652,5.0,1.0
LOAN_165,2021-12-17,1250.0,111.68154458065652,5.0,1.0
LOAN_165,2022-01-16,1250.0,111.68154458065652,5.0,1.0
LOAN_165,2022-02-15,1250.0,111.68154458065652,5.0,1.0
LOAN_165,2022-03-17,1250.0,111.68154458065652,5.0,1.0
LOAN_165,2022-04-16,1250.0,111.68154458065652,5.0,1.0
LOAN_166,2021-10-21,625.0,148.50879581282067,5.0,1.0
LOAN_166,2021-11-20,625.0,148.50879581282067,5.0,1.0
LOAN_166,2021-12-20,625.0,148.50879581282067,5.0,1.0
LOAN_166,2022-01-19,625.0,148.50879581282067,5.0,1.0
LOAN_166,2022-02-18,625.0,148.50879581282067,5.0,1.0
LOAN_166,2022-03-20,625.0,148.50879581282067,5.0,1.0
LOAN_166,2022-04-19,625.0,148.50879581282067,5.0,1.0
LOAN_166,2022-05-19,625.0,148.50879581282067,5.0,1.0
LOAN_166,2022-06-18,625.0,148.50879581282067,5.0,1.0
LOAN_166,2022-07-18,625.0,148.50879581282067,5.0,1.0
LOAN_166,2022-08-17,625.0,148.50879581282067,5.0,1.0
LOAN_166,2022-09-16,625.0,148.50879581282067,5.0,1.0
LOAN_166,2022-10-16,625.0,148.50879581282067,5.0,1.0
LOAN_166,2022-11-15,625.0,148.50879581282067,5.0,1.0
LOAN_166,2022-12-15,625.0,148.50879581282067,5.0,1.0
LOAN_166,2023-01-14,625.0,148.50879581282067,5.0,1.0
LOAN_166,2023-02-13,625.0,148.50879581282067,5.0,1.0
LOAN_166,2023-03-15,625.0,148.50879581282067,5.0,1.0
LOAN_166,2023-04-14,625.0,148.50879581282067,5.0,1.0
LOAN_166,2023-05-14,625.0,148.50879581282067,5.0,1.0
LOAN_166,2023-06-13,625.0,148.50879581282067,5.0,1.0
LOAN_166,2023-07-13,625.0,148.50879581282067,5.0,1.0
LOAN_166,2023-08-12,625.0,148.50879581282067,5.0,1.0
LOAN_166,2023-09-11,625.0,148.50879581282067,5.0,1.0
LOAN_167,2021-04-22,833.3333333333334,251.04915889450535,5.0,1.0
LOAN_167,2021-05-22,833.3333333333334,251.04915889450535,5.0,1.0
LOAN_167,2021-06-21,833.3333333333334,251.04915889450535,5.0,1.0
LOAN_167,2021-07-21,833.3333333333334,251.04915889450535,5.0,1.0
LOAN_167,2021-08-20,833.3333333333334,251.04915889450535,5.0,1.0
LOAN_167,2021-09-19,833.3333333333334,251.04915889450535,5.0,1.0
LOAN_167,2021-10-19,833.3333333333334,251.04915889450535,5.0,1.0
LOAN_167,2021-11-18,833.3333333333334,251.04915889450535,5.0,1.0
LOAN_167,2021-12-18,833.3333333333334,251.04915889450535,5.0,1.0
LOAN_167,2022-01-17,833.3333333333334,251.04915889450535,5.0,1.0
LOAN_167,2022-02-16,833.3333333333334,251.04915889450535,5.0,1.0
LOAN_167,2022-03-18,833.3333333333334,251.04915889450535,5.0,1.0
LOAN_167,2022-04-17,833.3333333333334,251.04915889450535,5.0,1.0
LOAN_167,2022-05-17,833.3333333333334,251.04915889450535,5.0,1.0
LOAN_167,2022-06-16,833.3333333333334,251.04915889450535,5.0,1.0
LOAN_167,2022-07-16,833.3333333333334,251.04915889450535,5.0,1.0
LOAN_167,2022-08-15,833.3333333333334,251.04915889450535,5.0,1.0
LOAN_167,2022-09-14,833.3333333333334,251.04915889450535,5.0,1.0
LOAN_167,2022-10-14,833.3333333333334,251.04915889450535,5.0,1.0
LOAN_167,2022-11-13,833.3333333333334,251.04915889450535,5.0,1.0
LOAN_167,2022-12-13,833.3333333333334,251.04915889450535,5.0,1.0
LOAN_167,2023-01-12,833.3333333333334,251.04915889450535,5.0,1.0
LOAN_167,2023-02-11,833.3333333333334,251.04915889450535,5.0,1.0
LOAN_167,2023-03-13,833.3333333333334,251.04915889450535,5.0,1.0
LOAN_168,2021-08-09,416.6666666666667,67.70432422206463,5.0,1.0
LOAN_168,2021-09-08,416.6666666666667,67.70432422206463,5.0,1.0
LOAN_168,2021-10-08,416.6666666666667,67.70432422206463,5.0,1.0
LOAN_168,2021-11-07,416.6666666666667,67.70432422206463,5.0,1.0
LOAN_168,2021-12-07,416.6666666666667,67.70432422206463,5.0,1.0
LOAN_168,2022-01-06,416.6666666666667,67.70432422206463,5.0,1.0
LOAN_168,2022-02-05,416.6666666666667,67.70432422206463,5.0,1.0
LOAN_168,2022-03-07,416.6666666666667,67.70432422206463,5.0,1.0
LOAN_168,2022-04-06,416.6666666666667,67.70432422206463,5.0,1.0
LOAN_168,2022-05-06,416.6666666666667,67.70432422206463,5.0,1.0
LOAN_168,2022-06-05,416.6666666666667,67.70432422206463,5.0,1.0
LOAN_168,2022-07-05,416.6666666666667,67.70432422206463,5.0,1.0
LOAN_168,2022-08-04,416.6666666666667,67.70432422206463,5.0,1.0
LOAN_168,2022-09-03,416.6666666666667,67.70432422206463,5.0,1.0
LOAN_168,2022-10-03,416.6666666666667,67.70432422206463,5.0,1.0
LOAN_168,2022-11-02,416.6666666666667,67.70432422206463,5.0,1.0
LOAN_168,2022-12-02,416.6666666666667,67.70432422206463,5.0,1.0
LOAN_168,2023-01-01,416.6666666666667,67.70432422206463,5.0,1.0
LOAN_168,2023-01-31,416.6666666666667,67.70432422206463,5.0,1.0
LOAN_168,2023-03-02,416.6666666666667,67.70432422206463,5.0,1.0
LOAN_168,2023-04-01,416.6666666666667,67.70432422206463,5.0,1.0
LOAN_168,2023-05-01,416.6666666666667,67.70432422206463,5.0,1.0
LOAN_168,2023-05-31,416.6666666666667,67.70432422206463,5.0,1.0
LOAN_168,2023-06-30,416.6666666666667,67.70432422206463,5.0,1.0
LOAN_169,2021-12-17,625.0,190.58821734658565,5.0,1.0
LOAN_169,2022-01-16,625.0,190.58821734658565,5.0,1.0
LOAN_169,2022-02-15,625.0,190.58821734658565,5.0,1.0
LOAN_169,2022-03-17,625.0,190.58821734658565,5.0,1.0
LOAN_169,2022-04-16,625.0,190.58821734658565,5.0,1.0
LOAN_169,2022-05-16,625.0,190.58821734658565,5.0,1.0
LOAN_169,2022-06-15,625.0,190.58821734658565,5.0,1.0
LOAN_169,2022-07-15,625.0,190.58821734658565,5.0,1.0
LOAN_169,2022-08-14,625.0,190.58821734658565,5.0,1.0
LOAN_169,2022-09-13,625.0,190.58821734658565,5.0,1.0
LOAN_169,2022-10-13,625.0,190.58821734658565,5.0,1.0
LOAN_169,2022-11-12,625.0,190.58821734658565,5.0,1.0
LOAN_169,2022-12-12,625.0,190.58821734658565,5.0,1.0
LOAN_169,2023-01-11,625.0,190.58821734658565,5.0,1.0
LOAN_169,2023-02-10,625.0,190.58821734658565,5.0,1.0
LOAN_169,2023-03-12,625.0,190.58821734658565,5.0,1.0
LOAN_169,2023-04-11,625.0,190.58821734658565,5.0,1.0
LOAN_169,2023-05-11,625.0,190.58821734658565,5.0,1.0
LOAN_169,2023-06-10,625.0,190.58821734658565,5.0,1.0
LOAN_169,2023-07-10,625.0,190.58821734658565,5.0,1.0
LOAN_169,2023-08-09,625.0,190.58821734658565,5.0,1.0
LOAN_169,2023-09-08,625.0,190.58821734658565,5.0,1.0
LOAN_169,2023-10-08,625.0,190.58821734658565,5.0,1.0
LOAN_169,2023-11-07,625.0,190.58821734658565,5.0,1.0
LOAN_170,2022-11-16,416.6666666666667,59.478365047213195,5.0,1.0
LOAN_170,2022-12-16,416.6666666666667,59.478365047213195,5.0,1.0
LOAN_170,2023-01-15,416.6666666666667,59.478365047213195,5.0,1.0
LOAN_170,2023-02-14,416.6666666666667,59.478365047213195,5.0,1.0
LOAN_170,2023-03-16,416.6666666666667,59.478365047213195,5.0,1.0
LOAN_170,2023-04-15,416.6666666666667,59.478365047213195,5.0,1.0
LOAN_170,2023-05-15,416.6666666666667,59.478365047213195,5.0,1.0
LOAN_170,2023-06-14,416.6666666666667,59.478365047213195,5.0,1.0
LOAN_170,2023-07-14,416.6666666666667,59.478365047213195,5.0,1.0
LOAN_170,2023-08-13,416.6666666666667,59.478365047213195,5.0,1.0
LOAN_170,2023-09-12,416.6666666666667,59.478365047213195,5.0,1.0
LOAN_170,2023-10-12,416.6666666666667,59.478365047213195,5.0,1.0
LOAN_171,2021-11-10,833.3333333333334,179.41842058188547,5.0,1.0
LOAN_171,2021-12-10,833.3333333333334,179.41842058188547,5.0,1.0
LOAN_171,2022-01-09,833.3333333333334,179.41842058188547,5.0,1.0
LOAN_171,2022-02-08,833.3333333333334,179.41842058188547,5.0,1.0
LOAN_171,2022-03-10,833.3333333333334,179.41842058188547,5.0,1.0
LOAN_171,2022-04-09,833.3333333333334,179.41842058188547,5.0,1.0
LOAN_171,2022-05-09,833.3333333333334,179.41842058188547,5.0,1.0
LOAN_171,2022-06-08,833.3333333333334,179.41842058188547,5.0,1.0
LOAN_171,2022-07-08,833.3333333333334,179.41842058188547,5.0,1.0
LOAN_171,2022-08-07,833.3333333333334,179.41842058188547,5.0,1.0
LOAN_171,2022-09-06,833.3333333333334,179.41842058188547,5.0,1.0
LOAN_171,2022-10-06,833.3333333333334,179.41842058188547,5.0,1.0
LOAN_171,2022-11-05,833.3333333333334,179.41842058188547,5.0,1.0
LOAN_171,2022-12-05,833.3333333333334,179.41842058188547,5.0,1.0
LOAN_171,2023-01-04,833.3333333333334,179.41842058188547,5.0,1.0
LOAN_171,2023-02-03,833.3333333333334,179.41842058188547,5.0,1.0
LOAN_171,2023-03-05,833.3333333333334,179.41842058188547,5.0,1.0
LOAN_171,2023-04-04,833.3333333333334,179.41842058188547,5.0,1.0
LOAN_171,2023-05-04,833.3333333333334,179.41842058188547,5.0,1.0
LOAN_171,2023-06-03,833.3333333333334,179.41842058188547,5.0,1.0
LOAN_171,2023-07-03,833.3333333333334,179.41842058188547,5.0,1.0
LOAN_171,2023-08-02,833.3333333333334,179.41842058188547,5.0,1.0
LOAN_171,2023-09-01,833.3333333333334,179.41842058188547,5.0,1.0
LOAN_171,2023-10-01,833.3333333333334,179.41842058188547,5.0,1.0
LOAN_172,2022-01-02,416.6666666666667,99.92856692105475,5.0,1.0
LOAN_172,2022-02-01,416.6666666666667,99.92856692105475,5.0,1.0
LOAN_172,2022-03-03,416.6666666666667,99.92856692105475,5.0,1.0
LOAN_172,2022-04-02,416.6666666666667,99.92856692105475,5.0,1.0
LOAN_172,2022-05-02,416.6666666666667,99.92856692105475,5.0,1.0
LOAN_172,2022-06-01,416.6666666666667,99.92856692105475,5.0,1.0
LOAN_172,2022-07-01,416.6666666666667,99.92856692105475,5.0,1.0
LOAN_172,2022-07-31,416.6666666666667,99.92856692105475,5.0,1.0
LOAN_172,2022-08-30,416.6666666666667,99.92856692105475,5.0,1.0
LOAN_172,2022-09-29,416.6666666666667,99.92856692105475,5.0,1.0
LOAN_172,2022-10-29,416.6666666666667,99.92856692105475,5.0,1.0
LOAN_172,2022-11-28,416.6666666666667,99.92856692105475,5.0,1.0
LOAN_172,2022-12-28,416.6666666666667,99.92856692105475,5.0,1.0
LOAN_172,2023-01-27,416.6666666666667,99.92856692105475,5.0,1.0
LOAN_172,2023-02-26,416.6666666666667,99.92856692105475,5.0,1.0
LOAN_172,2023-03-28,416.6666666666667,99.92856692105475,5.0,1.0
LOAN_172,2023-04-27,416.6666666666667,99.92856692105475,5.0,1.0
LOAN_172,2023-05-27,416.6666666666667,99.92856692105475,5.0,1.0
LOAN_172,2023-06-26,416.6666666666667,99.92856692105475,5.0,1.0
LOAN_172,2023-07-26,416.6666666666667,99.92856692105475,5.0,1.0
LOAN_172,2023-08-25,416.6666666666667,99.92856692105475,5.0,1.0
LOAN_172,2023-09-24,416.6666666666667,99.92856692105475,5.0,1.0
LOAN_172,2023-10-24,416.6666666666667,99.92856692105475,5.0,1.0
LOAN_172,2023-11-23,416.6666666666667,99.92856692105475,5.0,1.0
LOAN_173,2022-06-11,1666.6666666666667,278.72317475202317,5.0,1.0
LOAN_173,2022-07-11,1666.6666666666667,278.72317475202317,5.0,1.0
LOAN_173,2022-08-10,1666.6666666666667,278.72317475202317,5.0,1.0
LOAN_173,2022-09-09,1666.6666666666667,278.72317475202317,5.0,1.0
LOAN_173,2022-10-09,1666.6666666666667,278.72317475202317,5.0,1.0
LOAN_173,2022-11-08,1666.6666666666667,278.72317475202317,5.0,1.0
LOAN_173,2022-12-08,1666.6666666666667,278.72317475202317,5.0,1.0
LOAN_173,2023-01-07,1666.6666666666667,278.72317475202317,5.0,1.0
LOAN_173,2023-02-06,1666.6666666666667,278.72317475202317,5.0,1.0
LOAN_173,2023-03-08,1666.6666666666667,278.72317475202317,5.0,1.0
LOAN_173,2023-04-07,1666.6666666666667,278.72317475202317,5.0,1.0
LOAN_173,2023-05-07,1666.6666666666667,278.72317475202317,5.0,1.0
LOAN_174,2022-06-09,416.6666666666667,40.3353833484031,5.0,1.0
LOAN_174,2022-07-09,416.6666666666667,40.3353833484031,5.0,1.0
LOAN_174,2022-08-08,416.6666666666667,40.3353833484031,5.0,1.0
LOAN_174,2022-09-07,416.6666666666667,40.3353833484031,5.0,1.0
LOAN_174,2022-10-07,416.6666666666667,40.3353833484031,5.0,1.0
LOAN_174,2022-11-06,416.6666666666667,40.3353833484031,5.0,1.0
LOAN_174,2022-12-06,416.6666666666667,40.3353833484031,5.0,1.0
LOAN_174,2023-01-05,416.6666666666667,40.3353833484031,5.0,1.0
LOAN_174,2023-02-04,416.6666666666667,40.3353833484031,5.0,1.0
LOAN_174,2023-03-06,416.6666666666667,40.3353833484031,5.0,1.0
LOAN_174,2023-04-05,416.6666666666667,40.3353833484031,5.0,1.0
LOAN_174,2023-05-05,416.6666666666667,40.3353833484031,5.0,1.0
LOAN_175,2022-06-13,416.6666666666667,90.38257653984107,5.0,1.0
LOAN_175,2022-07-13,416.6666666666667,90.38257653984107,5.0,1.0
LOAN_175,2022-08-12,416.6666666666667,90.38257653984107,5.0,1.0
LOAN_175,2022-09-11,416.6666666666667,90.38257653984107,5.0,1.0
LOAN_175,2022-10-11,416.6666666666667,90.38257653984107,5.0,1.0
LOAN_175,2022-11-10,416.6666666666667,90.38257653984107,5.0,1.0
LOAN_175,2022-12-10,416.6666666666667,90.38257653984107,5.0,1.0
LOAN_175,2023-01-09,416.6666666666667,90.38257653984107,5.0,1.0
LOAN_175,2023-02-08,416.6666666666667,90.38257653984107,5.0,1.0
LOAN_175,2023-03-10,416.6666666666667,90.38257653984107,5.0,1.0
LOAN_175,2023-04-09,416.6666666666667,90.38257653984107,5.0,1.0
LOAN_175,2023-05-09,416.6666666666667,90.38257653984107,5.0,1.0
LOAN_175,2023-06-08,416.6666666666667,90.38257653984107,5.0,1.0
LOAN_175,2023-07-08,416.6666666666667,90.38257653984107,5.0,1.0
LOAN_175,2023-08-07,416.6666666666667,90.38257653984107,5.0,1.0
LOAN_175,2023-09-06,416.6666666666667,90.38257653984107,5.0,1.0
LOAN_175,2023-10-06,416.6666666666667,90.38257653984107,5.0,1.0
LOAN_175,2023-11-05,416.6666666666667,90.38257653984107,5.0,1.0
LOAN_175,2023-12-05,416.6666666666667,90.38257653984107,5.0,1.0
LOAN_175,2024-01-04,416.6666666666667,90.38257653984107,5.0,1.0
LOAN_175,2024-02-03,416.6666666666667,90.38257653984107,5.0,1.0
LOAN_175,2024-03-04,416.6666666666667,90.38257653984107,5.0,1.0
LOAN_175,2024-04-03,416.6666666666667,90.38257653984107,5.0,1.0
LOAN_175,2024-05-03,416.6666666666667,90.38257653984107,5.0,1.0
LOAN_176,2021-08-30,416.6666666666667,149.3847769871313,5.0,1.0
LOAN_176,2021-09-29,416.6666666666667,149.3847769871313,5.0,1.0
LOAN_176,2021-10-29,416.6666666666667,149.3847769871313,5.0,1.0
LOAN_176,2021-11-28,416.6666666666667,149.3847769871313,5.0,1.0
LOAN_176,2021-12-28,416.6666666666667,149.3847769871313,5.0,1.0
LOAN_176,2022-01-27,416.6666666666667,149.3847769871313,5.0,1.0
LOAN_176,2022-02-26,416.6666666666667,149.3847769871313,5.0,1.0
LOAN_176,2022-03-28,416.6666666666667,149.3847769871313,5.0,1.0
LOAN_176,2022-04-27,416.6666666666667,149.3847769871313,5.0,1.0
LOAN_176,2022-05-27,416.6666666666667,149.3847769871313,5.0,1.0
LOAN_176,2022-06-26,416.6666666666667,149.3847769871313,5.0,1.0
LOAN_176,2022-07-26,416.6666666666667,149.3847769871313,5.0,1.0
LOAN_176,2022-08-25,416.6666666666667,149.3847769871313,5.0,1.0
LOAN_176,2022-09-24,416.6666666666667,149.3847769871313,5.0,1.0
LOAN_176,2022-10-24,416.6666666666667,149.3847769871313,5.0,1.0
LOAN_176,2022-11-23,416.6666666666667,149.3847769871313,5.0,1.0
LOAN_176,2022-12-23,416.6666666666667,149.3847769871313,5.0,1.0
LOAN_176,2023-01-22,416.6666666666667,149.3847769871313,5.0,1.0
LOAN_176,2023-02-21,416.6666666666667,149.3847769871313,5.0,1.0
LOAN_176,2023-03-23,416.6666666666667,149.3847769871313,5.0,1.0
LOAN_176,2023-04-22,416.6666666666667,149.3847769871313,5.0,1.0
LOAN_176,2023-05-22,416.6666666666667,149.3847769871313,5.0,1.0
LOAN_176,2023-06-21,416.6666666666667,149.3847769871313,5.0,1.0
LOAN_176,2023-07-21,416.6666666666667,149.3847769871313,5.0,1.0
LOAN_177,2022-01-04,833.3333333333334,131.9421409527702,5.0,1.0
LOAN_177,2022-02-03,833.3333333333334,131.9421409527702,5.0,1.0
LOAN_177,2022-03-05,833.3333333333334,131.9421409527702,5.0,1.0
LOAN_177,2022-04-04,833.3333333333334,131.9421409527702,5.0,1.0
LOAN_177,2022-05-04,833.3333333333334,131.9421409527702,5.0,1.0
LOAN_177,2022-06-03,833.3333333333334,131.9421409527702,5.0,1.0
LOAN_177,2022-07-03,833.3333333333334,131.9421409527702,5.0,1.0
LOAN_177,2022-08-02,833.3333333333334,131.9421409527702,5.0,1.0
LOAN_177,2022-09-01,833.3333333333334,131.9421409527702,5.0,1.0
LOAN_177,2022-10-01,833.3333333333334,131.9421409527702,5.0,1.0
LOAN_177,2022-10-31,833.3333333333334,131.9421409527702,5.0,1.0
LOAN_177,2022-11-30,833.3333333333334,131.9421409527702,5.0,1.0
LOAN_178,2021-09-13,1250.0,218.30076025026517,5.0,1.0
LOAN_178,2021-10-13,1250.0,218.30076025026517,5.0,1.0
LOAN_178,2021-11-12,1250.0,218.30076025026517,5.0,1.0
LOAN_178,2021-12-12,1250.0,218.30076025026517,5.0,1.0
LOAN_178,2022-01-11,1250.0,218.30076025026517,5.0,1.0
LOAN_178,2022-02-10,1250.0,218.30076025026517,5.0,1.0
LOAN_178,2022-03-12,1250.0,218.30076025026517,5.0,1.0
LOAN_178,2022-04-11,1250.0,218.30076025026517,5.0,1.0
LOAN_178,2022-05-11,1250.0,218.30076025026517,5.0,1.0
LOAN_178,2022-06-10,1250.0,218.30076025026517,5.0,1.0
LOAN_178,2022-07-10,1250.0,218.30076025026517,5.0,1.0
LOAN_178,2022-08-09,1250.0,218.30076025026517,5.0,1.0
LOAN_179,2021-02-15,833.3333333333334,76.72763344382102,5.0,1.0
LOAN_179,2021-03-17,833.3333333333334,76.72763344382102,5.0,1.0
LOAN_179,2021-04-16,833.3333333333334,76.72763344382102,5.0,1.0
LOAN_179,2021-05-16,833.3333333333334,76.72763344382102,5.0,1.0
LOAN_179,2021-06-15,833.3333333333334,76.72763344382102,5.0,1.0
LOAN_179,2021-07-15,833.3333333333334,76.72763344382102,5.0,1.0
LOAN_179,2021-08-14,833.3333333333334,76.72763344382102,5.0,1.0
LOAN_179,2021-09-13,833.3333333333334,76.72763344382102,5.0,1.0
LOAN_179,2021-10-13,833.3333333333334,76.72763344382102,5.0,1.0
LOAN_179,2021-11-12,833.3333333333334,76.72763344382102,5.0,1.0
LOAN_179,2021-12-12,833.3333333333334,76.72763344382102,5.0,1.0
LOAN_179,2022-01-11,833.3333333333334,76.72763344382102,5.0,1.0
LOAN_180,2021-06-19,1250.0,209.6380527241316,5.0,1.0
LOAN_180,2021-07-19,1250.0,209.6380527241316,5.0,1.0
LOAN_180,2021-08-18,1250.0,209.6380527241316,5.0,1.0
LOAN_180,2021-09-17,1250.0,209.6380527241316,5.0,1.0
LOAN_180,2021-10-17,1250.0,209.6380527241316,5.0,1.0
LOAN_180,2021-11-16,1250.0,209.6380527241316,5.0,1.0
LOAN_180,2021-12-16,1250.0,209.6380527241316,5.0,1.0
LOAN_180,2022-01-15,1250.0,209.6380527241316,5.0,1.0
LOAN_180,2022-02-14,1250.0,209.6380527241316,5.0,1.0
LOAN_180,2022-03-16,1250.0,209.6380527241316,5.0,1.0
LOAN_180,2022-04-15,1250.0,209.6380527241316,5.0,1.0
LOAN_180,2022-05-15,1250.0,209.6380527241316,5.0,1.0
LOAN_181,2021-12-14,1250.0,220.70743199703165,5.0,1.0
LOAN_181,2022-01-13,1250.0,220.70743199703165,5.0,1.0
LOAN_181,2022-02-12,1250.0,220.70743199703165,5.0,1.0
LOAN_181,2022-03-14,1250.0,220.70743199703165,5.0,1.0
LOAN_181,2022-04-13,1250.0,220.70743199703165,5.0,1.0
LOAN_181,2022-05-13,1250.0,220.70743199703165,5.0,1.0
LOAN_181,2022-06-12,1250.0,220.70743199703165,5.0,1.0
LOAN_181,2022-07-12,1250.0,220.70743199703165,5.0,1.0
LOAN_181,2022-08-11,1250.0,220.70743199703165,5.0,1.0
LOAN_181,2022-09-10,1250.0,220.70743199703165,5.0,1.0
LOAN_181,2022-10-10,1250.0,220.70743199703165,5.0,1.0
LOAN_181,2022-11-09,1250.0,220.70743199703165,5.0,1.0
LOAN_182,2021-12-24,416.6666666666667,127.85261083861195,5.0,1.0
LOAN_182,2022-01-23,416.6666666666667,127.85261083861195,5.0,1.0
LOAN_182,2022-02-22,416.6666666666667,127.85261083861195,5.0,1.0
LOAN_182,2022-03-24,416.6666666666667,127.85261083861195,5.0,1.0
LOAN_182,2022-04-23,416.6666666666667,127.85261083861195,5.0,1.0
LOAN_182,2022-05-23,416.6666666666667,127.85261083861195,5.0,1.0
LOAN_182,2022-06-22,416.6666666666667,127.85261083861195,5.0,1.0
LOAN_182,2022-07-22,416.6666666666667,127.85261083861195,5.0,1.0
LOAN_182,2022-08-21,416.6666666666667,127.85261083861195,5.0,1.0
LOAN_182,2022-09-20,416.6666666666667,127.85261083861195,5.0,1.0
LOAN_182,2022-10-20,416.6666666666667,127.85261083861195,5.0,1.0
LOAN_182,2022-11-19,416.6666666666667,127.85261083861195,5.0,1.0
LOAN_182,2022-12-19,416.6666666666667,127.85261083861195,5.0,1.0
LOAN_182,2023-01-18,416.6666666666667,127.85261083861195,5.0,1.0
LOAN_182,2023-02-17,416.6666666666667,127.85261083861195,5.0,1.0
LOAN_182,2023-03-19,416.6666666666667,127.85261083861195,5.0,1.0
LOAN_182,2023-04-18,416.6666666666667,127.85261083861195,5.0,1.0
LOAN_182,2023-05-18,416.6666666666667,127.85261083861195,5.0,1.0
LOAN_182,2023-06-17,416.6666666666667,127.85261083861195,5.0,1.0
LOAN_182,2023-07-17,416.6666666666667,127.85261083861195,5.0,1.0
LOAN_182,2023-08-16,416.6666666666667,127.85261083861195,5.0,1.0
LOAN_182,2023-09-15,416.6666666666667,127.85261083861195,5.0,1.0
LOAN_182,2023-10-15,416.6666666666667,127.85261083861195,5.0,1.0
LOAN_182,2023-11-14,416.6666666666667,127.85261083861195,5.0,1.0
LOAN_183,2022-11-20,1250.0,157.3312369003376,5.0,1.0
LOAN_183,2022-12-20,1250.0,157.3312369003376,5.0,1.0
LOAN_183,2023-01-19,1250.0,157.3312369003376,5.0,1.0
LOAN_183,2023-02-18,1250.0,157.3312369003376,5.0,1.0
LOAN_183,2023-03-20,1250.0,157.3312369003376,5.0,1.0
LOAN_183,2023-04-19,1250.0,157.3312369003376,5.0,1.0
LOAN_183,2023-05-19,1250.0,157.3312369003376,5.0,1.0
LOAN_183,2023-06-18,1250.0,157.3312369003376,5.0,1.0
LOAN_183,2023-07-18,1250.0,157.3312369003376,5.0,1.0
LOAN_183,2023-08-17,1250.0,157.3312369003376,5.0,1.0
LOAN_183,2023-09-16,1250.0,157.3312369003376,5.0,1.0
LOAN_183,2023-10-16,1250.0,157.3312369003376,5.0,1.0
LOAN_184,2022-04-21,1666.6666666666667,163.09735194376034,5.0,1.0
LOAN_184,2022-05-21,1666.6666666666667,163.09735194376034,5.0,1.0
LOAN_184,2022-06-20,1666.6666666666667,163.09735194376034,5.0,1.0
LOAN_184,2022-07-20,1666.6666666666667,163.09735194376034,5.0,1.0
LOAN_184,2022-08-19,1666.6666666666667,163.09735194376034,5.0,1.0
LOAN_184,2022-09-18,1666.6666666666667,163.09735194376034,5.0,1.0
LOAN_184,2022-10-18,1666.6666666666667,163.09735194376034,5.0,1.0
LOAN_184,2022-11-17,1666.6666666666667,163.09735194376034,5.0,1.0
LOAN_184,2022-12-17,1666.6666666666667,163.09735194376034,5.0,1.0
LOAN_184,2023-01-16,1666.6666666666667,163.09735194376034,5.0,1.0
LOAN_184,2023-02-15,1666.6666666666667,163.09735194376034,5.0,1.0
LOAN_184,2023-03-17,1666.6666666666667,163.09735194376034,5.0,1.0
LOAN_185,2022-03-07,416.6666666666667,131.77963436139225,5.0,1.0
LOAN_185,2022-04-06,416.6666666666667,131.77963436139225,5.0,1.0
LOAN_185,2022-05-06,416.6666666666667,131.77963436139225,5.0,1.0
LOAN_185,2022-06-05,416.6666666666667,131.77963436139225,5.0,1.0
LOAN_185,2022-07-05,416.6666666666667,131.77963436139225,5.0,1.0
LOAN_185,2022-08-04,416.6666666666667,131.77963436139225,5.0,1.0
LOAN_185,2022-09-03,416.6666666666667,131.77963436139225,5.0,1.0
LOAN_185,2022-10-03,416.6666666666667,131.77963436139225,5.0,1.0
LOAN_185,2022-11-02,416.6666666666667,131.77963436139225,5.0,1.0
LOAN_185,2022-12-02,416.6666666666667,131.77963436139225,5.0,1.0
LOAN_185,2023-01-01,416.6666666666667,131.77963436139225,5.0,1.0
LOAN_185,2023-01-31,416.6666666666667,131.77963436139225,5.0,1.0
LOAN_185,2023-03-02,416.6666666666667,131.77963436139225,5.0,1.0
LOAN_185,2023-04-01,416.6666666666667,131.77963436139225,5.0,1.0
LOAN_185,2023-05-01,416.6666666666667,131.77963436139225,5.0,1.0
LOAN_185,2023-05-31,416.6666666666667,131.77963436139225,5.0,1.0
LOAN_185,2023-06-30,416.6666666666667,131.77963436139225,5.0,1.0
LOAN_185,2023-07-30,416.6666666666667,131.77963436139225,5.0,1.0
LOAN_185,2023-08-29,416.6666666666667,131.77963436139225,5.0,1.0
LOAN_185,2023-09-28,416.6666666666667,131.77963436139225,5.0,1.0
LOAN_185,2023-10-28,416.6666666666667,131.77963436139225,5.0,1.0
LOAN_185,2023-11-27,416.6666666666667,131.77963436139225,5.0,1.0
LOAN_185,2023-12-27,416.6666666666667,131.77963436139225,5.0,1.0
LOAN_185,2024-01-26,416.6666666666667,131.77963436139225,5.0,1.0
LOAN_186,2021-09-30,208.33333333333334,69.96566916737086,5.0,1.0
LOAN_186,2021-10-30,208.33333333333334,69.96566916737086,5.0,1.0
LOAN_186,2021-11-29,208.33333333333334,69.96566916737086,5.0,1.0
LOAN_186,2021-12-29,208.33333333333334,69.96566916737086,5.0,1.0
LOAN_186,2022-01-28,208.33333333333334,69.96566916737086,5.0,1.0
LOAN_186,2022-02-27,208.33333333333334,69.96566916737086,5.0,1.0
LOAN_186,2022-03-29,208.33333333333334,69.96566916737086,5.0,1.0
LOAN_186,2022-04-28,208.33333333333334,69.96566916737086,5.0,1.0
LOAN_186,2022-05-28,208.33333333333334,69.96566916737086,5.0,1.0
LOAN_186,2022-06-27,208.33333333333334,69.96566916737086,5.0,1.0
LOAN_186,2022-07-27,208.33333333333334,69.96566916737086,5.0,1.0
LOAN_186,2022-08-26,208.33333333333334,69.96566916737086,5.0,1.0
LOAN_186,2022-09-25,208.33333333333334,69.96566916737086,5.0,1.0
LOAN_186,2022-10-25,208.33333333333334,69.96566916737086,5.0,1.0
LOAN_186,2022-11-24,208.33333333333334,69.96566916737086,5.0,1.0
LOAN_186,2022-12-24,208.33333333333334,69.96566916737086,5.0,1.0
LOAN_186,2023-01-23,208.33333333333334,69.96566916737086,5.0,1.0
LOAN_186,2023-02-22,208.33333333333334,69.96566916737086,5.0,1.0
LOAN_186,2023-03-24,208.33333333333334,69.96566916737086,5.0,1.0
LOAN_186,2023-04-23,208.33333333333334,69.96566916737086,5.0,1.0
LOAN_186,2023-05-23,208.33333333333334,69.96566916737086,5.0,1.0
LOAN_186,2023-06-22,208.33333333333334,69.96566916737086,5.0,1.0
LOAN_186,2023-07-22,208.33333333333334,69.96566916737086,5.0,1.0
LOAN_186,2023-08-21,208.33333333333334,69.96566916737086,5.0,1.0
LOAN_187,2022-04-20,416.6666666666667,84.9028739142186,5.0,1.0
LOAN_187,2022-05-20,416.6666666666667,84.9028739142186,5.0,1.0
LOAN_187,2022-06-19,416.6666666666667,84.9028739142186,5.0,1.0
LOAN_187,2022-07-19,416.6666666666667,84.9028739142186,5.0,1.0
LOAN_187,2022-08-18,416.6666666666667,84.9028739142186,5.0,1.0
LOAN_187,2022-09-17,416.6666666666667,84.9028739142186,5.0,1.0
LOAN_187,2022-10-17,416.6666666666667,84.9028739142186,5.0,1.0
LOAN_187,2022-11-16,416.6666666666667,84.9028739142186,5.0,1.0
LOAN_187,2022-12-16,416.6666666666667,84.9028739142186,5.0,1.0
LOAN_187,2023-01-15,416.6666666666667,84.9028739142186,5.0,1.0
LOAN_187,2023-02-14,416.6666666666667,84.9028739142186,5.0,1.0
LOAN_187,2023-03-16,416.6666666666667,84.9028739142186,5.0,1.0
LOAN_187,2023-04-15,416.6666666666667,84.9028739142186,5.0,1.0
LOAN_187,2023-05-15,416.6666666666667,84.9028739142186,5.0,1.0
LOAN_187,2023-06-14,416.6666666666667,84.9028739142186,5.0,1.0
LOAN_187,2023-07-14,416.6666666666667,84.9028739142186,5.0,1.0
LOAN_187,2023-08-13,416.6666666666667,84.9028739142186,5.0,1.0
LOAN_187,2023-09-12,416.6666666666667,84.9028739142186,5.0,1.0
LOAN_187,2023-10-12,416.6666666666667,84.9028739142186,5.0,1.0
LOAN_187,2023-11-11,416.6666666666667,84.9028739142186,5.0,1.0
LOAN_187,2023-12-11,416.6666666666667,84.9028739142186,5.0,1.0
LOAN_187,2024-01-10,416.6666666666667,84.9028739142186,5.0,1.0
LOAN_187,2024-02-09,416.6666666666667,84.9028739142186,5.0,1.0
LOAN_187,2024-03-10,416.6666666666667,84.9028739142186,5.0,1.0
LOAN_188,2022-06-25,208.33333333333334,36.83672104707621,5.0,1.0
LOAN_188,2022-07-25,208.33333333333334,36.83672104707621,5.0,1.0
LOAN_188,2022-08-24,208.33333333333334,36.83672104707621,5.0,1.0
LOAN_188,2022-09-23,208.33333333333334,36.83672104707621,5.0,1.0
LOAN_188,2022-10-23,208.33333333333334,36.83672104707621,5.0,1.0
LOAN_188,2022-11-22,208.33333333333334,36.83672104707621,5.0,1.0
LOAN_188,2022-12-22,208.33333333333334,36.83672104707621,5.0,1.0
LOAN_188,2023-01-21,208.33333333333334,36.83672104707621,5.0,1.0
LOAN_188,2023-02-20,208.33333333333334,36.83672104707621,5.0,1.0
LOAN_188,2023-03-22,208.33333333333334,36.83672104707621,5.0,1.0
LOAN_188,2023-04-21,208.33333333333334,36.83672104707621,5.0,1.0
LOAN_188,2023-05-21,208.33333333333334,36.83672104707621,5.0,1.0
LOAN_188,2023-06-20,208.33333333333334,36.83672104707621,5.0,1.0
LOAN_188,2023-07-20,208.33333333333334,36.83672104707621,5.0,1.0
LOAN_188,2023-08-19,208.33333333333334,36.83672104707621,5.0,1.0
LOAN_188,2023-09-18,208.33333333333334,36.83672104707621,5.0,1.0
LOAN_188,2023-10-18,208.33333333333334,36.83672104707621,5.0,1.0
LOAN_188,2023-11-17,208.33333333333334,36.83672104707621,5.0,1.0
LOAN_188,2023-12-17,208.33333333333334,36.83672104707621,5.0,1.0
LOAN_188,2024-01-16,208.33333333333334,36.83672104707621,5.0,1.0
LOAN_188,2024-02-15,208.33333333333334,36.83672104707621,5.0,1.0
LOAN_188,2024-03-16,208.33333333333334,36.83672104707621,5.0,1.0
LOAN_188,2024-04-15,208.33333333333334,36.83672104707621,5.0,1.0
LOAN_188,2024-05-15,208.33333333333334,36.83672104707621,5.0,1.0
LOAN_189,2021-09-12,833.3333333333334,214.8167689417221,5.0,1.0
LOAN_189,2021-10-12,833.3333333333334,214.8167689417221,5.0,1.0
LOAN_189,2021-11-11,833.3333333333334,214.8167689417221,5.0,1.0
LOAN_189,2021-12-11,833.3333333333334,214.8167689417221,5.0,1.0
LOAN_189,2022-01-10,833.3333333333334,214.8167689417221,5.0,1.0
LOAN_189,2022-02-09,833.3333333333334,214.8167689417221,5.0,1.0
LOAN_189,2022-03-11,833.3333333333334,214.8167689417221,5.0,1.0
LOAN_189,2022-04-10,833.3333333333334,214.8167689417221,5.0,1.0
LOAN_189,2022-05-10,833.3333333333334,214.8167689417221,5.0,1.0
LOAN_189,2022-06-09,833.3333333333334,214.8167689417221,5.0,1.0
LOAN_189,2022-07-09,833.3333333333334,214.8167689417221,5.0,1.0
LOAN_189,2022-08-08,833.3333333333334,214.8167689417221,5.0,1.0
LOAN_189,2022-09-07,833.3333333333334,214.8167689417221,5.0,1.0
LOAN_189,2022-10-07,833.3333333333334,214.8167689417221,5.0,1.0
LOAN_189,2022-11-06,833.3333333333334,214.8167689417221,5.0,1.0
LOAN_189,2022-12-06,833.3333333333334,214.8167689417221,5.0,1.0
LOAN_189,2023-01-05,833.3333333333334,214.8167689417221,5.0,1.0
LOAN_189,2023-02-04,833.3333333333334,214.8167689417221,5.0,1.0
LOAN_189,2023-03-06,833.3333333333334,214.8167689417221,5.0,1.0
LOAN_189,2023-04-05,833.3333333333334,214.8167689417221,5.0,1.0
LOAN_189,2023-05-05,833.3333333333334,214.8167689417221,5.0,1.0
LOAN_189,2023-06-04,833.3333333333334,214.8167689417221,5.0,1.0
LOAN_189,2023-07-04,833.3333333333334,214.8167689417221,5.0,1.0
LOAN_189,2023-08-03,833.3333333333334,214.8167689417221,5.0,1.0
LOAN_190,2021-11-01,416.6666666666667,60.79551869776032,5.0,1.0
LOAN_190,2021-12-01,416.6666666666667,60.79551869776032,5.0,1.0
LOAN_190,2021-12-31,416.6666666666667,60.79551869776032,5.0,1.0
LOAN_190,2022-01-30,416.6666666666667,60.79551869776032,5.0,1.0
LOAN_190,2022-03-01,416.6666666666667,60.79551869776032,5.0,1.0
LOAN_190,2022-03-31,416.6666666666667,60.79551869776032,5.0,1.0
LOAN_190,2022-04-30,416.6666666666667,60.79551869776032,5.0,1.0
LOAN_190,2022-05-30,416.6666666666667,60.79551869776032,5.0,1.0
LOAN_190,2022-06-29,416.6666666666667,60.79551869776032,5.0,1.0
LOAN_190,2022-07-29,416.6666666666667,60.79551869776032,5.0,1.0
LOAN_190,2022-08-28,416.6666666666667,60.79551869776032,5.0,1.0
LOAN_190,2022-09-27,416.6666666666667,60.79551869776032,5.0,1.0
LOAN_191,2021-05-06,1666.6666666666667,283.9159046416259,5.0,1.0
LOAN_191,2021-06-05,1666.6666666666667,283.9159046416259,5.0,1.0
LOAN_191,2021-07-05,1666.6666666666667,283.9159046416259,5.0,1.0
LOAN_191,2021-08-04,1666.6666666666667,283.9159046416259,5.0,1.0
LOAN_191,2021-09-03,1666.6666666666667,283.9159046416259,5.0,1.0
LOAN_191,2021-10-03,1666.6666666666667,283.9159046416259,5.0,1.0
LOAN_191,2021-11-02,1666.6666666666667,283.9159046416259,5.0,1.0
LOAN_191,2021-12-02,1666.6666666666667,283.9159046416259,5.0,1.0
LOAN_191,2022-01-01,1666.6666666666667,283.9159046416259,5.0,1.0
LOAN_191,2022-01-31,1666.6666666666667,283.9159046416259,5.0,1.0
LOAN_191,2022-03-02,1666.6666666666667,283.9159046416259,5.0,1.0
LOAN_191,2022-04-01,1666.6666666666667,283.9159046416259,5.0,1.0
LOAN_192,2021-10-15,625.0,194.38227794243846,5.0,1.0
LOAN_192,2021-11-14,625.0,194.38227794243846,5.0,1.0
LOAN_192,2021-12-14,625.0,194.38227794243846,5.0,1.0
LOAN_192,2022-01-13,625.0,194.38227794243846,5.0,1.0
LOAN_192,2022-02-12,625.0,194.38227794243846,5.0,1.0
LOAN_192,2022-03-14,625.0,194.38227794243846,5.0,1.0
LOAN_192,2022-04-13,625.0,194.38227794243846,5.0,1.0
LOAN_192,2022-05-13,625.0,194.38227794243846,5.0,1.0
LOAN_192,2022-06-12,625.0,194.38227794243846,5.0,1.0
LOAN_192,2022-07-12,625.0,194.38227794243846,5.0,1.0
LOAN_192,2022-08-11,625.0,194.38227794243846,5.0,1.0
LOAN_192,2022-09-10,625.0,194.38227794243846,5.0,1.0
LOAN_192,2022-10-10,625.0,194.38227794243846,5.0,1.0
LOAN_192,2022-11-09,625.0,194.38227794243846,5.0,1.0
LOAN_192,2022-12-09,625.0,194.38227794243846,5.0,1.0
LOAN_192,2023-01-08,625.0,194.38227794243846,5.0,1.0
LOAN_192,2023-02-07,625.0,194.38227794243846,5.0,1.0
LOAN_192,2023-03-09,625.0,194.38227794243846,5.0,1.0
LOAN_192,2023-04-08,625.0,194.38227794243846,5.0,1.0
LOAN_192,2023-05-08,625.0,194.38227794243846,5.0,1.0
LOAN_192,2023-06-07,625.0,194.38227794243846,5.0,1.0
LOAN_192,2023-07-07,625.0,194.38227794243846,5.0,1.0
LOAN_192,2023-08-06,625.0,194.38227794243846,5.0,1.0
LOAN_192,2023-09-05,625.0,194.38227794243846,5.0,1.0
LOAN_193,2021-11-25,416.6666666666667,43.711635444766415,5.0,1.0
LOAN_193,2021-12-25,416.6666666666667,43.711635444766415,5.0,1.0
LOAN_193,2022-01-24,416.6666666666667,43.711635444766415,5.0,1.0
LOAN_193,2022-02-23,416.6666666666667,43.711635444766415,5.0,1.0
LOAN_193,2022-03-25,416.6666666666667,43.711635444766415,5.0,1.0
LOAN_193,2022-04-24,416.6666666666667,43.711635444766415,5.0,1.0
LOAN_193,2022-05-24,416.6666666666667,43.711635444766415,5.0,1.0
LOAN_193,2022-06-23,416.6666666666667,43.711635444766415,5.0,1.0
LOAN_193,2022-07-23,416.6666666666667,43.711635444766415,5.0,1.0
LOAN_193,2022-08-22,416.6666666666667,43.711635444766415,5.0,1.0
LOAN_193,2022-09-21,416.6666666666667,43.711635444766415,5.0,1.0
LOAN_193,2022-10-21,416.6666666666667,43.711635444766415,5.0,1.0
LOAN_194,2021-07-09,416.6666666666667,120.10238843662871,5.0,1.0
LOAN_194,2021-08-08,416.6666666666667,120.10238843662871,5.0,1.0
LOAN_194,2021-09-07,416.6666666666667,120.10238843662871,5.0,1.0
LOAN_194,2021-10-07,416.6666666666667,120.10238843662871,5.0,1.0
LOAN_194,2021-11-06,416.6666666666667,120.10238843662871,5.0,1.0
LOAN_194,2021-12-06,416.6666666666667,120.10238843662871,5.0,1.0
LOAN_194,2022-01-05,416.6666666666667,120.10238843662871,5.0,1.0
LOAN_194,2022-02-04,416.6666666666667,120.10238843662871,5.0,1.0
LOAN_194,2022-03-06,416.6666666666667,120.10238843662871,5.0,1.0
LOAN_194,2022-04-05,416.6666666666667,120.10238843662871,5.0,1.0
LOAN_194,2022-05-05,416.6666666666667,120.10238843662871,5.0,1.0
LOAN_194,2022-06-04,416.6666666666667,120.10238843662871,5.0,1.0
LOAN_194,2022-07-04,416.6666666666667,120.10238843662871,5.0,1.0
LOAN_194,2022-08-03,416.6666666666667,120.10238843662871,5.0,1.0
LOAN_194,2022-09-02,416.6666666666667,120.10238843662871,5.0,1.0
LOAN_194,2022-10-02,416.6666666666667,120.10238843662871,5.0,1.0
LOAN_194,2022-11-01,416.6666666666667,120.10238843662871,5.0,1.0
LOAN_194,2022-12-01,416.6666666666667,120.10238843662871,5.0,1.0
LOAN_194,2022-12-31,416.6666666666667,120.10238843662871,5.0,1.0
LOAN_194,2023-01-30,416.6666666666667,120.10238843662871,5.0,1.0
LOAN_194,2023-03-01,416.6666666666667,120.10238843662871,5.0,1.0
LOAN_194,2023-03-31,416.6666666666667,120.10238843662871,5.0,1.0
LOAN_194,2023-04-30,416.6666666666667,120.10238843662871,5.0,1.0
LOAN_194,2023-05-30,416.6666666666667,120.10238843662871,5.0,1.0
LOAN_195,2023-01-28,625.0,138.47576623032649,5.0,1.0
LOAN_195,2023-02-27,625.0,138.47576623032649,5.0,1.0
LOAN_195,2023-03-29,625.0,138.47576623032649,5.0,1.0
LOAN_195,2023-04-28,625.0,138.47576623032649,5.0,1.0
LOAN_195,2023-05-28,625.0,138.47576623032649,5.0,1.0
LOAN_195,2023-06-27,625.0,138.47576623032649,5.0,1.0
LOAN_195,2023-07-27,625.0,138.47576623032649,5.0,1.0
LOAN_195,2023-08-26,625.0,138.47576623032649,5.0,1.0
LOAN_195,2023-09-25,625.0,138.47576623032649,5.0,1.0
LOAN_195,2023-10-25,625.0,138.47576623032649,5.0,1.0
LOAN_195,2023-11-24,625.0,138.47576623032649,5.0,1.0
LOAN_195,2023-12-24,625.0,138.47576623032649,5.0,1.0
LOAN_195,2024-01-23,625.0,138.47576623032649,5.0,1.0
LOAN_195,2024-02-22,625.0,138.47576623032649,5.0,1.0
LOAN_195,2024-03-23,625.0,138.47576623032649,5.0,1.0
LOAN_195,2024-04-22,625.0,138.47576623032649,5.0,1.0
LOAN_195,2024-05-22,625.0,138.47576623032649,5.0,1.0
LOAN_195,2024-06-21,625.0,138.47576623032649,5.0,1.0
LOAN_195,2024-07-21,625.0,138.47576623032649,5.0,1.0
LOAN_195,2024-08-20,625.0,138.47576623032649,5.0,1.0
LOAN_195,2024-09-19,625.0,138.47576623032649,5.0,1.0
LOAN_195,2024-10-19,625.0,138.47576623032649,5.0,1.0
LOAN_195,2024-11-18,625.0,138.47576623032649,5.0,1.0
LOAN_195,2024-12-18,625.0,138.47576623032649,5.0,1.0
LOAN_196,2022-12-20,416.6666666666667,58.70042209499457,5.0,1.0
LOAN_196,2023-01-19,416.6666666666667,58.70042209499457,5.0,1.0
LOAN_196,2023-02-18,416.6666666666667,58.70042209499457,5.0,1.0
LOAN_196,2023-03-20,416.6666666666667,58.70042209499457,5.0,1.0
LOAN_196,2023-04-19,416.6666666666667,58.70042209499457,5.0,1.0
LOAN_196,2023-05-19,416.6666666666667,58.70042209499457,5.0,1.0
LOAN_196,2023-06-18,416.6666666666667,58.70042209499457,5.0,1.0
LOAN_196,2023-07-18,416.6666666666667,58.70042209499457,5.0,1.0
LOAN_196,2023-08-17,416.6666666666667,58.70042209499457,5.0,1.0
LOAN_196,2023-09-16,416.6666666666667,58.70042209499457,5.0,1.0
LOAN_196,2023-10-16,416.6666666666667,58.70042209499457,5.0,1.0
LOAN_196,2023-11-15,416.6666666666667,58.70042209499457,5.0,1.0
LOAN_197,2021-12-01,416.6666666666667,138.78608676336825,5.0,1.0
LOAN_197,2021-12-31,416.6666666666667,138.78608676336825,5.0,1.0
LOAN_197,2022-01-30,416.6666666666667,138.78608676336825,5.0,1.0
LOAN_197,2022-03-01,416.6666666666667,138.78608676336825,5.0,1.0
LOAN_197,2022-03-31,416.6666666666667,138.78608676336825,5.0,1.0
LOAN_197,2022-04-30,416.6666666666667,138.78608676336825,5.0,1.0
LOAN_197,2022-05-30,416.6666666666667,138.78608676336825,5.0,1.0
LOAN_197,2022-06-29,416.6666666666667,138.78608676336825,5.0,1.0
LOAN_197,2022-07-29,416.6666666666667,138.78608676336825,5.0,1.0
LOAN_197,2022-08-28,416.6666666666667,138.78608676336825,5.0,1.0
LOAN_197,2022-09-27,416.6666666666667,138.78608676336825,5.0,1.0
LOAN_197,2022-10-27,416.6666666666667,138.78608676336825,5.0,1.0
LOAN_197,2022-11-26,416.6666666666667,138.78608676336825,5.0,1.0
LOAN_197,2022-12-26,416.6666666666667,138.78608676336825,5.0,1.0
LOAN_197,2023-01-25,416.6666666666667,138.78608676336825,5.0,1.0
LOAN_197,2023-02-24,416.6666666666667,138.78608676336825,5.0,1.0
LOAN_197,2023-03-26,416.6666666666667,138.78608676336825,5.0,1.0
LOAN_197,2023-04-25,416.6666666666667,138.78608676336825,5.0,1.0
LOAN_197,2023-05-25,416.6666666666667,138.78608676336825,5.0,1.0
LOAN_197,2023-06-24,416.6666666666667,138.78608676336825,5.0,1.0
LOAN_197,2023-07-24,416.6666666666667,138.78608676336825,5.0,1.0
LOAN_197,2023-08-23,416.6666666666667,138.78608676336825,5.0,1.0
LOAN_197,2023-09-22,416.6666666666667,138.78608676336825,5.0,1.0
LOAN_197,2023-10-22,416.6666666666667,138.78608676336825,5.0,1.0
LOAN_198,2022-09-07,416.6666666666667,58.26285119231349,5.0,1.0
LOAN_198,2022-10-07,416.6666666666667,58.26285119231349,5.0,1.0
LOAN_198,2022-11-06,416.6666666666667,58.26285119231349,5.0,1.0
LOAN_198,2022-12-06,416.6666666666667,58.26285119231349,5.0,1.0
LOAN_198,2023-01-05,416.6666666666667,58.26285119231349,5.0,1.0
LOAN_198,2023-02-04,416.6666666666667,58.26285119231349,5.0,1.0
LOAN_198,2023-03-06,416.6666666666667,58.26285119231349,5.0,1.0
LOAN_198,2023-04-05,416.6666666666667,58.26285119231349,5.0,1.0
LOAN_198,2023-05-05,416.6666666666667,58.26285119231349,5.0,1.0
LOAN_198,2023-06-04,416.6666666666667,58.26285119231349,5.0,1.0
LOAN_198,2023-07-04,416.6666666666667,58.26285119231349,5.0,1.0
LOAN_198,2023-08-03,416.6666666666667,58.26285119231349,5.0,1.0
LOAN_199,2021-03-19,833.3333333333334,294.11512775189243,5.0,1.0
LOAN_199,2021-04-18,833.3333333333334,294.11512775189243,5.0,1.0
LOAN_199,2021-05-18,833.3333333333334,294.11512775189243,5.0,1.0
LOAN_199,2021-06-17,833.3333333333334,294.11512775189243,5.0,1.0
LOAN_199,2021-07-17,833.3333333333334,294.11512775189243,5.0,1.0
LOAN_199,2021-08-16,833.3333333333334,294.11512775189243,5.0,1.0
LOAN_199,2021-09-15,833.3333333333334,294.11512775189243,5.0,1.0
LOAN_199,2021-10-15,833.3333333333334,294.11512775189243,5.0,1.0
LOAN_199,2021-11-14,833.3333333333334,294.11512775189243,5.0,1.0
LOAN_199,2021-12-14,833.3333333333334,294.11512775189243,5.0,1.0
LOAN_199,2022-01-13,833.3333333333334,294.11512775189243,5.0,1.0
LOAN_199,2022-02-12,833.3333333333334,294.11512775189243,5.0,1.0
LOAN_199,2022-03-14,833.3333333333334,294.11512775189243,5.0,1.0
LOAN_199,2022-04-13,833.3333333333334,294.11512775189243,5.0,1.0
LOAN_199,2022-05-13,833.3333333333334,294.11512775189243,5.0,1.0
LOAN_199,2022-06-12,833.3333333333334,294.11512775189243,5.0,1.0
LOAN_199,2022-07-12,833.3333333333334,294.11512775189243,5.0,1.0
LOAN_199,2022-08-11,833.3333333333334,294.11512775189243,5.0,1.0
LOAN_199,2022-09-10,833.3333333333334,294.11512775189243,5.0,1.0
LOAN_199,2022-10-10,833.3333333333334,294.11512775189243,5.0,1.0
LOAN_199,2022-11-09,833.3333333333334,294.11512775189243,5.0,1.0
LOAN_199,2022-12-09,833.3333333333334,294.11512775189243,5.0,1.0
LOAN_199,2023-01-08,833.3333333333334,294.11512775189243,5.0,1.0
LOAN_199,2023-02-07,833.3333333333334,294.11512775189243,5.0,1.0
LOAN_200,2022-07-10,416.6666666666667,74.81824939700924,5.0,1.0
LOAN_200,2022-08-09,416.6666666666667,74.81824939700924,5.0,1.0
LOAN_200,2022-09-08,416.6666666666667,74.81824939700924,5.0,1.0
LOAN_200,2022-10-08,416.6666666666667,74.81824939700924,5.0,1.0
LOAN_200,2022-11-07,416.6666666666667,74.81824939700924,5.0,1.0
LOAN_200,2022-12-07,416.6666666666667,74.81824939700924,5.0,1.0
LOAN_200,2023-01-06,416.6666666666667,74.81824939700924,5.0,1.0
LOAN_200,2023-02-05,416.6666666666667,74.81824939700924,5.0,1.0
LOAN_200,2023-03-07,416.6666666666667,74.81824939700924,5.0,1.0
LOAN_200,2023-04-06,416.6666666666667,74.81824939700924,5.0,1.0
LOAN_200,2023-05-06,416.6666666666667,74.81824939700924,5.0,1.0
LOAN_200,2023-06-05,416.6666666666667,74.81824939700924,5.0,1.0
LOAN_200,2023-07-05,416.6666666666667,74.81824939700924,5.0,1.0
LOAN_200,2023-08-04,416.6666666666667,74.81824939700924,5.0,1.0
LOAN_200,2023-09-03,416.6666666666667,74.81824939700924,5.0,1.0
LOAN_200,2023-10-03,416.6666666666667,74.81824939700924,5.0,1.0
LOAN_200,2023-11-02,416.6666666666667,74.81824939700924,5.0,1.0
LOAN_200,2023-12-02,416.6666666666667,74.81824939700924,5.0,1.0
LOAN_200,2024-01-01,416.6666666666667,74.81824939700924,5.0,1.0
LOAN_200,2024-01-31,416.6666666666667,74.81824939700924,5.0,1.0
LOAN_200,2024-03-01,416.6666666666667,74.81824939700924,5.0,1.0
LOAN_200,2024-03-31,416.6666666666667,74.81824939700924,5.0,1.0
LOAN_200,2024-04-30,416.6666666666667,74.81824939700924,5.0,1.0
LOAN_200,2024-05-30,416.6666666666667,74.81824939700924,5.0,1.0
